Case ID,Grade,Subject,Fee,General Location,Date,Specific Location,Lessons/Week,Duration,Availability,Other Req,Applicants,Scraped At
217926,中四,物理(英文),每小時$300 - 450,又一村(上門補習),2026-04-13 14:01:38,：又一居,一星期1堂,每堂2小時,"：星期一 1700-2000, 星期二 1700-2000, 導師必須在以上時段補習","： 有耐性, 針對學生弱項, 了解學生不足, 先釐清及理順基礎知識，消除學習障礙,期望最快上課時間:7天內,粵語授課,不接受視像",16-20位導師,14/4/2026 下午8:28:37
217878,小一,中文,每小時$140 - 150,葵興(上門補習),2026-04-12 20:59:09,：光輝圍,一星期2堂,每堂1.5小時,"：星期二 1700-1800, 星期三 1700-1800, 時間可再商議","： 有耐性, 有愛心, 有讀寫障礙,期望最快上課時間:3天內,粵語授課,有特殊學習需要,不接受視像",11-15位導師,14/4/2026 下午8:28:38
217590,中一,數學(中文),每小時$160 - 200,荃灣(上門補習),2026-04-08 00:51:10,：樂悠居,一星期1堂,每堂1.5小時,"：星期五 1700-1900, 星期六 1000-1600, 星期日 1000-1600, 時間可再商議","： 有耐性, 有愛心, 細心, level 4 or above導師；專注力不足,期望最快上課時間:7天內,粵語授課,有特殊學習需要,不接受視像",20位導師以上,14/4/2026 下午8:28:39
217484,中六,資訊及通訊科技(中文),每小時$230 - 250,荃灣(上門補習),2026-04-04 16:34:27,：環宇海灣地鐵站D出口行5分鐘,一星期2堂,每堂1.5小時,"：星期一 1400-1700, 星期二 1100-2200, 星期三 1300-2200, 星期四 1100-2200, 星期五 1300-2200, 星期六 1100-1600, 星期日 1100-1700, 時間可再商議","： 提供練習／試題, 有經驗, 期望最快上課時間:3天內,粵語授課,【中六DSE只收取一堂行政費用】,不接受視像",0-5位導師,14/4/2026 下午8:28:40
217498,year11,Physics(英文),每小時$380 - 450,奧運(上門或視像皆可),2026-04-05 11:15:48,：浪澄灣 (地鐵站5分鐘步程),一星期2堂,每堂2小時,"：星期一 1000-1700, 星期二 1400-1800, 星期三 1000-2000, 星期四 1000-1600, 星期五 1000-1700, 星期六 1300-1600, 星期日 1600-2000, 時間可再商議","： 提供練習／試題, 有經驗, 考IGCSE導師優先, 都會考慮HKDSE導師,可接受視像,上門優先,期望最快上課時間:3天內,會考慮HKDSE導師",20位導師以上,14/4/2026 下午8:28:41
218026,中三,英文,每小時$190 - 220,視像補習,2026-04-14 19:49:26,,一星期1堂,每堂2小時,"：星期四 1700-2000, 星期五 1700-2000, 星期六 1700-2000, 時間可再商議","： 提供練習／試題, 有經驗, 了解學生不足, 期望最快上課時間:7天內,粵語授課",0-5位導師,14/4/2026 下午8:28:43
218025,中三,物理(英文),每小時$170 - 210,紅磡(上門補習),2026-04-14 19:40:33,：紅磡海逸豪園,一星期1堂,每堂1.5小時,"：星期六 1300-1430, 星期日 1300-1430, 時間可再商議","： 有耐性, 提供筆記, 期望最快上課時間:7天內,粵語授課、全英文授課,不接受視像",0-5位導師,14/4/2026 下午8:28:44
218024,小一,全科(英文),每小時$140 - 160,馬鞍山(上門補習),2026-04-14 19:31:53,：海典居馬鞍山地鐵站5分鐘,一星期3堂,每堂2小時,"：星期一 1730, 星期二 1730, 星期三 1730, 星期五 1730, 導師必須在以上時段補習","： 提供練習／試題, 星期1，2，3，5 1730 不接受視像",0-5位導師,14/4/2026 下午8:28:45
218023,K2,拼音 Phonics(英文),每小時$230 - 400,荃灣(上門補習),2026-04-14 19:14:22,：翠濤閣,一星期2堂,每堂1小時,"：星期一 1600-1700, 星期四 1600-1700, 導師必須在以上時段補習","： 全英語上堂, 外國回流導師, 願意支付額外交通金額(HKD): 5.00, 期望最快上課時間:2星期內,不接受視像",0-5位導師,14/4/2026 下午8:28:46
218021,中五,生物(英文),每小時$250 - 300,坑口(上門補習),2026-04-14 18:31:23,：南豐廣場,一星期1堂,每堂1.5小時,"：星期六 0900-1200, 星期日 0900-1200, 時間可再商議","： 有經驗, 女導師,期望最快上課時間:2星期內,粵語授課,不接受視像",0-5位導師,14/4/2026 下午8:28:47
218020,25-30歲,普通話,每小時$130,將軍澳(上門補習),2026-04-14 18:30:56,：尚德邨,一星期2堂,每堂1.5小時,"：星期一 1400-1530, 星期二 1400-1530, 星期四 1400-1530, 導師必須在以上時段補習","： 提供筆記, 細心, 了解學生不足, $200/1.5小時；不接受視像；學生是巴基斯坦人，識講廣東話，想學普通話，主要是說話和閱讀",0-5位導師,14/4/2026 下午8:28:48
218022,中二,綜合科學(英文),每小時$180 - 220,沙田(上門補習),2026-04-14 18:29:18,：瓏珀山,一星期2堂,每堂1.5小時,"：星期二 1630-1800, 星期五 1630-1800, 時間可再商議","： 提供練習／試題, 願意支付額外交通金額(HKD): 30.00, 期望最快上課時間:3天內,粵語授課,急單補習(需要在兩天內開始上第一堂課),不接受視像",0-5位導師,14/4/2026 下午8:28:50
218019,中三,中文,每小時$220 - 240,康城(上門補習),2026-04-14 18:24:55,：Sea To Sky (近地鐵站),一星期1堂,每堂1.5小時,"：星期三 , 星期五 , 時間可再商議","： 有耐性, 提供練習／試題, 長補, 不接受視像",0-5位導師,14/4/2026 下午8:28:51
218018,小二,全科(英文),每小時$200,何文田(上門補習),2026-04-14 18:24:47,：窩打老道,一星期5堂,每堂1小時,,： 不接受視像,0-5位導師,14/4/2026 下午8:28:52
218017,小五,數學(中文),每小時$100 - 120,視像補習,2026-04-14 18:20:07,,一星期1堂,每堂1小時,"：星期日 8-9pm, 時間可再商議","： 提供練習／試題, 提供筆記, 嚴謹，提供筆記",0-5位導師,14/4/2026 下午8:28:53
218016,中四 (2人),數學(中文),每小時$170-220,屯門(公眾地方),2026-04-14 18:15:13,,一星期1堂,每堂1.5小時,,： 不接受視像,6-10位導師,14/4/2026 下午8:28:54
218015,中一,"數學(英文),綜合科學(英文)",每小時$200-220,大坑(上門補習),2026-04-14 18:00:14,：香港大坑利群道,一星期1堂,每堂1.5小時,：,：,0-5位導師,14/4/2026 下午8:28:55
218014,year8,"null,Biology HL(英文)",每小時$280 - 350,何文田(上門補習),2026-04-14 17:45:17,：自由道,一星期2堂,每堂2小時,"：星期二 1930-2000, 星期六 1530-1800, 時間可再商議","： 期望最快上課時間:7天內,不接受視像",0-5位導師,14/4/2026 下午8:28:56
218013,小二,中文,每小時$140 - 180,北角(上門補習),2026-04-14 17:31:31,"：Provident Centre, North Point",一星期2堂,每堂1.5小時,"：星期一 1630, 星期二 1630, 星期三 1630, 星期四 1630, 星期五 1630, 星期六 1100, 星期日 1100, 時間可再商議","： 有耐性, 細心, 引起學生學習興趣, 期望最快上課時間:3天內,粵語授課,不接受視像",0-5位導師,14/4/2026 下午8:28:57
218012,K3,"中文,英文",每小時$150 - 190,天后(上門補習),2026-04-14 17:28:29,：維景台,一星期1堂,每堂2小時,：,"： 期望最快上課時間:2星期內,全英文授課、普通話授課,不接受視像",0-5位導師,14/4/2026 下午8:28:58
218011,小二,全科(中文),每小時$200 - 280,黃埔(上門補習),2026-04-14 16:59:56,：海濱南岸 (紅磡站/ 黃埔站步行),一星期2堂,每堂1小時,,"： 有耐性, 有愛心, 全職導師, 兩位女兒分別就讀小一和小二，都很乖巧，肯聽老師教導，會一起補習，需要一位有耐性,必須按時上堂 [有幼兒教育經驗的現職/曾任幼稚園或小學教師，全職導師]。期望最快上課時間:2星期內,粵語授課,不接受視像",0-5位導師,14/4/2026 下午8:28:59
218010,中三,英文,每小時$270-300,秀茂坪(公眾地方),2026-04-14 16:36:12,：順利宿舍會所,一星期2堂,每堂1.5小時,,"： 想要醫科生導師,不接受視像",0-5位導師,14/4/2026 下午8:29:01
218009,40+歲,英語會話,每小時$170 - 200,視像補習,2026-04-14 16:15:09,,一星期1堂,每堂1小時,：,"： 其他, 5月開始",0-5位導師,14/4/2026 下午8:29:02
218007,中三,生物(英文),每小時$170 - 210,何文田(公眾地方),2026-04-14 15:57:51,：會所,一星期1堂,每堂2小時,,： 不接受視像,0-5位導師,14/4/2026 下午8:29:03
218006,小五,全科(英文),每小時$140 - 250,第一城(上門補習),2026-04-14 15:55:14,：富豪花園,一星期1堂,每堂1.5小時,"：星期一 1700-1900, 星期二 1700-1900, 星期四 1700-1900, 時間可再商議","： 有耐性, 願意支付額外交通金額(HKD): 4.00, 期望最快上課時間:3天內,粵語授課,不接受視像",0-5位導師,14/4/2026 下午8:29:04
218008,小一,英文,每小時$160 - 200,藍田(上門補習),2026-04-14 15:48:43,：廣田邨,一星期2堂,每堂1.5小時,"：星期二 1630-1730, 星期三 1630-1730, 星期四 1630-1730, 時間可再商議","： 提供練習／試題, 緊貼學校進度, 提升閱讀能力, 願意支付額外交通金額(HKD): 20.00, 期望最快上課時間:7天內,粵語授課、全英文授課,不接受視像",0-5位導師,14/4/2026 下午8:29:05
218005,小四,全科(中文),每小時$150 - 190,中環(上門補習),2026-04-14 15:35:02,：骏豪阁,一星期2堂,每堂1.5小時,"：星期一 1700, 星期二 1700, 星期三 1700, 星期四 1700, 星期五 1700, 導師必須在以上時段補習","： 期望最快上課時間:3天內,粵語授課,有特殊學習需要",0-5位導師,14/4/2026 下午8:29:06
218004,中五,資訊及通訊科技(中文),每小時$200 - 240,屯門(上門補習),2026-04-14 15:24:44,：龍門居,一星期1堂,每堂1.5小時,"：星期二 1830-2100, 星期三 1830-2100, 星期四 1830-2100, 星期六 1000-200, 導師必須在以上時段補習","： 有耐性, 提供筆記, 提供練習／試題, 期望最快上課時間:7天內,粵語授課,不接受視像",0-5位導師,14/4/2026 下午8:29:07
218003,中四,中文,每小時$180,視像補習,2026-04-14 15:17:54,,一星期1堂,每堂1.5小時,"：星期一 2000-2130, 導師必須在以上時段補習","： 期望最快上課時間:7天內,粵語授課",6-10位導師,14/4/2026 下午8:29:09
218002,中四,英文,每小時$200 - 240,杏花邨(上門補習),2026-04-14 15:05:00,：杏花邨,一星期1堂,每堂1.5小時,"：星期日 1400-1900, 時間可再商議","： 現職/曾任中小學教師, 期望最快上課時間:7天內,粵語授課,不接受視像",0-5位導師,14/4/2026 下午8:29:10
218001,中六,經濟(英文),每小時$230,視像補習,2026-04-14 14:33:33,,一星期2堂,每堂2小時,"：星期四 1200, 時間可再商議","： 期望最快上課時間:3天內,粵語授課,【中六DSE只收取一星期費用】",0-5位導師,14/4/2026 下午8:29:11
218000,中六,會計(英文),每小時$230,視像補習,2026-04-14 14:29:58,,一星期2堂,每堂2小時,"：星期五 1200, 時間可再商議","： 期望最快上課時間:3天內,粵語授課,【中六DSE只收取一星期費用】",0-5位導師,14/4/2026 下午8:29:12
217998,小三,英文,每小時$160 - 200,筲箕灣(上門補習),2026-04-14 14:25:45,：愛蝶灣,一星期2堂,每堂1.5小時,"：星期一 1630-1730, 時間可再商議","： 期望最快上課時間:2星期內,粵語授課,不接受視像",0-5位導師,14/4/2026 下午8:29:13
217997,中六,物理(中文),每小時$470 - 1200,尖沙咀(公眾地方),2026-04-14 14:22:18,：新文华中心,一星期5堂,每堂2小時,"：星期三 15-17, 星期四 15-17, 時間可再商議","： 有耐性, 期望最快上課時間:3天內,粵語授課、普通話授課,有特殊學習需要,【中六DSE只收取一星期費用】,急單補習(需要在兩天內開始上第一堂課),不接受視像",0-5位導師,14/4/2026 下午8:29:14
217999,40+歲,英語會話,每小時$280 - 350,南昌(上門補習),2026-04-14 14:06:58,：匯璽,一星期2堂,每堂2小時,"：星期一 1900-2100, 星期二 1900-2100, 星期三 1900-2100, 星期四 1900-2100, 導師必須在以上時段補習","： 有經驗, 現職/曾任中小學教師, 外國回流導師, 期望最快上課時間:1個月後,不接受視像",0-5位導師,14/4/2026 下午8:29:15
217996,小二,托兒/幼兒照顧(英文),每小時$180 - 1200,半山(上門補習),2026-04-14 13:41:18,：承德山莊,一星期2堂,每堂2小時,"：星期一 400-1600, 時間可再商議","： 有耐性, 期望最快上課時間:2星期內,不接受視像",6-10位導師,14/4/2026 下午8:29:16
217994,中四,地理(英文),每小時$200,黃大仙(上門補習),2026-04-14 13:15:36,：黃大仙紀律部隊宿舍,一星期1堂,每堂2小時,：,： 不接受視像,0-5位導師,14/4/2026 下午8:29:17
217992,小三,中文,每小時$140 - 200,康城(上門補習),2026-04-14 13:01:54,：Malibu,一星期2堂,每堂1.5小時,"：星期一 1800-1900, 星期二 1800-1900, 星期三 1800-1900, 星期四 1800-1900, 時間可再商議","： 有耐性, 提供筆記, 提供練習／試題, 期望最快上課時間:7天內,粵語授課,急單補習(需要在兩天內開始上第一堂課),不接受視像",6-10位導師,14/4/2026 下午8:29:18
217991,小二,功課(英文),每小時$140 - 180,北角(上門補習),2026-04-14 12:24:26,：富雅花園,一星期5堂,每堂2小時,"：星期一 1530-1730, 星期二 1530-1730, 星期三 1530-1730, 星期四 1530-1730, 星期五 1530-1730, 導師必須在以上時段補習","： 期望最快上課時間:一個月內,粵語授課、全英文授課,不接受視像",0-5位導師,14/4/2026 下午8:29:20
217993,小一,中文,每小時$140 - 250,深水埗(上門補習),2026-04-14 11:35:39,：深水埗,一星期2堂,每堂1.5小時,"：星期一 1615-1730, 星期二 1615-1730, 星期四 1615-1730, 時間可再商議","： 有耐性, 長補, 提升閱讀能力, 識字量很小, 難已應付功課及考試,期望最快上課時間:3天內,粵語授課,不接受視像",11-15位導師,14/4/2026 下午8:29:21
217989,小五,"中文,英文,數學(英文)",每小時$150 - 190,馬鞍山(上門補習),2026-04-14 11:29:06,：䁱峯灣畔,一星期1堂,每堂1.5小時,：,： 1星期1或2堂，每堂補1-2科，不接受視像,0-5位導師,14/4/2026 下午8:29:22
217988,小一,英文,每小時$190 - 230,紅磡(上門補習),2026-04-14 11:28:47,：寶新大廈(地鐵站 **分開）,一星期2堂,每堂1小時,：,： 不接受視像。有補初小，或幼稚園經驗、教英文經驗；補底,6-10位導師,14/4/2026 下午8:29:23
217990,小四 (2人),全科(中文),每小時$150,黃埔(上門補習),2026-04-14 11:25:48,：whampoa garden,一星期3堂,每堂2小時,"：星期一 10-12, 星期二 10-12, 星期三 10-12, 星期四 10-12, 星期五 10-12, 時間可再商議","： 嚴格, 幫助操練, 期望最快上課時間:1個月後,普通話授課,不接受視像",6-10位導師,14/4/2026 下午8:29:24
217987,小四,全科(中文),每小時$200 - 240,西貢(上門補習),2026-04-14 11:10:44,"：LOhas park, TKO",一星期1堂,每堂1.5小時,"：星期二 1600-2000, 星期四 1600-2000, 時間可再商議","： 期望最快上課時間:3天內,粵語授課、普通話授課,不接受視像",6-10位導師,14/4/2026 下午8:29:25
217986,小六,中文,每小時$140 - 170,寶琳(上門補習),2026-04-14 10:53:26,：新都城,一星期1堂,每堂1小時,,"： 有耐性, 提供練習／試題, 專補中文,不接受視像",0-5位導師,14/4/2026 下午8:29:26
218034,中四,數學(中文),每小時$230,屯門(上門補習),2026-04-14 22:02:41,：和田,一星期2堂,每堂2小時,"：星期六 1400-1600, 星期日 1400-1600, 導師必須在以上時段補習","： 有耐性, 提供練習／試題, 有經驗, 期望最快上課時間:一個月內,粵語授課,不接受視像",0-5位導師,14/4/2026 下午10:14:32
218033,小六,英文,每小時$220,粉嶺(上門補習),2026-04-14 21:32:29,：皇后山邨,一星期2堂,每堂1.5小時,"：星期二 1700-1800, 星期四 1700-1800, 星期五 1700-1800, 時間可再商議","： 讀寫問題,期望最快上課時間:2星期內,粵語授課,有特殊學習需要,不接受視像",0-5位導師,14/4/2026 下午10:14:33
218031,中四,數學(中文),每小時$170-220,葵盛(上門補習),2026-04-14 21:32:10,：葵盛東邨,一星期1堂,每堂1.5小時,,： 不接受視像,0-5位導師,14/4/2026 下午10:14:34
218032,中四,英文,每小時$250 - 290,屯門(公眾地方),2026-04-14 21:30:26,,一星期1堂,每堂2小時,"：星期六 2-4, 時間可再商議","： 有耐性, 期望最快上課時間:一個月內,粵語授課,不接受視像",0-5位導師,14/4/2026 下午10:14:35
218030,35-40歲,英文,每小時$220 - 350,沙田(公眾地方),2026-04-14 21:14:11,,一星期1堂,每堂1.5小時,"：星期一 100, 導師必須在以上時段補習","： 有學習障礙,期望最快上課時間:1個月後,粵語授課,有特殊學習需要,不接受視像",0-5位導師,14/4/2026 下午10:14:36
218029,中一,數學(中文),每小時$150 - 200,深水埗(上門補習),2026-04-14 21:13:14,：睿峰,一星期1堂,每堂1.5小時,,"： 最少1年以上教學經驗,不接受視像",0-5位導師,14/4/2026 下午10:14:37
218028,中三,"數學(英文),物理(英文)",每小時$170 - 210,將軍澳(上門補習),2026-04-14 20:57:47,：新都城三期,一星期2堂,每堂1.5小時,"：星期一 1800-1930, 星期三 1800-1930, 星期六 1130-1300, 導師必須在以上時段補習","： 有耐性, 針對學生弱項, 期望最快上課時間:3天內,粵語授課、全英文授課,不接受視像",0-5位導師,14/4/2026 下午10:14:39
218027,中五,生物(英文),每小時$200 - 300,視像補習,2026-04-14 20:40:09,,一星期2堂,每堂2小時,"：星期一 1700-2100, 星期二 1700-2100, 星期三 1700-2100, 星期四 1700-2100, 星期五 1700-2100, 星期六 1800-2200, 星期日 1100-2000, 時間可再商議","： 期望最快上課時間:2星期內,粵語授課、全英文授課,急單補習(需要在兩天內開始上第一堂課)",6-10位導師,14/4/2026 下午10:14:40
218042,中四,英文,每小時$200 - 300,九龍灣(上門補習),2026-04-14 23:20:07,：德福大廈,一星期2堂,每堂1.5小時,"：星期四 1800-1930, 星期五 1800-1930, 時間可再商議","： 期望最快上課時間:3天內,粵語授課、普通話授課,不接受視像",0-5位導師,14/4/2026 下午11:44:12
218041,小四,全科(中文),每小時$200 - 240,黃竹坑(公眾地方),2026-04-14 23:15:32,：Southside,一星期1堂,每堂1.5小時,"：星期六 11-12, 時間可再商議","： 有耐性, 提供筆記, 提供練習／試題, 期望最快上課時間:2星期內,粵語授課,不接受視像",0-5位導師,14/4/2026 下午11:44:13
218040,中三,生物(英文),每小時$170 - 300,堅尼地城(上門補習),2026-04-14 22:40:56,：地鐵站行5分鐘,一星期1堂,每堂1.5小時,"：星期三 1800, 星期四 1930, 時間可再商議","： 提供練習／試題, 期望最快上課時間:3天內,粵語授課、全英文授課,不接受視像",0-5位導師,14/4/2026 下午11:44:14
218039,中四 (5人),英文,每小時$200 - 290,"九龍城,旺角,太子(公眾地方)",2026-04-14 22:34:08,,一星期1堂,每堂1.5小時,"：星期六 1000-1130, 時間可再商議","： 期望最快上課時間:一個月內,粵語授課,不接受視像",6-10位導師,14/4/2026 下午11:44:15
218038,K2,英文,每小時$160 - 200,將軍澳(上門補習),2026-04-14 22:31:18,：capri，由將軍澳或調景嶺地鐵站步行8分鐘，亦可轉乘小巴,一星期2堂,每堂1小時,"：星期六 1000-1400, 星期日 1000-1400, 時間可再商議","： 期望最快上課時間:2星期內,全英文授課,不接受視像",0-5位導師,14/4/2026 下午11:44:16
218036,中四,英文,每小時$200-250,深水埗(上門補習),2026-04-14 22:28:04,：蘇屋邨,一星期2堂,每堂1.5小時,"：星期一 17-20, 星期二 17-20, 星期三 17-20, 星期四 17-20, 星期五 17-20, 星期六 10-20, 星期日 10-20",： 不接受視像,0-5位導師,14/4/2026 下午11:44:18
218037,中五,數學(英文),每小時$250 - 350,屯門(公眾地方),2026-04-14 22:20:51,：新屯門中心,一星期1堂,每堂2小時,"：星期六 1500-1600, 時間可再商議","： 有耐性, 提供練習／試題, 指導功課, 有讀寫障礙,期望最快上課時間:7天內,粵語授課,有特殊學習需要,不接受視像",6-10位導師,14/4/2026 下午11:44:19
218035,中四,"化學(英文),生物(英文)",每小時$180 - 220,大圍(上門補習),2026-04-14 22:05:01,：金獅花園,一星期1堂,每堂1.5小時,"：星期六 1600-1900, 星期日 1100-1600, 導師必須在以上時段補習","： 能補化學及生物兩科女導師,期望最快上課時間:3天內,粵語授課,不接受視像",0-5位導師,14/4/2026 下午11:44:20
218045,中六,英文,每小時$260 - 300,上環(公眾地方),2026-04-15 00:07:02,,一星期2堂,每堂1.5小時,"：星期一 1500-1600, 時間可再商議","： 有經驗, 期望最快上課時間:一個月內,粵語授課,【中六DSE只收取一星期費用】,不接受視像",0-5位導師,15/4/2026 上午12:49:55
218044,中四,中文,每小時$200 - 240,九龍灣(上門補習),2026-04-14 23:59:46,：淘大花園,一星期1堂,每堂1.5小時,"：星期二 1700-1800, 星期四 1700-1800, 時間可再商議","： 期望最快上課時間:2星期內,粵語授課,不接受視像",0-5位導師,15/4/2026 上午12:49:56
218043,中四,生物(英文),每小時$180 - 300,荃灣(上門或視像皆可),2026-04-14 23:52:04,：樂悠居,一星期1堂,每堂1.5小時,"：星期六 1700-2000, 星期日 2000-2200, 導師必須在以上時段補習","： 提供練習／試題, 針對學生弱項, 神科生優先($250/hr 起), 德望學生，校内測驗不及格，基础薄弱，不懂答題,期望最快上課時間:7天內,粵語授課、全英文授課",0-5位導師,15/4/2026 上午12:49:57
218046,小五,英文,每小時$170 - 210,將軍澳(上門補習),2026-04-15 01:42:40,：the parkside,一星期2堂,每堂1.5小時,"：星期二 1600-1800, 星期四 1600-1800, 星期六 1100-1300, 時間可再商議","： 外國回流導師, 針對學生弱項, 提升寫作能力, 期望最快上課時間:3天內,全英文授課,不接受視像",0-5位導師,15/4/2026 上午1:57:02
218047,中五,中文,每小時$200 - 240,坑口(公眾地方),2026-04-15 02:29:37,：海悅豪園(地鐵站對面),一星期2堂,每堂2小時,"：星期六 1500-1900, 星期日 1500-1900, 時間可再商議","： 期望最快上課時間:3天內,粵語授課,不接受視像",0-5位導師,15/4/2026 上午3:27:57
218057,中四,地理(英文),每小時$200,鴨脷洲(上門補習),2026-04-15 11:37:05,：悅海華庭,一星期1堂,每堂2小時,,"： 這學期必須在香港, 針對學生弱項, 可剛完成DSE課程中六學生，希望提供筆記，練習，講解,導師要主動講嘢，唔好等我女去問，學生底較弱，期望最快上課時間:7天內,粵語授課,不接受視像",0-5位導師,15/4/2026 上午11:40:37
218056,中六,化學(中文),每小時$250 - 330,九龍塘(上門或視像皆可),2026-04-15 11:28:46,：逸瓏,一星期1堂,每堂1.5小時,"：星期五 1900-2030, 時間可再商議","： 有耐性, 提供練習／試題, 有經驗, 期望最快上課時間:2星期內,普通話授課,【中六DSE只收取一星期費用】",0-5位導師,15/4/2026 上午11:40:39
218055,中三,中文,每小時$180 - 230,天后(上門補習),2026-04-15 11:25:52,：水星街,一星期1堂,每堂1.5小時,,"： 有耐性, 長補, 有經驗, 不接受視像",0-5位導師,15/4/2026 上午11:40:40
218054,中五,經濟(英文),每小時$220 - 500,何文田(上門補習),2026-04-15 11:12:39,：半山壹號,一星期1堂,每堂1.5小時,,： 不接受視像,0-5位導師,15/4/2026 上午11:40:41
218052,小五,"中文,數學(英文)",每小時$150,沙田(上門補習),2026-04-15 10:31:31,：多石村,一星期2堂,每堂1.5小時,：,： 不接受視像，短補，指定日子（5月13號，15號，17號，19號，21號，同27號）每日1-1.5小時,0-5位導師,15/4/2026 上午11:40:42
218051,K2,英文,每小時$500 - 550,大埔(上門補習),2026-04-15 10:28:37,：海日灣,一星期2堂,每堂1小時,"：星期三 1000-1100, 星期四 1700-1800, 導師必須在以上時段補習","： 期望最快上課時間:7天內,不接受視像",0-5位導師,15/4/2026 上午11:40:43
218050,中四,英文,每小時$200 - 290,"九龍城,旺角,太子(公眾地方)",2026-04-15 10:22:40,,一星期1堂,每堂1.5小時,,"： 期望最快上課時間:一個月內,粵語授課,不接受視像",0-5位導師,15/4/2026 上午11:40:44
218049,中四,生物(英文),每小時$180 - 250,杏花邨(上門補習),2026-04-15 10:13:16,：杏花邨,一星期1堂,每堂1.5小時,"：星期三 1700-1900, 星期六 15-18, 時間可再商議","： 提供練習／試題, 長補, 生物科DSE 5* 或以上,期望最快上課時間:7天內,粵語授課,不接受視像",0-5位導師,15/4/2026 上午11:40:45
218053,中五 (2人),物理(英文),每小時$120 - 280,北角(上門補習),2026-04-15 09:47:19,：柏蔚山,一星期2堂,每堂2小時,"：星期二 1730-1900, 星期五 1730-1900, 星期六 1130-1300, 時間可再商議","： 有耐性, 提供練習／試題, 細心, 期望最快上課時間:3天內,粵語授課,不接受視像",0-5位導師,15/4/2026 上午11:40:47
218048,中四,數學(英文),每小時$230 - 270,屯門(上門補習),2026-04-15 08:36:24,：愛琴海岸,一星期1堂,每堂1.5小時,"：星期二 1730-1900, 星期三 1730-1900, 星期四 1730-1900, 導師必須在以上時段補習","： 有耐性, 提供練習／試題, 有經驗, 期望最快上課時間:7天內,全英文授課,不接受視像",0-5位導師,15/4/2026 上午11:40:48
218064,中三,英文,每小時$450 - 550,西貢(上門補習),2026-04-15 13:43:14,：西貢,一星期0.5堂,每堂2小時,：,"： 有耐性, 提供練習／試題, 其他, 【外藉導師(NET Teacher)】、住西貢區(Live in Sai Kung District)，小朋友想𨍭英文學校；不接受視像",0-5位導師,15/4/2026 下午1:51:48
218065,中三,中文,每小時$170 - 210,彩虹(上門或視像皆可),2026-04-15 13:36:05,：峻弦,一星期2堂,每堂1.5小時,"：星期四 1700-1900, 時間可再商議","： 有耐性, 提供筆記, 提供練習／試題, 願意支付額外交通金額(HKD): 10.00, 專注力差，只有中一以下的中文程度,期望最快上課時間:7天內,粵語授課,有特殊學習需要",0-5位導師,15/4/2026 下午1:51:49
218063,小三,英文,每小時$160 - 200,九龍灣(上門補習),2026-04-15 13:06:06,：Kai Tai Court,一星期2堂,每堂1.5小時,"：星期二 1600-1730, 星期四 1600-1730, 時間可再商議","： 期望最快上課時間:7天內,粵語授課,不接受視像",0-5位導師,15/4/2026 下午1:51:51
218062,中三,中文,每小時$170 - 240,大埔(上門補習),2026-04-15 12:35:10,：Fu Shin Estate,一星期1堂,每堂1.5小時,,"： 有耐性, 提供練習／試題, 長補, 其他, 需試堂(試堂失敗亦可獲得一半學費),不接受視像",0-5位導師,15/4/2026 下午1:51:52
218061,小二,功課(英文),每小時$140 - 180,大埔(上門補習),2026-04-15 12:05:41,：大埔營盤下村,一星期1堂,每堂1.5小時,"：星期六 1700-1800, 時間可再商議","： 有耐性, 提供筆記, 提供練習／試題, 期望最快上課時間:2星期內,粵語授課,不接受視像",0-5位導師,15/4/2026 下午1:51:53
218060,中四,物理(英文),每小時$200 - 240,杏花邨(上門補習),2026-04-15 12:04:51,：杏花邨,一星期1堂,每堂1.5小時,,"： 期望最快上課時間:7天內,粵語授課,不接受視像",0-5位導師,15/4/2026 下午1:51:54
218059,小五,全科(英文),每小時$170 - 180,元朗(上門補習),2026-04-15 11:56:38,,一星期1堂,每堂1.5小時,,"： 主力補數學(英文卷)；有補開小學生經驗，有愛心&耐性&鼓勵讚賞式教學,不接受視像",0-5位導師,15/4/2026 下午1:51:55
218058,中六,西史(中文),每小時$230 - 250,九龍灣(公眾地方),2026-04-15 11:42:02,,一星期3堂,每堂2小時,"：星期一 900-2000, 星期二 900-2000, 星期三 900-2000, 星期四 900-2000, 星期五 900-2000, 星期六 900-2000, 星期日 900-2000, 時間可再商議","： 嚴格, 提升解題技巧, 期望最快上課時間:3天內,粵語授課,【中六DSE只收取一星期費用】,不接受視像",0-5位導師,15/4/2026 下午1:51:57
218069,中三,綜合科學(英文),每小時$250 - 300,青衣(上門補習),2026-04-15 15:09:56,：灝景灣,一星期2堂,每堂1.5小時,"：星期一 1900-2100, 星期二 1900-2100, 星期三 1900-2100, 星期四 1900-2100, 星期五 1900-2100, 星期六 1600-2100, 星期日 0900-1800, 時間可再商議","： 提供筆記, 提供練習／試題, 緊貼學校進度, 期望最快上課時間:7天內,粵語授課、全英文授課,不接受視像",0-5位導師,15/4/2026 下午3:23:20
218067,中三,英文,每小時$200 - 250,粉嶺(上門補習),2026-04-15 14:56:19,：華明村,一星期1堂,每堂1.5小時,,"： 有經驗, 期望最快上課時間:7天內,粵語授課、全英文授課,不接受視像",0-5位導師,15/4/2026 下午3:23:21
218068,小五,全科(英文),每小時$150 - 190,將軍澳(上門補習),2026-04-15 14:54:39,：坑口,一星期2堂,每堂1.5小時,"：星期五 1600-1700, 時間可再商議","： 提供練習／試題, 期望最快上課時間:3天內,有特殊學習需要,不接受視像",0-5位導師,15/4/2026 下午3:23:22
218066,小四,中文,每小時$200 - 240,元朗(上門補習),2026-04-15 14:15:55,：新田,一星期1堂,每堂1.5小時,"：星期六 1600-1800, 星期日 1300-1800, 時間可再商議","： 有耐性, 期望最快上課時間:2星期內,粵語授課、普通話授課,不接受視像",0-5位導師,15/4/2026 下午3:23:23
218076,中五,英文,每小時$220 - 260,柴灣(公眾地方),2026-04-15 16:36:55,,一星期1堂,每堂2小時,"：星期三 1700-1900, 星期四 1700-1900, 星期六 1400-1800, 時間可再商議","： 期望最快上課時間:一個月內,粵語授課,不接受視像",0-5位導師,15/4/2026 下午5:01:43
218074,year6,"數學(英文),化學(英文)",每小時$280 - 410,半山(上門或視像皆可),2026-04-15 16:26:48,：世紀大廈二座,一星期1堂,每堂1.5小時,：,： 不接受視像,0-5位導師,15/4/2026 下午5:01:44
218075,小一,全科(中文),每小時$140 - 180,大圍(上門補習),2026-04-15 16:20:51,：顯徑,一星期2堂,每堂1.5小時,"：星期二 1830-1930, 星期五 1800-1900, 時間可再商議","： 期望最快上課時間:2星期內,粵語授課,不接受視像",0-5位導師,15/4/2026 下午5:01:45
218073,中一,中文,每小時$300 - 400,視像補習,2026-04-15 16:16:21,,一星期2堂,每堂1小時,"：星期一 1600-1900, 星期二 1600-1900, 星期三 1600-1900, 星期四 1600-1900, 星期五 1600-1900, 時間可再商議","： 現職/曾任中小學教師, 對中文缺乏興趣，校内成績嚴重不及格。,期望最快上課時間:3天內,粵語授課",0-5位導師,15/4/2026 下午5:01:46
218072,中五,中文,每小時$200 - 500,九龍城(上門補習),2026-04-15 16:10:29,：何文田,一星期2堂,每堂1.5小時,"：星期日 1000-1700, 時間可再商議","： 願意支付額外交通金額(HKD): 20.00, 期望最快上課時間:7天內,粵語授課、普通話授課,不接受視像",0-5位導師,15/4/2026 下午5:01:47
218071,中五,英文,每小時$220 - 260,銅鑼灣(公眾地方),2026-04-15 16:06:12,：中央圖書館,一星期1堂,每堂1.5小時,"：星期四 1730-1900, 導師必須在以上時段補習","： 期望最快上課時間:7天內,粵語授課,不接受視像",0-5位導師,15/4/2026 下午5:01:49
218077,中五 (2人),數學(英文),每小時$200 - 250,沙田(上門補習),2026-04-15 15:53:06,：顯徑,一星期1堂,每堂2小時,"：星期四 1630-1830, 時間可再商議","： 提供筆記, 提供練習／試題, 針對學生弱項, 期望最快上課時間:2星期內,粵語授課,不接受視像",6-10位導師,15/4/2026 下午5:01:50
218070,小二,全科(英文),每小時$150-220,荃灣(上門補習),2026-04-15 15:26:45,：環宇海灣,一星期4堂,每堂1.5小時,"：星期一 /1700-1830, 星期三 /1700-1830, 星期四 /1700-1830, 星期五 /1700-1830",： 不接受視像,0-5位導師,15/4/2026 下午5:01:51
218087,中一,中文,每小時$160 - 200,新蒲崗(上門補習),2026-04-15 18:31:24,：The Latitude,一星期1堂,每堂1.5小時,"：星期六 1030-1200, 時間可再商議","： 有耐性, 中文作文需要幫助,期望最快上課時間:7天內,粵語授課、普通話授課,不接受視像",0-5位導師,15/4/2026 下午6:37:08
218086,中五,數學(英文),每小時$200,將軍澳(上門或視像皆可),2026-04-15 18:25:50,：香港将军澳唐俊街The Parkside 第*座The Parkside,一星期1堂,每堂1小時,：,"： 女導師, 如導師能面授上門最好，可以請備注",0-5位導師,15/4/2026 下午6:37:09
218085,小五,全科(中文),每小時$150 - 250,大埔(上門補習),2026-04-15 18:10:11,：嵐山,一星期2堂,每堂2小時,"：星期一 1645-1845, 星期五 1645-1845, 星期六 1645-1845, 時間可再商議","： 中文弱,期望最快上課時間:7天內,粵語授課,急單補習(需要在兩天內開始上第一堂課),不接受視像",0-5位導師,15/4/2026 下午6:37:10
218084,中二,化學(英文),每小時$160 - 220,沙田(公眾地方),2026-04-15 17:54:27,,一星期2堂,每堂1.5小時,"：星期三 1830-1730, 時間可再商議","： 提供筆記, 提供練習／試題, 期望最快上課時間:2星期內,粵語授課、全英文授課,不接受視像",0-5位導師,15/4/2026 下午6:37:12
218083,小四,英文,每小時$220,青衣(上門補習),2026-04-15 17:53:53,：長青邨,一星期1堂,每堂1.5小時,"：星期五 2000-2100, 星期日 1100-1200, 時間可再商議","： 期望最快上課時間:7天內,粵語授課,不接受視像",0-5位導師,15/4/2026 下午6:37:13
218082,中五,英文,每小時$270 - 310,"大嶼山,東涌(公眾地方)",2026-04-15 17:43:58,,一星期2堂,每堂2小時,"：星期六 1300-1500, 星期日 1300-1500, 時間可再商議","： 期望最快上課時間:一個月內,粵語授課、全英文授課、普通話授課,不接受視像",0-5位導師,15/4/2026 下午6:37:14
218081,中四,會計(中文),每小時$220 - 300,將軍澳(上門補習),2026-04-15 17:33:03,：將軍澳村(村屋),一星期1堂,每堂2小時,：,： 【不接受視像、公眾地方】,0-5位導師,15/4/2026 下午6:37:15
218080,中四,會計(英文),每小時$190 - 250,尖沙咀(上門或視像皆可),2026-04-15 17:28:57,：聖馬利,一星期1堂,每堂1.5小時,：,"： 有經驗, 要有經驗的導師",6-10位導師,15/4/2026 下午6:37:16
218079,中四,經濟(中文),每小時$220 - 300,將軍澳(上門補習),2026-04-15 17:18:06,：將軍澳村(村屋),一星期1堂,每堂2小時,：,： 【不接受視像、公眾地方】,0-5位導師,15/4/2026 下午6:37:17
218091,中四,數學(中文),每小時$230,洪水橋(上門補習),2026-04-15 19:09:29,：洪福邨,一星期2堂,每堂1.5小時,"：星期六 1530-1700, 導師必須在以上時段補習","： 有耐性, 期望最快上課時間:3天內,粵語授課,不接受視像",0-5位導師,15/4/2026 下午7:39:02
218090,小二,中文,每小時$140 - 180,荃灣(上門補習),2026-04-15 18:53:31,：寶石大廈,一星期2堂,每堂2小時,"：星期一 1600, 星期二 1600, 星期三 1600, 星期四 1700, 星期五 1600, 星期六 1100, 星期日 1100, 時間可再商議","： 有讀寫障礙,期望最快上課時間:一個月內,粵語授課,有特殊學習需要",0-5位導師,15/4/2026 下午7:39:04
218089,中六,經濟(中文),每小時$120 - 310,天水圍(上門補習),2026-04-15 18:51:04,：天恆邨,一星期2堂,每堂2小時,"：星期一 9-12, 星期二 9-12, 星期三 9-12, 導師必須在以上時段補習","： 提供練習／試題, 期望最快上課時間:3天內,粵語授課,【中六DSE只收取一星期費用】,不接受視像",0-5位導師,15/4/2026 下午7:39:05
218088,小五,"中文,數學(中文)",每小時$140 - 180,小西灣(上門補習),2026-04-15 18:37:57,：富欣花園,一星期1堂,每堂1.5小時,,"： 有補習經驗，懂得教授學術技巧，有耐性，能提供補充練習的導師；協助應付呈分試,不接受視像",0-5位導師,15/4/2026 下午7:39:06
218092,中四 (2人),生物(英文),每小時$180 - 220,黃大仙(上門補習),2026-04-15 20:17:22,：黃大仙,一星期1堂,每堂2小時,"：星期三 1700-2000, 星期五 1700-2000, 導師必須在以上時段補習","： 有耐性, 提供筆記, 細心, 期望最快上課時間:2星期內,粵語授課,不接受視像",0-5位導師,15/4/2026 下午8:46:12
218104,中四,英文,每小時$200 - 270,粉嶺(上門補習),2026-04-15 22:11:34,：粉嶺,一星期1堂,每堂1.5小時,,： 不接受視像,0-5位導師,15/4/2026 下午10:22:05
218103,中四,生物(英文),每小時$250 - 300,大埔(公眾地方),2026-04-15 22:07:48,：白石角海日湾*期會所,一星期1堂,每堂1.5小時,：,"： 有耐性, 有耐性, 周一/二/四/五晚7:00後補， 5*以上,不接受視像",0-5位導師,15/4/2026 下午10:22:06
218102,K2,數學(中文),每小時$130 - 190,將軍澳(上門補習),2026-04-15 22:01:00,：天晉,一星期1堂,每堂1小時,"：星期二 930-1030, 時間可再商議","： 有耐性, 提供筆記, 有經驗, 期望最快上課時間:2星期內,粵語授課,不接受視像",0-5位導師,15/4/2026 下午10:22:07
218101,中五,生物(英文),每小時$200 - 240,馬鞍山(公眾地方),2026-04-15 21:39:13,：海栢花園,一星期1堂,每堂1.5小時,"：星期一 1730-1830, 星期二 1730-1830, 星期三 1730-1830, 時間可再商議","： 提供筆記, 提供練習／試題, 了解學生不足, 期望最快上課時間:7天內,粵語授課、全英文授課,不接受視像",0-5位導師,15/4/2026 下午10:22:09
218099,中三,"地理(英文),生物(英文)",每小時$220 - 250,太古城(公眾地方),2026-04-15 21:29:12,：星巴客,一星期1堂,每堂1.5小時,,： 不接受視像,0-5位導師,15/4/2026 下午10:22:10
218100,小二,英文,每小時$210 - 250,數碼港(上門補習),2026-04-15 21:25:04,：贝沙湾,一星期1堂,每堂1.5小時,"：星期一 19-20, 導師必須在以上時段補習","： 提升寫作能力, 期望最快上課時間:一個月內,全英文授課,不接受視像",0-5位導師,15/4/2026 下午10:22:11
218097,中二,中文,每小時$160 - 200,慈雲山(上門補習),2026-04-15 21:19:33,：慈愛苑,一星期1堂,每堂1.5小時,"：星期三 2000-2130, 星期四 2000-2130, 導師必須在以上時段補習","： 提供筆記, 提供練習／試題, 有愛心, 期望最快上課時間:2星期內,粵語授課,不接受視像",0-5位導師,15/4/2026 下午10:22:12
218098,中二,數學(英文),每小時$160 - 200,慈雲山(上門補習),2026-04-15 21:19:33,：慈愛苑,一星期1堂,每堂1.5小時,"：星期三 2000-2130, 星期四 2000-2130, 導師必須在以上時段補習","： 提供筆記, 提供練習／試題, 有愛心, 期望最快上課時間:2星期內,粵語授課,不接受視像",0-5位導師,15/4/2026 下午10:22:13
218096,中三,化學(英文),每小時$170 - 210,九龍城(上門補習),2026-04-15 21:16:44,：德朗邨,一星期1堂,每堂1.5小時,"：星期二 1700-1830, 星期三 1700-1830, 時間可再商議","： 提供筆記, 提供練習／試題, 全英語上堂, 期望最快上課時間:7天內,全英文授課,不接受視像",0-5位導師,15/4/2026 下午10:22:13
218095,中二,數學(英文),每小時$160 - 200,石硤尾(上門補習),2026-04-15 21:16:18,：南山邨,一星期1堂,每堂1.5小時,"：星期四 1800, 星期五 1800, 時間可再商議","： 期望最快上課時間:7天內,粵語授課,不接受視像",6-10位導師,15/4/2026 下午10:22:15
218093,year10,Science(英文),每小時$260-350,視像補習,2026-04-15 21:10:52,,一星期2堂,每堂1小時,：,： IGCSE Science（Cambridge）英文授課,0-5位導師,15/4/2026 下午10:22:16
218094,中四,物理(中文),每小時$180 - 220,秀茂坪(上門補習),2026-04-15 20:59:47,：Hiu lai court,一星期2堂,每堂2小時,"：星期三 1800-2000, 時間可再商議","： 有耐性, 提供練習／試題, 長補, 期望最快上課時間:7天內,粵語授課,有特殊學習需要,急單補習(需要在兩天內開始上第一堂課),不接受視像",0-5位導師,15/4/2026 下午10:22:17
218107,小五,中文,每小時$170 - 210,視像補習,2026-04-15 23:17:12,,一星期2堂,每堂1.5小時,"：星期五 1700-1800, 星期六 1000-1100, 時間可再商議","： 期望最快上課時間:7天內,粵語授課",6-10位導師,15/4/2026 下午11:45:57
218108,小五,英文,每小時$170 - 210,視像補習,2026-04-15 23:17:12,,一星期2堂,每堂1.5小時,"：星期五 1700-1800, 星期六 1000-1100, 時間可再商議","： 期望最快上課時間:7天內,粵語授課",6-10位導師,15/4/2026 下午11:45:59
218106,小一,數學(中文),每小時$200 - 300,柯士甸(上門補習),2026-04-15 22:32:46,：九龍站上蓋,一星期1堂,每堂1.5小時,"：星期一 1600-1800, 星期二 1600-1800, 星期三 1600-1800, 星期五 1600-1800, 星期六 1430-1800, 導師必須在以上時段補習","： 有耐性, • 孩子對數字有很強的敏感度，喜歡主動研究質數、時差等數字現象，已自行掌握加減乘除。 • 目前在上學而思大班，喜歡接觸不同數學模塊和課後拓展題，但我們希望教學能更注重真正數學思維的培養，而非純套路訓練或大量機械練習。 • 學校數學對他來說已經「吃不飽」，希望私教能提供更多深度探索，同時保護他對數學的內在興趣和快樂感。,期望最快上課時間:3天內,普通話授課,不接受視像",0-5位導師,15/4/2026 下午11:46:00
218105,中五,M1(英文),每小時$200 - 240,荔景(上門補習),2026-04-15 22:28:01,：浩景臺,一星期1堂,每堂2小時,"：星期五 1730-1930, 導師必須在以上時段補習","： 願意支付額外交通金額(HKD): 20.00, 期望最快上課時間:2星期內,粵語授課,不接受視像",0-5位導師,15/4/2026 下午11:46:01
218111,中四,AI 學習(英文),每小時$180 - 350,視像補習,2026-04-16 00:12:12,,一星期1堂,每堂1.5小時,"：星期六 1100-1230, 時間可再商議","： 有耐性, 提供筆記, 有經驗, 期望最快上課時間:7天內",0-5位導師,16/4/2026 上午12:46:33
218110,中四,經濟(英文),每小時$230 - 270,東涌(公眾地方),2026-04-16 00:04:26,：starbucks,一星期2堂,每堂1.5小時,"：星期三 1900-2000, 星期五 1900-2000, 星期日 1900-2000, 時間可再商議","： 提供筆記, 提供練習／試題, 期望最快上課時間:3天內,粵語授課、全英文授課,不接受視像",0-5位導師,16/4/2026 上午12:46:34
218109,中五,中文,每小時$200 - 240,視像補習,2026-04-15 23:56:32,,一星期1堂,每堂1.5小時,"：星期六 2000-2130, 時間可再商議","： 期望最快上課時間:2星期內,粵語授課",6-10位導師,16/4/2026 上午12:46:35
218112,中二,數學(英文),每小時$180,荃灣(上門補習),2026-04-16 01:29:52,：石圍角邨,一星期2堂,每堂1.5小時,"：星期一 2000-2200, 星期二 2000-2200, 星期三 2000-2200, 星期四 2000-2200, 星期五 2000-2200, 星期六 1200-2200, 星期日 1200-2200, 導師必須在以上時段補習","： 有經驗, 期望最快上課時間:3天內,粵語授課、全英文授課,不接受視像",0-5位導師,16/4/2026 上午1:55:24
218113,中二,英文,每小時$180,荃灣(上門補習),2026-04-16 01:29:52,：石圍角邨,一星期2堂,每堂1.5小時,"：星期一 2000-2200, 星期二 2000-2200, 星期三 2000-2200, 星期四 2000-2200, 星期五 2000-2200, 星期六 1200-2200, 星期日 1200-2200, 導師必須在以上時段補習","： 有經驗, 期望最快上課時間:3天內,粵語授課、全英文授課,不接受視像",0-5位導師,16/4/2026 上午1:55:25
218114,中四,會計(英文),每小時$200 - 250,將軍澳(上門補習),2026-04-16 07:53:09,：寶盈花園,一星期1堂,每堂1.5小時,"：星期日 1100-1230, 時間可再商議","： 提供筆記, 提升解題技巧, 了解學生不足, 期望最快上課時間:3天內,全英文授課,不接受視像",0-5位導師,16/4/2026 上午8:00:41
218122,中五,會計(中文),每小時$180 - 220,"鑽石山,上水,粉嶺(公眾地方)",2026-04-16 11:35:40,,一星期1堂,每堂1.5小時,,： 不接受視像,0-5位導師,16/4/2026 上午11:41:56
218121,N班,Phonics,每小時$230 - 270,將軍澳(上門補習),2026-04-16 11:08:39,：天晋,一星期2堂,每堂1.5小時,"：星期一 0900-1200, 星期二 0900-1200, 星期三 0600-1200, 星期四 0900-1200, 星期五 0900-1200, 時間可再商議","： 曾在補習社工作, 期望最快上課時間:3天內,不接受視像",0-5位導師,16/4/2026 上午11:41:57
218120,小三,英文,每小時$210,屯門(上門補習),2026-04-16 11:02:03,：富健花園,一星期1堂,每堂1.5小時,"：星期二 1700-1800, 時間可再商議","： 有耐性, 提供練習／試題, 有經驗, 期望最快上課時間:一個月內,粵語授課、全英文授課,不接受視像",0-5位導師,16/4/2026 上午11:41:58
218118,中六,經濟(英文),每小時$300 - 400,奧運(視像補習),2026-04-16 10:54:18,：維港灣,一星期1堂,每堂1.5小時,,： 嚴格,0-5位導師,16/4/2026 上午11:41:59
218119,K2,中文,每小時$190 - 230,黃竹坑(上門補習),2026-04-16 10:46:27,：晋环,一星期1堂,每堂1小時,"：星期五 1700-1800, 星期六 1000-1100, 時間可再商議","： 有耐性, 期望最快上課時間:7天內,普通話授課",0-5位導師,16/4/2026 上午11:42:01
218117,小二,英文,每小時$210 - 250,元朗(上門補習),2026-04-16 10:36:44,：蝶翠峰,一星期1堂,每堂2小時,"：星期一 1930, 星期三 1900, 時間可再商議","： 願意支付額外交通金額(HKD): 12.00, 期望最快上課時間:2星期內,全英文授課,不接受視像",0-5位導師,16/4/2026 上午11:42:02
218116,中三,化學(英文),每小時$190 - 250,將軍澳(上門補習),2026-04-16 09:39:07,：Lohas Park,一星期1堂,每堂1.5小時,"：星期一 530-700, 星期三 530-700, 導師必須在以上時段補習","： 有耐性, 提供筆記, 提供練習／試題, 期望最快上課時間:3天內,粵語授課、全英文授課,不接受視像",0-5位導師,16/4/2026 上午11:42:04
218115,國際學校 year9,Mathematics(英文),每小時$330 - 350,視像補習,2026-04-16 09:06:12,,一星期2堂,每堂2小時,"：星期二 1630-1830, 星期四 1630-1830, 導師必須在以上時段補習","： 全英語上堂, 有經驗, 針對學生弱項, Graphs, Angles Constructions, Ratio Proportions at the moment ,期望最快上課時間:7天內",6-10位導師,16/4/2026 上午11:42:05
218128,中五,商業管理(中文),每小時$200 - 250,紅磡(上門補習),2026-04-16 13:34:23,：海濱南岸,一星期1堂,每堂1.5小時,"：星期五 1800-1930, 導師必須在以上時段補習","： 有耐性, 提供練習／試題, 針對學生弱項, 導師考DSE，期望最快上課時間:7天內,粵語授課,不接受視像",0-5位導師,16/4/2026 下午1:52:36
218127,中一,中文,每小時$200 - 260,彩虹(上門補習),2026-04-16 12:58:40,：永定道,一星期1堂,每堂1.5小時,"：星期六 1345-1515, 星期日 1200-1330/1430-1600","： 教作文、白話文閱讀理解及文言文,要求導師中文科5*或以上 包括閱讀卷及寫作卷/全職導師 需要有耐性、自備教材及2年以上補習經驗。考試前提供重點筆記溫習。可批改作文。,不接受視像",0-5位導師,16/4/2026 下午1:52:37
218126,小五,全科(中文),每小時$150 - 200,馬鞍山(上門補習),2026-04-16 12:46:52,：錦駿苑 (大水坑站行*mins到達),一星期1堂,每堂2小時,"：星期四 1800-2000, 時間可再商議","： 有耐性, 提供筆記, 有經驗, 不接受視像",0-5位導師,16/4/2026 下午1:52:38
218125,中一,中史,每小時$120 - 220,佐敦(上門補習),2026-04-16 12:45:34,：佐敦官涌街**號the Austine Place,一星期1堂,每堂1.5小時,"：星期一 2030-2200, 星期二 2030-2200, 星期六 0930-1100, 星期日 0930-1100, 導師必須在以上時段補習","： 有耐性, 提供練習／試題, 有愛心, 不接受視像",0-5位導師,16/4/2026 下午1:52:40
218124,中三,英文,每小時$240,元朗(上門補習),2026-04-16 12:14:08,：采葉庭,一星期1堂,每堂1.5小時,"：星期二 1730-1900, 星期三 1730-1900, 時間可再商議","： 全職導師, 期望最快上課時間:一個月內,粵語授課,不接受視像",0-5位導師,16/4/2026 下午1:52:41
218123,中五,數學(英文),每小時$200 - 240,藍田(上門補習),2026-04-16 11:49:49,：康雅苑,一星期1堂,每堂1.5小時,"：星期五 1730-1900, 導師必須在以上時段補習","： 期望最快上課時間:3天內,粵語授課,不接受視像",0-5位導師,16/4/2026 下午1:52:42
218132,小三 (2人),英文,每小時$150 - 230,天水圍(上門補習),2026-04-16 15:14:15,：天耀,一星期1堂,,：,"： 其他, 耐心. 句子不足,不接受視像",0-5位導師,16/4/2026 下午3:26:56
218131,小三,品格與正向教育(英文),每小時$180,北角(上門補習),2026-04-16 14:46:25,：皇冠大廈,一星期2堂,每堂2小時,"：星期二 1600-1730, 星期四 1600-1730, 時間可再商議","： 有耐性, 互動教學, 提升解題技巧, 期望最快上課時間:3天內,有特殊學習需要,不接受視像",0-5位導師,16/4/2026 下午3:26:57
218129,中三,英文,每小時$190 - 300,石硤尾(上門補習),2026-04-16 14:15:19,：美菖樓 地鐵步行*-10分鐘,一星期2堂,每堂1.5小時,"：星期五 1700-1800, 時間可再商議","： 提供筆記, 提供練習／試題, 有經驗, 期望最快上課時間:7天內,粵語授課、全英文授課,不接受視像",0-5位導師,16/4/2026 下午3:26:58
218130,中二,英文,每小時$230 - 270,元朗(上門補習),2026-04-16 14:13:21,：定福花園,一星期1堂,每堂2小時,"：星期二 1700-1900, 星期四 1700-1900, 導師必須在以上時段補習","： 希望導師可提供supplemental exercise / 試卷作操練；期望最快上課時間:3天內,粵語授課,不接受視像",0-5位導師,16/4/2026 下午3:26:59
218139,中四,中文,每小時$180 - 220,樂富(上門補習),2026-04-16 16:39:47,：橫頭磡邨,一星期2堂,每堂1.5小時,"：星期三 1700-1900, 星期六 1700-1900, 星期日 1700-1900, 時間可再商議","： 期望最快上課時間:3天內,粵語授課,不接受視像",0-5位導師,16/4/2026 下午5:04:59
218141,中三,英文,每小時$190,沙田(上門補習),2026-04-16 16:38:51,：沙田圍附近,一星期2堂,每堂1.5小時,"：星期一 1300-1430, 星期三 1000-1130, 時間可再商議","： 提供練習／試題, 有經驗, 針對學生弱項, 導師需英文較强，理解學生難處；期望最快上課時間:2星期內,粵語授課、全英文授課,不接受視像",0-5位導師,16/4/2026 下午5:05:00
218138,中四 (2人),化學(英文),每小時$180 - 220,樂富(公眾地方),2026-04-16 16:35:08,：Pacific Coffee,一星期2堂,每堂1.5小時,"：星期四 1630-1800, 星期六 1600-1730, 時間可再商議","： 提供練習／試題, 緊貼學校進度, 提升解題技巧, 期望最快上課時間:2星期內,粵語授課,不接受視像",0-5位導師,16/4/2026 下午5:05:01
218140,小六 (2人),英文,每小時$170 - 210,鰂魚涌(上門補習),2026-04-16 16:32:07,：康怡花園,一星期1堂,,"：星期六 1630-1900, 導師必須在以上時段補習","： 提供練習／試題, 全職導師, 針對學生弱項, 期望最快上課時間:2星期內,全英文授課,急單補習(需要在兩天內開始上第一堂課)",0-5位導師,16/4/2026 下午5:05:02
218137,中五,經濟(英文),每小時$200,馬鞍山(上門補習),2026-04-16 16:27:22,：錦龍苑,一星期1堂,每堂1.5小時,"：星期三 1700-1830, 星期四 1700-1830, 星期六 1400, 時間可再商議","： 嚴格, 提供練習／試題, 有經驗, 期望最快上課時間:2星期內,粵語授課、全英文授課,不接受視像",0-5位導師,16/4/2026 下午5:05:03
218136,小五,"中文,數學(中文)",每小時$150 - 190,奧運(上門補習),2026-04-16 16:18:08,：Hampton place,一星期2堂,每堂1.5小時,"：星期二 1730-1900, 星期四 1730-1900, 時間可再商議","： 期望最快上課時間:7天內,粵語授課,不接受視像",0-5位導師,16/4/2026 下午5:05:04
218135,中四,數學(中文),每小時$180 - 240,北角(上門補習),2026-04-16 16:11:47,：寶馬花園（北角地鐵站一分鐘）,一星期2堂,每堂2小時,"：星期一 1900-2000, 星期二 1900-2000, 星期四 1900-2000, 星期五 1900-2000, 時間可再商議","： 提供筆記, 提供練習／試題, 長補, 學生數學基礎極差,期望最快上課時間:7天內,粵語授課、普通話授課,家長需以wechat聯絡,不接受視像",0-5位導師,16/4/2026 下午5:05:05
218134,中五,生物(英文),每小時$200 - 260,"深水埗,長沙灣(公眾地方)",2026-04-16 16:10:46,,一星期1堂,每堂1.5小時,"：星期四 1830-2000, 星期六 1400-1800, 導師必須在以上時段補習","： 有耐性, 提供筆記, 底子差,期望最快上課時間:7天內,粵語授課,不接受視像",0-5位導師,16/4/2026 下午5:05:06
218133,中五 (2人),化學(英文),每小時$200 - 250,"馬鞍山,恆安(上門補習)",2026-04-16 16:01:35,：天宇海（地鐵站行5分鐘）,一星期2堂,每堂1.5小時,"：星期四 1700-1830, 導師必須在以上時段補習","： 提供筆記, 提供練習／試題, 提升解題技巧, 期望最快上課時間:7天內,粵語授課,不接受視像",0-5位導師,16/4/2026 下午5:05:08
218150,中四,化學(英文),每小時$180 - 220,長沙灣(上門補習),2026-04-16 18:34:04,：喜薈,一星期1堂,每堂1.5小時,"：星期三 1600, 時間可再商議","： 期望最快上課時間:3天內,粵語授課,不接受視像",0-5位導師,16/4/2026 下午6:40:14
218149,中五,化學(英文),每小時$200 - 250,北角(上門補習),2026-04-16 18:02:31,：百福花園,一星期1堂,每堂1.5小時,,"： 5**,不接受視像",0-5位導師,16/4/2026 下午6:40:15
218148,K3,全科(中文),每小時$190 - 230,淺水灣(上門補習),2026-04-16 17:54:02,：影灣園,一星期2堂,每堂2小時,"：星期一 1700-1830, 星期三 1700-18300, 星期六 1000-1200, 星期日 1600-1800, 時間可再商議","： 有經驗, 細心, 上課不可以玩手機, 期望最快上課時間:7天內,中文用普通話教，其他科用英文教,不接受視像",0-5位導師,16/4/2026 下午6:40:16
218147,小五,小五六音樂呈分試,每小時$180 - 220,炮台山(上門或視像皆可),2026-04-16 17:45:27,：璇宮大廈,一星期1堂,每堂1.5小時,"：星期三 1530-1630, 星期四 1530-1630, 星期六 1500-1600, 時間可再商議","： 有耐性, 提供筆記, 有經驗, 沒有學習任何樂器,期望最快上課時間:7天內",0-5位導師,16/4/2026 下午6:40:17
218144,中四,中文,每小時$180 - 210,視像補習,2026-04-16 17:19:37,,一星期1堂,每堂1小時,,,6-10位導師,16/4/2026 下午6:40:19
218145,中四,中史,每小時$180 - 210,視像補習,2026-04-16 17:19:37,,一星期1堂,每堂1小時,,,0-5位導師,16/4/2026 下午6:40:20
218146,中四,數學(英文),每小時$180 - 210,視像補習,2026-04-16 17:19:37,,一星期1堂,每堂1小時,,,6-10位導師,16/4/2026 下午6:40:21
218143,小五,英文,每小時$170 - 210,黃大仙(上門補習),2026-04-16 17:10:54,：黃大仙上邨,一星期2堂,每堂1.5小時,"：星期一 1730-1900, 星期二 1630-1800, 星期三 1730-1900, 星期四 1630-1800, 星期五 1730-1830, 導師必須在以上時段補習","： 有耐性, 提供筆記, 提供練習／試題, 基礎差需要老師提供練習或試題,期望最快上課時間:一個月內,全英文授課",0-5位導師,16/4/2026 下午6:40:23
218142,中五,經濟(英文),每小時$200,荔枝角(公眾地方),2026-04-16 17:00:50,：泓景台Starbucks,一星期2堂,每堂1.5小時,"：星期一 1800-1930, 星期二 1800-1930, 星期三 1800-1930, 星期五 1800-1930, 時間可再商議","： 提供筆記, 提供練習／試題, 提升解題技巧, 期望最快上課時間:7天內,粵語授課,不接受視像",0-5位導師,16/4/2026 下午6:40:24
218155,中五,英文,每小時$270 - 350,元朗(上門補習),2026-04-16 19:16:16,：溱柏,一星期2堂,每堂1.5小時,"：星期一 1700-2100, 星期二 1700-2100, 星期三 1700-2100, 星期四 1700-2100, 星期五 1700-2100, 星期六 12-24, 星期日 12-24, 時間可再商議","： 期望最快上課時間:7天內,粵語授課,不接受視像",0-5位導師,16/4/2026 下午7:43:26
218154,中五,英文,每小時$220 - 260,馬鞍山(上門補習),2026-04-16 19:06:27,：馬鞍山富寶花園,一星期2堂,每堂2小時,"：星期三 430-630, 星期六 430-630, 時間可再商議","： 期望最快上課時間:7天內,粵語授課、普通話授課,不接受視像",0-5位導師,16/4/2026 下午7:43:27
218152,小一,數學(中文),每小時$140 - 180,新蒲崗(上門補習),2026-04-16 19:06:16,：采頤花園,一星期1堂,每堂1.5小時,"：星期一 4-5, 星期二 4-5, 星期三 4-5, 時間可再商議","： 有愛心, 長補, 上課不可以玩手機, 期望最快上課時間:一個月內,粵語授課,不接受視像",0-5位導師,16/4/2026 下午7:43:28
218153,小一,中文,每小時$140 - 180,新蒲崗(上門補習),2026-04-16 19:06:16,：采頤花園,一星期1堂,每堂1.5小時,"：星期一 4-5, 星期二 4-5, 星期三 4-5, 時間可再商議","： 有愛心, 長補, 上課不可以玩手機, 期望最快上課時間:一個月內,粵語授課、普通話授課,不接受視像",0-5位導師,16/4/2026 下午7:43:29
218151,小二,全科(中文),每小時$140 - 170,葵盛(上門補習),2026-04-16 18:57:27,：葵盛西邨,一星期3堂,每堂1.5小時,"：星期二 1645-1815, 星期四 1645-1815, 星期五 1745-1915, 時間可再商議","： 願意支付額外交通金額(HKD): 10.00, 期望最快上課時間:一個月內,粵語授課,不接受視像",0-5位導師,16/4/2026 下午7:43:30
218166,中五 (3人),中文,每小時$200 - 410,荃灣(公眾地方),2026-04-16 20:42:51,,一星期1堂,每堂1.5小時,"：星期日 1200-130, 時間可再商議","： 有耐性, 期望最快上課時間:2星期內,粵語授課,不接受視像",0-5位導師,16/4/2026 下午8:54:30
218165,中四,化學(中文),每小時$230 - 270,天水圍(上門補習),2026-04-16 20:40:15,：嘉湖山莊翠湖居,一星期1堂,每堂2小時,"：星期一 1600-2100, 星期二 1600-2100, 星期三 1600-2100, 星期四 1600-2100, 星期五 1600-2100, 星期六 1600-2100, 星期日 1600-2100, 時間可再商議","： 有耐性, 提供筆記, 針對學生弱項, 期望最快上課時間:2星期內,粵語授課",0-5位導師,16/4/2026 下午8:54:31
218164,K2,托兒/幼兒照顧(英文),每小時$180 - 280,黃埔(上門補習),2026-04-16 20:32:17,：Whampoa garden,一星期2堂,每堂1小時,"：星期一 1500-1600, 時間可再商議","： 嚴格, 期望最快上課時間:7天內,不接受視像",0-5位導師,16/4/2026 下午8:54:33
218163,中五,資訊及通訊科技(英文),每小時$190 - 240,視像補習,2026-04-16 20:17:59,,一星期1堂,每堂1.5小時,：,"： 其他, database和algorithm and programming",0-5位導師,16/4/2026 下午8:54:34
218162,小三,英文,每小時$160 - 250,深水埗(上門補習),2026-04-16 20:11:31,：Trinity Towers,一星期1堂,每堂1.5小時,"：星期四 1700-1830, 導師必須在以上時段補習","： 有經驗, 期望最快上課時間:7天內,全英文授課,不接受視像",0-5位導師,16/4/2026 下午8:54:35
218159,中四,生物(中文),每堂$400,馬鞍山(上門補習),2026-04-16 20:04:32,：烏溪沙銀湖天峰(馬鐵直達),一星期1堂,每堂1.5小時,：星期一,"： 每堂1.5小時，每堂$400。兒子對bio完全冇興趣, 希望找個bio老師引起他對這科的興趣，有耐性，有方法令他攞level 2。要有方法，有耐性，有功課提供。,不接受視像",0-5位導師,16/4/2026 下午8:54:36
218160,中二 (2人),中文,每小時$160 - 200,藍田(上門補習),2026-04-16 20:03:35,：地鐵上蓋,一星期2堂,每堂1.5小時,"：星期三 1900-2100, 星期四 1900-2100, 星期五 1900-2100, 時間可再商議","： 期望最快上課時間:7天內,粵語授課,不接受視像",6-10位導師,16/4/2026 下午8:54:37
218161,中二 (2人),中史,每小時$160 - 200,藍田(上門補習),2026-04-16 20:03:35,：地鐵上蓋,一星期2堂,每堂1.5小時,"：星期三 1900-2100, 星期四 1900-2100, 星期五 1900-2100, 時間可再商議","： 期望最快上課時間:7天內,粵語授課,不接受視像",0-5位導師,16/4/2026 下午8:54:39
218158,中四,化學(英文),每小時$220 - 260,大埔(上門補習),2026-04-16 19:53:53,：新峰花園,一星期1堂,每堂1.5小時,"：星期一 4:00PM - 7:00PM, 星期三 4:00PM - 7:00PM","： 導師dse 最好有5或以上,不接受視像",0-5位導師,16/4/2026 下午8:54:40
218157,中一,英文,每小時$230,天水圍(公眾地方),2026-04-16 19:50:11,：銀座,一星期1堂,每堂1.5小時,"：星期日 1400-1530, 時間可再商議","： 期望最快上課時間:2星期內,粵語授課,不接受視像",0-5位導師,16/4/2026 下午8:54:41
218156,中四,英文,每小時$200,視像補習,2026-04-16 19:37:35,,一星期1堂,每堂2小時,"：星期六 1500-1630, 星期日 1500-1630, 時間可再商議","： 有耐性, 期望最快上課時間:3天內,粵語授課、全英文授課",0-5位導師,16/4/2026 下午8:54:42
218176,中一,數學(英文),每小時$160 - 400,視像補習,2026-04-16 22:19:09,,一星期2堂,每堂1.5小時,"：星期一 2100-2200, 星期三 2100-2200, 星期四 2100-2200, 星期五 1900-2000, 星期六 2000-2100, 星期日 0900-1000, 時間可再商議","： 提供筆記, 提供練習／試題, 期望最快上課時間:7天內,粵語授課",11-15位導師,16/4/2026 下午10:57:15
218175,中一,數學(英文),每小時$160 - 200,荃灣(上門或視像皆可),2026-04-16 22:10:10,：綠楊新村,一星期2堂,每堂1.5小時,"：星期四 730-830, 導師必須在以上時段補習","： 期望最快上課時間:2星期內,粵語授課,家長需以wechat聯絡",0-5位導師,16/4/2026 下午10:57:16
218173,中三 (7人),中文,每小時$170 - 210,灣仔(公眾地方),2026-04-16 21:35:03,,一星期2堂,每堂2小時,"：星期四 1700-1900, 時間可再商議","： 期望最快上課時間:2星期內,粵語授課,不接受視像",6-10位導師,16/4/2026 下午10:57:17
218174,中三 (7人),數學(英文),每小時$170 - 210,灣仔(公眾地方),2026-04-16 21:35:03,,一星期2堂,每堂2小時,"：星期四 1700-1900, 時間可再商議","： 期望最快上課時間:2星期內,粵語授課、全英文授課,不接受視像",11-15位導師,16/4/2026 下午10:57:18
218171,中三,生物(英文),每小時$170 - 360,視像補習,2026-04-16 21:15:14,,一星期2堂,每堂1.5小時,"：星期三 1700-1830, 星期五 1700-1830, 導師必須在以上時段補習","： 有耐性, 提供筆記, 提供練習／試題, 期望最快上課時間:2星期內,粵語授課",0-5位導師,16/4/2026 下午10:57:19
218170,小四,數學(中文),每小時$140 - 180,九龍塘(上門補習),2026-04-16 21:12:36,：喇沙利道,一星期1堂,每堂1小時,,,0-5位導師,16/4/2026 下午10:57:20
218172,中四,中文,每小時$180,康城(公眾地方),2026-04-16 21:12:01,：日出康城領都,一星期1堂,每堂2小時,"：星期一 1700-1900, 星期二 1700-1900, 星期四 1700-1900, 星期五 1700-1900, 星期六 1300-1500, 時間可再商議","： 提供練習／試題, 菲律賓學生，母語不是中文，中文程度稍弱,期望最快上課時間:2星期內,粵語授課,不接受視像",0-5位導師,16/4/2026 下午10:57:21
218169,中五 (3人),中文,每小時$200 - 350,荃灣(公眾地方),2026-04-16 21:05:56,：荃灣西,一星期1堂,每堂1.5小時,"：星期日 1200-1330, 時間可再商議","： 期望最快上課時間:7天內,粵語授課,不接受視像",11-15位導師,16/4/2026 下午10:57:23
218168,中三,英文,每小時$190 - 230,旺角(視像補習),2026-04-16 20:59:05,：Street Mong Kok Kowloon,一星期1堂,每堂1小時,,,0-5位導師,16/4/2026 下午10:57:24
218167,中三,英文,每小時$190 - 230,旺角(視像補習),2026-04-16 20:58:40,：Street Mong Kok Kowloon,一星期1堂,每堂1小時,,,0-5位導師,16/4/2026 下午10:57:25
218180,小二,全科(英文),每小時$190 - 200,小西灣(上門補習),2026-04-16 23:47:14,：富景花園,一星期2堂,每堂1.5小時,"：星期二 1630-1730, 星期四 1630-1730, 時間可再商議","： 有耐性, 有經驗, 指導功課, 期望最快上課時間:2星期內,粵語授課,不接受視像",0-5位導師,17/4/2026 上午12:27:42
218179,中五,物理(英文),每小時$300 - 400,馬鞍山(上門或視像皆可),2026-04-16 23:31:18,：港鐵沿線,一星期2堂,每堂2小時,"：星期三 1830-2030, 星期四 1830-2030, 星期六 0900-2000, 星期日 1400-2000, 時間可再商議","： 現職/曾任中小學教師, 現時穩3，想保4,期望最快上課時間:7天內,粵語授課",0-5位導師,17/4/2026 上午12:27:43
218178,中五,中史,每小時$200 - 270,黃大仙(公眾地方),2026-04-16 23:28:02,,一星期2堂,每堂2小時,"：星期二 1700-1900, 星期四 1700-1900, 時間可再商議","： 成績較差,期望最快上課時間:7天內,粵語授課,不接受視像",0-5位導師,17/4/2026 上午12:27:44
218177,中四 (3人),生物(英文),每小時$180 - 290,視像補習,2026-04-16 23:06:09,,一星期1堂,每堂1.5小時,"：星期六 1300-1430, 時間可再商議","： 有耐性, 提供筆記, 提供練習／試題, 期望最快上課時間:7天內,粵語授課、全英文授課",6-10位導師,17/4/2026 上午12:27:45
218181,自修生,IELTS,每小時$260,視像補習,2026-04-17 00:27:58,,一星期1堂,每堂1小時,"：星期一 1100-2200, 星期二 1100-2200, 星期三 1100-2200, 星期四 1100-2200, 星期五 1100-2200, 星期六 1100-2200, 星期日 1100-2200, 時間可再商議","： 嚴格, 提供練習／試題, 有經驗, 會長補。學生時間flexible, 可盡量就導師時間！目標ielts 8.5~ 所以導師需有ielts 8.5up, IB 7up 有教學經驗的國際學校畢業生都會考慮,期望最快上課時間:2星期內",0-5位導師,17/4/2026 上午1:54:21
218182,小五,全科(中文),每小時$190 - 230,鰂魚涌(上門補習),2026-04-17 00:25:16,：鰂魚涌地鐵站步行2分鐘,一星期2堂,每堂1.5小時,"：星期三 1600-1830, 星期六 1030-1300, 時間可再商議","： 提供筆記, 長補, 曾在補習社工作, 期望最快上課時間:3天內,粵語授課,不接受視像",0-5位導師,17/4/2026 上午1:54:23
218183,中一,英文,每小時$230,深水灣(上門補習),2026-04-17 01:56:22,：公共屋邨,一星期1堂,每堂1.5小時,"：星期日 1030-1200, 時間可再商議","： 期望最快上課時間:7天內,全英文授課,不接受視像",0-5位導師,17/4/2026 上午3:17:13
218184,K1,拼音 Phonics(英文),每小時$230 - 1200,尖沙咀(上門補習),2026-04-17 04:41:30,：Masterpiece,一星期2堂,每堂1小時,"：星期一 1000-2000, 星期二 1000-2000, 星期三 1000-2000, 星期四 1000-2000, 星期五 1000-2000, 星期六 1000-2000, 星期日 1000-2000, 時間可再商議","： 有耐性, 女士,期望最快上課時間:3天內,急單補習(需要在兩天內開始上第一堂課),不接受視像",0-5位導師,17/4/2026 上午5:04:47
218188,中四,物理(英文),每小時$180 - 220,新蒲崗(上門補習),2026-04-17 08:46:09,：啟德簡約公屋,一星期1堂,每堂1.5小時,"：星期日 1500-1630, 導師必須在以上時段補習","： 期望最快上課時間:7天內,全英文授課,有特殊學習需要,不接受視像",0-5位導師,17/4/2026 上午9:11:11
218187,小一,功課(中文),每小時$140 - 180,西營盤(上門補習),2026-04-17 08:36:21,：光前大廈*座,一星期2堂,每堂2小時,"：星期五 1800-2000, 星期六 0900-1100, 導師必須在以上時段補習","： 有愛心, 指導功課, 針對學生弱項, 中文及普通話超弱，完全跟不到進度，容易放棄沒信心,期望最快上課時間:7天內,普通話授課,不接受視像",0-5位導師,17/4/2026 上午9:11:12
218186,中一,綜合科學(英文),每小時$180 - 220,視像補習,2026-04-17 08:23:54,,一星期1堂,每堂1.5小時,"：星期一 1700-1830, 星期二 1700-1830, 導師必須在以上時段補習","： 有耐性, 細心, 可接受視像,期望最快上課時間:7天內,粵語授課",0-5位導師,17/4/2026 上午9:11:13
218185,中四,數學(英文),每小時$450 - 600,北角(上門補習),2026-04-17 08:03:12,：和富中心 第四座,一星期1堂,每堂2小時,"：星期一 1930-2130, 星期三 1930-2130, 星期六 1930-2200, 導師必須在以上時段補習","： 有耐性, 自閉症，需要伴做，同時補Core和M2,期望最快上課時間:3天內,粵語授課,有特殊學習需要,不接受視像",0-5位導師,17/4/2026 上午9:11:14
218199,year10,"Mathematics SL(英文),Physics SL(英文),Chemistry SL(英文)",每小時$300 - 380,坑口(公眾地方),2026-04-17 12:01:17,：觀塘、九龍城、將軍澳區都可以,一星期2堂,每堂1.5小時,"：星期一 1600, 時間可再商議","： 【三科都需要補】星期一至日都可以約，晚上、下午都可以,期望最快上課時間:7天內,不接受視像",0-5位導師,17/4/2026 下午12:23:23
218198,小一,英文,每小時$400-500,金鐘(上門補習),2026-04-17 11:57:39,：太古廣場附近,一星期1堂,每堂1小時,：,"： 其他, 【國際學校現職小學老師、任教英文科",0-5位導師,17/4/2026 下午12:23:24
218197,N班,英文陪玩耍,每小時$180 - 220,西營盤(上門補習),2026-04-17 11:47:41,：Kensignton hill,一星期3堂,每堂2小時,"：星期一 1800-2000, 星期三 1800-2000, 星期五 1800-2000, 時間可再商議","： 有耐性, 期望最快上課時間:3天內,不接受視像",0-5位導師,17/4/2026 下午12:23:25
218196,中五,數學(英文),每小時$200 - 240,鑽石山(公眾地方),2026-04-17 11:45:25,,一星期1堂,每堂1.5小時,,"： 有耐性, 提供練習／試題, 不接受視像",6-10位導師,17/4/2026 下午12:23:27
218195,自修生,數學(英文),每小時$200 - 240,"北角,鰂魚涌(公眾地方)",2026-04-17 11:41:46,,一星期1堂,每堂2小時,"：星期一 10:00-19:00, 星期四 10:00-19:00, 星期五 10:00-19:00, 星期六 10:00-19:00, 星期日 10:00-19:00","： retake2027DSE,港島沿線任何地方也可 （東區最好）【請導師備註可補地點】,不接受視像",0-5位導師,17/4/2026 下午12:23:28
218194,中三,英文,每小時$190 - 200,旺角(上門補習),2026-04-17 10:52:51,：奧海城,一星期1堂,每堂1.5小時,"：星期二 1700, 導師必須在以上時段補習","： 互動教學, 緊貼學校進度, 了解學生不足, 期望最快上課時間:7天內,粵語授課、全英文授課,不接受視像",0-5位導師,17/4/2026 下午12:23:29
218193,中五,物理(英文),每小時$200 - 280,視像補習,2026-04-17 10:32:30,,一星期1堂,每堂1小時,"：星期一 2045-2200, 星期二 2045-2200, 星期三 2045-2200, 星期四 2045-2200, 星期五 2045-2200, 星期六 2045-2200, 星期日 2045-2200, 時間可再商議","： 提供筆記, 提供練習／試題, 主要係解答問題，唔係太需要詳細逐課講解。要求曾考5*或以上,期望最快上課時間:3天內,粵語授課",0-5位導師,17/4/2026 下午12:23:31
218192,國際學校 year6,Chinese Language(中文),每小時$300,美孚(上門補習),2026-04-17 10:25:18,：美國孚新村,一星期2堂,每堂1.5小時,"：星期二 1700-1900, 星期三 1700-1900, 導師必須在以上時段補習","： 期望最快上課時間:一個月內,不接受視像",0-5位導師,17/4/2026 下午12:23:32
218189,小三,中文,每小時$210,屯門(上門補習),2026-04-17 09:44:05,：Oma by the sea,一星期1堂,每堂1.5小時,"：星期二 430-630, 星期四 430-630, 時間可再商議","： 期望最快上課時間:2星期內,粵語授課、普通話授課,不接受視像",0-5位導師,17/4/2026 下午12:23:33
218190,小三,英文,每小時$210,屯門(上門補習),2026-04-17 09:44:05,：Oma by the sea,一星期1堂,每堂1.5小時,"：星期二 430-630, 星期四 430-630, 時間可再商議","： 期望最快上課時間:2星期內,全英文授課,不接受視像",0-5位導師,17/4/2026 下午12:23:34
218191,小三,數學(中文),每小時$210,屯門(上門補習),2026-04-17 09:44:05,：Oma by the sea,一星期1堂,每堂1.5小時,"：星期二 430-630, 星期四 430-630, 時間可再商議","： 期望最快上課時間:2星期內,粵語授課,不接受視像",0-5位導師,17/4/2026 下午12:23:36
218203,year11,會計(英文),每小時$250 - 280,尖沙咀(上門或視像皆可),2026-04-17 13:34:06,：The waterfront,一星期1堂,每堂1.5小時,,"： 期望最快上課時間:3天內,粵語授課,會考慮HKDSE導師",0-5位導師,17/4/2026 下午2:19:56
218204,中一,中文,每小時$160 - 200,黃大仙(上門補習),2026-04-17 13:33:18,：黃大仙下邨,一星期1堂,每堂1.5小時,"：星期二 1700-1830, 星期三 1700-1830, 星期四 1700-1830, 時間可再商議","： 期望最快上課時間:一個月內,粵語授課,不接受視像",0-5位導師,17/4/2026 下午2:19:57
218201,中四,英文,每小時$220 - 250,荃灣(上門補習),2026-04-17 13:27:56,：湾景广场,一星期1堂,每堂1.5小時,,"： Year 2或以上、有至少1年補習經驗以上,不接受視像",0-5位導師,17/4/2026 下午2:19:58
218202,中六,物理(中文),每小時$230 - 270,視像補習,2026-04-17 13:27:43,,一星期2堂,每堂2小時,"：星期一 1900-2400, 星期二 1900-2400, 星期三 1900-2400, 星期四 1900-2400, 星期五 1900-2400, 星期六 1900-2400, 星期日 1900-2400, 時間可再商議","： 期望最快上課時間:3天內,粵語授課、普通話授課,【中六DSE只收取一星期費用】",0-5位導師,17/4/2026 下午2:19:59
218200,K2,英文,每小時$160 - 200,將軍澳(上門補習),2026-04-17 12:30:24,：capri，由將軍澳或調景嶺地鐵站步行8分鐘，亦可轉乘小巴,一星期2堂,每堂1小時,"：星期六 1000-1400, 星期日 1000-1400, 時間可再商議","： 期望最快上課時間:2星期內,全英文授課,不接受視像",0-5位導師,17/4/2026 下午2:20:00
218211,小六,中文,每小時$200 - 240,屯門(上門補習),2026-04-17 15:52:48,：盈豐園,一星期2堂,每堂1.5小時,"：星期一 1900-2100, 星期二 1900-2100, 星期三 1900-2100, 星期四 1900-2100, 星期五 1900-2100, 星期六 1900-2100, 星期日 1000-1300, 時間可再商議","： 有耐性, 針對學生弱項, 引起學生學習興趣, 目標：小升中中文銜接；學生背景：英強中弱，抗拒中文,期望最快上課時間:7天內,粵語授課,不接受視像",0-5位導師,17/4/2026 下午4:10:11
218210,中四 (2人),英文,每小時$200 - 240,觀塘(上門補習),2026-04-17 15:45:51,：樂華邨,一星期1堂,每堂1.5小時,"：星期二 1630-1800, 時間可再商議","： 提供筆記, 提供練習／試題, 有愛心, 期望最快上課時間:2星期內,粵語授課、全英文授課,不接受視像",0-5位導師,17/4/2026 下午4:10:12
218207,中五,化學(英文),每小時$200,沙田(公眾地方),2026-04-17 14:56:04,：第一城,一星期1堂,每堂1.5小時,"：星期六 1100-1230, 導師必須在以上時段補習","： 有耐性, 提供筆記, 提供練習／試題, 需要成績已認證的導師 有交帶,期望最快上課時間:7天內,粵語授課、全英文授課",0-5位導師,17/4/2026 下午4:10:13
218208,中一,數學(英文),每小時$180,柴灣(上門補習),2026-04-17 14:55:45,：翠灣街**號*座(地鐵10分鐘到),一星期2堂,每堂1.5小時,"：星期二 1700-1930, 星期五 1700-1930, 時間可再商議","： 有耐性, 有愛心, 提升解題技巧, 期望最快上課時間:一個月內,粵語授課、全英文授課,不接受視像",0-5位導師,17/4/2026 下午4:10:14
218209,中一,綜合科學(英文),每小時$180,柴灣(上門補習),2026-04-17 14:55:45,：翠灣街**號*座(地鐵10分鐘到),一星期2堂,每堂1.5小時,"：星期二 1700-1930, 星期五 1700-1930, 時間可再商議","： 有耐性, 有愛心, 提升解題技巧, 期望最快上課時間:一個月內,粵語授課、全英文授課,不接受視像",0-5位導師,17/4/2026 下午4:10:15
218206,K3,英文,每小時$200 - 250,南昌(上門補習),2026-04-17 14:50:47,：凱樂苑,一星期1堂,每堂1.5小時,"：星期一 1400-1800, 星期四 1400-1800, 導師必須在以上時段補習","： 有耐性, 提供筆記, 提供練習／試題, 需要導師教phonics/拼音, 一直都有學緊,期望最快上課時間:7天內,粵語授課、全英文授課,不接受視像",0-5位導師,17/4/2026 下午4:10:16
218205,小五,全科(英文),每小時$180 - 260,烏溪沙(上門補習),2026-04-17 14:34:16,：銀湖天峰,一星期2堂,每堂1.5小時,：,"： 【需全程英語教學對話，除教中文部分除外】同學讀音小，負責全科的功課默書溫習，導師需要自行預備練習題；學費視乎導師教學經驗資歷,不接受視像",0-5位導師,17/4/2026 下午4:10:17
218220,小五,"英文,數學(中文)",每小時$170 - 210,藍田(上門補習),2026-04-17 17:40:52,：蓝田丽港城,一星期1堂,每堂1.5小時,：星期六 Morning,"： 老师要有耐心的，今個月先一星期1堂，5月開始需每星期3堂,不接受視像",0-5位導師,17/4/2026 下午5:49:22
218219,K1,全科(英文),每小時$230 - 1200,尖沙咀(上門補習),2026-04-17 17:36:59,：Masterpiece,一星期1堂,每堂1小時,"：星期一 1000-2000, 星期二 1000-2000, 星期三 1000-2000, 星期四 1000-2000, 星期五 1000-2000, 星期六 1000-2000, 星期日 1000-2000, 時間可再商議","： 有耐性, 這星期會短補，7月會返香港大概補1個月【收一堂費用】，可補Phonics 普通話/英文/廣東話，期望最快上課時間:3天內,急單補習(需要在兩天內開始上第一堂課),不接受視像",0-5位導師,17/4/2026 下午5:49:23
218218,K3,英語會話,每小時$330,元朗(上門補習),2026-04-17 17:28:35,：大棠,一星期1堂,每堂1小時,"：星期一 0900-1100, 星期四 0900-1100, 星期五 0900-1100, 導師必須在以上時段補習","： 提供練習／試題, 有經驗, 針對學生弱項, 期望最快上課時間:7天內,不接受視像",0-5位導師,17/4/2026 下午5:49:24
218217,中四,英文,每小時$230 - 260,荃灣(上門補習),2026-04-17 17:23:34,：湾景广场,一星期1堂,每堂1.5小時,,"： 2-3年以上補習經驗，八大，英語成績5以上,不接受視像",0-5位導師,17/4/2026 下午5:49:24
218215,小二,中文,每小時$260 - 320,烏溪沙(上門補習),2026-04-17 16:48:53,,一星期1堂,每堂1.5小時,,"： 專補九龍城區學校的 有聖家學校經驗更加好,不接受視像",0-5位導師,17/4/2026 下午5:49:26
218213,中二,英文,每小時$180-220,屯門(上門補習),2026-04-17 16:31:40,：屯門兆軒苑順生閣,一星期1堂,每堂1小時,：,： 不接受視像,0-5位導師,17/4/2026 下午5:49:27
218214,中一,數學(英文),每小時$160 - 200,大埔(上門補習),2026-04-17 16:25:04,：明雅苑,一星期1堂,每堂1.5小時,"：星期六 1700-1830, 時間可再商議","： 期望最快上課時間:7天內,全英文授課,不接受視像",0-5位導師,17/4/2026 下午5:49:29
218212,小六,英文,每小時$170 - 210,馬頭圍(上門補習),2026-04-17 16:05:34,：順輝大廈,一星期1堂,每堂1.5小時,"：星期三 1540, 時間可再商議","： 期望最快上課時間:3天內,粵語授課、全英文授課,不接受視像",0-5位導師,17/4/2026 下午5:49:30
218225,中一,綜合科學(英文),每小時$230,天水圍(上門補習),2026-04-17 18:31:23,：柏慧豪庭,一星期1堂,每堂1.5小時,"：星期二 1700-2030, 星期四 1700-2030, 星期六 1500-1800, 星期日 1200-1500, 時間可再商議","： 期望最快上課時間:2星期內,粵語授課、全英文授課,不接受視像",0-5位導師,17/4/2026 下午6:45:03
218226,小二,功課輔導及中文科,每小時$180,葵盛(上門補習),2026-04-17 18:27:43,：葵盛西邨五座,一星期3堂,每堂1.5小時,"：星期二 1645-615, 星期四 1645-615, 星期五 1645-615, 時間可再商議","： 提供練習／試題, 指導功課, 提升閱讀能力, 願意支付額外交通金額(HKD): 10.00, 只面授,期望最快上課時間:一個月內,不接受視像",0-5位導師,17/4/2026 下午6:45:04
218223,中三,數學(英文),每小時$160 - 200,石門(公眾地方),2026-04-17 18:14:13,：石門地鐵站旁（麥當勞）,一星期1堂,每堂2小時,"：星期六 1000-1600, 時間可再商議","： 嚴格, 提供練習／試題, 提升解題技巧, 期望最快上課時間:7天內,粵語授課、普通話授課,有特殊學習需要,不接受視像",0-5位導師,17/4/2026 下午6:45:05
218224,中三,中史,每小時$170 - 210,半山(上門補習),2026-04-17 18:07:40,：堅威大廈,一星期2堂,每堂1.5小時,"：星期一 2000-2100, 星期三 2000-2100, 導師必須在以上時段補習","： 有耐性, 期望最快上課時間:2星期內,粵語授課,急單補習(需要在兩天內開始上第一堂課)",0-5位導師,17/4/2026 下午6:45:06
218227,中三,英文,每小時$190 - 230,灣仔(公眾地方),2026-04-17 18:56:04,,一星期1堂,每堂2小時,"：星期六 1000-1700, 時間可再商議","： 提供練習／試題, 曾在補習社工作, 提升寫作能力, 期望最快上課時間:7天內,普通話授課,不接受視像",0-5位導師,17/4/2026 下午7:39:33
218229,小五,功課(英文),每小時$150-170,半山(上門補習),2026-04-17 20:13:13,：半山一號,一星期1堂,每堂1.5小時,：,： 不接受視像,0-5位導師,17/4/2026 下午8:44:16
218228,中五,數學(英文),每小時$200 - 230,大埔(公眾地方),2026-04-17 19:57:01,：地鐵Starbucks,一星期1堂,每堂2小時,"：星期一 1800-2000, 星期二 1800-2000, 星期三 1800-2000, 時間可再商議","： 有耐性, 提供練習／試題, 幫助操練, 期望最快上課時間:2星期內,粵語授課,不接受視像",0-5位導師,17/4/2026 下午8:44:17
218238,中四,M2(英文),每小時$180 - 220,灣仔(公眾地方),2026-04-17 22:03:46,,一星期2堂,每堂2小時,"：星期一 1600-1900, 星期二 1600-1900, 星期三 1600-1900, 星期四 1600-1900, 星期五 1600-1900, 導師必須在以上時段補習","： 提供筆記, 提供練習／試題, 指導功課, 期望最快上課時間:2星期內,粵語授課,不接受視像",0-5位導師,17/4/2026 下午10:11:01
218239,中三,英文,每小時$190 - 230,樂富(上門補習),2026-04-17 22:00:18,：橫頭磡邨,一星期1堂,每堂1.5小時,"：星期一 5-8, 星期三 6-8, 星期五 5-8, 時間可再商議","： 有耐性, 提供筆記, 提供練習／試題, 期望最快上課時間:7天內,粵語授課、全英文授課,不接受視像",0-5位導師,17/4/2026 下午10:11:02
218236,中五,物理(英文),每小時$200 - 240,荃灣(上門補習),2026-04-17 21:43:09,：荃灣中心,一星期1堂,每堂1.5小時,"：星期一 1800-1900, 星期四 1800-1900, 星期五 1800-1900, 時間可再商議","： 期望最快上課時間:3天內,粵語授課、全英文授課,不接受視像",0-5位導師,17/4/2026 下午10:11:04
218237,中四,旅遊與款待(中文),每小時$200 - 240,視像補習,2026-04-17 21:40:49,,一星期1堂,每堂1.5小時,"：星期三 1730-1900, 導師必須在以上時段補習","： 有耐性, 提供筆記, 提供練習／試題, 期望最快上課時間:3天內,粵語授課",0-5位導師,17/4/2026 下午10:11:05
218233,中二,"中文,英文",每小時$200 - 220,葵涌(上門補習),2026-04-17 20:59:07,：葵聯邨,一星期1堂,每堂2小時,"：星期一 17:00, 星期三 17:00, 星期五 17:00",： 逢星期三，17:00 - 19:00,0-5位導師,17/4/2026 下午10:11:06
218234,中三,資訊及通訊科技(英文),每小時$190 - 230,馬鞍山(上門補習),2026-04-17 20:58:42,：迎海,一星期2堂,每堂2小時,"：星期六 1500-2300, 星期日 0900-2300, 導師必須在以上時段補習","： 期望最快上課時間:3天內,粵語授課、全英文授課、普通話授課,急單補習(需要在兩天內開始上第一堂課),不接受視像",0-5位導師,17/4/2026 下午10:11:06
218231,小五,英文,每小時$170 - 210,紅磡(上門補習),2026-04-17 20:53:35,：黃埔,一星期2堂,每堂2小時,"：星期日 1200-1500, 時間可再商議","： 嚴格, 有耐性, 全職導師, 期望最快上課時間:7天內,粵語授課、全英文授課、普通話授課,不接受視像",0-5位導師,17/4/2026 下午10:11:07
218230,K3,小提琴,每小時$230 - 300,大坑(上門補習),2026-04-17 20:46:23,：渣甸山睦誠道,一星期2堂,每堂1小時,"：星期一 1030, 星期三 1030, 星期四 1030, 星期五 1030, 時間可再商議","： 期望最快上課時間:2星期內,不接受視像",0-5位導師,17/4/2026 下午10:11:08
218235,國際學校 year12,Chemistry HL(英文),每小時$430 - 500,火炭(上門補習),2026-04-17 20:34:16,：星凱堤岸,一星期1堂,每堂2小時,"：星期一 0900-2100, 星期二 0900-2100, 星期三 0900-2100, 星期四 0900-2100, 星期五 0900-2100, 星期六 0900-2100, 星期日 0900-2100, 時間可再商議","： 期望最快上課時間:3天內,急單補習(需要在兩天內開始上第一堂課),不接受視像",0-5位導師,17/4/2026 下午10:11:10
218232,中四,物理(英文),每小時$180,馬鞍山(上門補習),2026-04-17 20:21:39,：新港城,一星期1堂,每堂1.5小時,"：星期五 17-19, 時間可再商議","： 有耐性, 提供筆記, 提供練習／試題, 期望最快上課時間:7天內,粵語授課,不接受視像",0-5位導師,17/4/2026 下午10:11:11
218244,中四,物理(英文),每小時$250 - 300,大埔(公眾地方),2026-04-17 22:52:57,：白石角海日湾*期會所,一星期1堂,每堂1.5小時,：,"： 有耐性, 有耐性, 周一/二/四/五晚7:00後補， 5*以上",0-5位導師,17/4/2026 下午11:18:41
218243,小一,英文,每小時$110 - 150,灣仔(上門補習),2026-04-17 22:52:39,：文興大廈,一星期1堂,每堂1.5小時,,"： 有耐性, 有愛心, 有經驗, 星期六上堂, 不接受視像，廣東話授課",0-5位導師,17/4/2026 下午11:18:42
218242,中四,英文,每小時$200,大圍(上門補習),2026-04-17 22:37:55,：美村,一星期1堂,每堂1.5小時,"：星期五 1800-1900, 時間可再商議","： 有讀寫障礙,期望最快上課時間:7天內,粵語授課,不接受視像",0-5位導師,17/4/2026 下午11:18:43
218241,中四,經濟(英文),每小時$180 - 220,火炭(上門或視像皆可),2026-04-17 22:22:29,：The Arles,一星期1堂,每堂1.5小時,,"： 嚴格, 提供筆記, 有經驗, 期望最快上課時間:2星期內,粵語授課",0-5位導師,17/4/2026 下午11:18:44
218240,中二,中文,每小時$160 - 200,將軍澳(上門補習),2026-04-17 22:06:15,：將軍澳中心,一星期2堂,每堂2小時,"：星期一 1700-1900, 星期二 1700-1900, 星期四 1700-1900, 星期五 1700-1900, 時間可再商議","： 提供練習／試題, 長補, 有經驗, 期望最快上課時間:2星期內,粵語授課,不接受視像",0-5位導師,17/4/2026 下午11:18:45
218245,小五,全科(中文),每小時$150 - 190,觀塘(上門補習),2026-04-17 23:23:05,：寶𤦍苑寶翠閣**樓** 室,一星期3堂,每堂1.5小時,"：星期一 1500-1830, 星期三 1700-1830, 星期五 1700-1830, 時間可再商議","： 期望最快上課時間:3天內,粵語授課,不接受視像",0-5位導師,18/4/2026 上午12:17:29
218246,中五,數學(英文),每小時$250 - 290,青衣(公眾地方),2026-04-18 00:18:39,,一星期2堂,每堂2小時,"：星期一 5-7, 星期二 5-7, 星期三 5-7, 星期四 5-7, 星期五 5-7, 星期六 12-2, 星期日 12-2, 時間可再商議","： 提供練習／試題, 期望最快上課時間:7天內,粵語授課、全英文授課,不接受視像",6-10位導師,18/4/2026 上午1:12:25
218247,中四,數學(英文),每小時$230 - 270,元朗(視像補習),2026-04-18 02:50:39,：峻朗,一星期1堂,每堂1.5小時,"：星期一 1800-1900, 導師必須在以上時段補習","： 有耐性, 提供練習／試題, 針對學生弱項, 期望最快上課時間:7天內,粵語授課",0-5位導師,18/4/2026 上午3:21:47
218248,中四,數學(中文),每小時$180 - 250,土瓜灣(公眾地方),2026-04-18 08:44:20,：Starbucks,一星期1堂,每堂2小時,"：星期三 1800-2000, 時間可再商議","： 期望最快上課時間:2星期內,粵語授課,不接受視像",0-5位導師,18/4/2026 上午9:04:01
218260,K3,全科(英文),每小時$250 - 350,觀塘(上門補習),2026-04-18 11:53:05,：安泰邨,一星期5堂,每堂2小時,"：星期一 1000-1200, 星期二 1000-1200, 星期三 1000-1200, 星期四 1000-1200, 星期五 1000-1200, 導師必須在以上時段補習","： 學生情況是自閉症 言語/社交/認知較差，一般數字/英文字母是無問題的，但其他詞語/加減數唔識 ，導師必須有教開特殊學校/特殊小朋友的經驗，希望可以幫同學追返進度，9月想讀返主流學校K3,不接受視像【可兩位導師夾一星期時間】",0-5位導師,18/4/2026 下午12:04:14
218259,中四,英文,每小時$200 - 240,荃灣(公眾地方),2026-04-18 11:40:37,,一星期1堂,每堂1.5小時,"：星期三 1700-1800, 星期六 1700-1800, 星期日 1700-1800, 時間可再商議","： 期望最快上課時間:7天內,粵語授課,不接受視像",0-5位導師,18/4/2026 下午12:04:15
218258,小五,"中文,數學(中文),常識(中文)",每小時$150 - 200,馬鞍山(上門補習),2026-04-18 11:32:43,：耀安村,一星期3堂,每堂1.5小時,：,"： 有耐性, 提供筆記, 提供練習／試題, 嚴格要求小朋友溫書,長需求,不接受視像",0-5位導師,18/4/2026 下午12:04:16
218257,中一,數學(中文),每小時$210 - 250,天水圍(上門補習),2026-04-18 11:16:18,：天耀邨,一星期1堂,每堂1.5小時,"：星期一 1630-1800, 時間可再商議","： 有耐性, 提供筆記, 提供練習／試題, 教師要夠惡,期望最快上課時間:3天內,粵語授課,有特殊學習需要,不接受視像",0-5位導師,18/4/2026 下午12:04:17
218256,中四,物理(英文),每小時$180 - 400,樂富(公眾地方),2026-04-18 11:06:25,：樂富廣場,一星期1堂,每堂1.5小時,"：星期一 1700-1830, 時間可再商議","： 期望最快上課時間:一個月內,粵語授課,不接受視像",0-5位導師,18/4/2026 下午12:04:19
218255,中五,中文,每小時$250 - 290,"屯門,元朗(公眾地方)",2026-04-18 10:52:33,：屯門市廣場/YOHO,一星期1堂,每堂1.5小時,"：星期二 1800-1930, 星期五 1700-1830, 星期六 1600-1730, 時間可再商議","： 期望最快上課時間:2星期內,粵語授課,不接受視像",0-5位導師,18/4/2026 下午12:04:20
218254,小五,英文,每小時$170 - 210,彩虹(上門補習),2026-04-18 10:41:38,：清水灣道*號,一星期1堂,每堂1.5小時,"：星期五 1700-1830, 時間可再商議","： 有耐性, 期望最快上課時間:7天內,粵語授課,不接受視像",0-5位導師,18/4/2026 下午12:04:21
218253,中五,生物(英文),每小時$250 - 290,青衣(公眾地方),2026-04-18 10:13:14,,一星期1堂,每堂1.5小時,"：星期一 1600-1730, 星期二 1600-1730, 星期四 1600-1730, 時間可再商議","： 指導功課, 期望最快上課時間:2星期內,粵語授課,不接受視像",0-5位導師,18/4/2026 下午12:04:22
218252,中五,化學(英文),每小時$250 - 300,青衣(公眾地方),2026-04-18 10:10:27,,一星期1堂,每堂1.5小時,"：星期一 1600-1730, 星期二 1600-1730, 星期四 1600-1730, 時間可再商議","： 期望最快上課時間:2星期內,粵語授課,不接受視像",0-5位導師,18/4/2026 下午12:04:24
218249,中三,英文,每小時$190 - 280,堅尼地城(上門補習),2026-04-18 08:58:13,：翰林軒,一星期1堂,每堂1.5小時,"：星期一 1630-1900, 星期四 1630-1900, 星期六 1430-1700, 星期日 1430-1700, 時間可再商議","： 提供筆記, 提供練習／試題, 期望最快上課時間:7天內,粵語授課,不接受視像",6-10位導師,18/4/2026 下午12:04:24
218250,中三,中文,每小時$190 - 280,堅尼地城(上門補習),2026-04-18 08:58:13,：翰林軒,一星期1堂,每堂1.5小時,"：星期一 1630-1900, 星期四 1630-1900, 星期六 1430-1700, 星期日 1430-1700, 時間可再商議","： 提供筆記, 提供練習／試題, 期望最快上課時間:7天內,粵語授課,不接受視像",0-5位導師,18/4/2026 下午12:04:25
218268,小二,"英文,數學(英文)",每小時$140 - 230,"大埔,太和(上門補習)",2026-04-18 13:40:14,：目前在康樂園；之後會搬去淺月灣（在教大附近）,一星期3堂,每堂1.5小時,,： 不接受視像，數學英文卷；教大/中大導師，有耐心,0-5位導師,18/4/2026 下午1:49:08
218265,小六,"英文,數學(英文)",每小時$140 - 230,"大埔,太和(上門補習)",2026-04-18 13:34:45,：目前在康樂園；之後會搬去淺月灣（在教大附近）,一星期3堂,每堂1.5小時,,： 不接受視像，數學英文卷；教大導師，有耐心,0-5位導師,18/4/2026 下午1:49:09
218266,中四,M2(英文),每小時$300 - 500,荔枝角(公眾地方),2026-04-18 13:32:38,：宇晴軒會所,一星期1堂,每堂2小時,"：星期五 17-19, 時間可再商議","： 期望最快上課時間:1個月後,粵語授課,不接受視像",0-5位導師,18/4/2026 下午1:49:10
218267,中二,英文,每小時$230 - 270,元朗(上門補習),2026-04-18 13:22:43,：寶城洋樓,一星期1堂,每堂1.5小時,"：星期六 1500-1630, 時間可再商議","： 提供練習／試題, 針對學生弱項, 了解學生不足, 期望最快上課時間:7天內,全英文授課,不接受視像",0-5位導師,18/4/2026 下午1:49:11
218264,小一,英文,每小時$160 - 200,油麻地(上門補習),2026-04-18 13:16:45,：駿發花園,一星期2堂,每堂1.5小時,"：星期二 1600-1700, 星期五 1600-1700, 時間可再商議","： 讀寫障礙,期望最快上課時間:2星期內,粵語授課、全英文授課,有特殊學習需要,不接受視像",0-5位導師,18/4/2026 下午1:49:12
218263,中四,中文,每小時$180 - 210,啟德(公眾地方),2026-04-18 12:51:58,,一星期1堂,每堂1.5小時,,"： 中文作文，啟德或者附近都可以【請導師備註地點】,不接受視像",0-5位導師,18/4/2026 下午1:49:14
218262,中三 (2人),"英文,英文",每小時$240 - 400,屯門(公眾地方),2026-04-18 12:24:51,：屯門市廣場kfc,一星期1堂,每堂1.5小時,"：星期一 1600-1700, 導師必須在以上時段補習","： 有耐性, 期望最快上課時間:7天內,粵語授課,不接受視像",0-5位導師,18/4/2026 下午1:49:15
218261,中五,經濟(中文),每小時$220 - 500,何文田(上門補習),2026-04-18 12:14:12,：半山壹號,一星期1堂,每堂1.5小時,：,： 不接受視像,0-5位導師,18/4/2026 下午1:49:16
218270,中一,英文,每小時$180 - 220,黃大仙(上門補習),2026-04-18 14:34:42,：Lok Fu estate,一星期2堂,每堂2小時,"：星期六 1300-1800, 星期日 1300-1800, 導師必須在以上時段補習","： 有耐性, 提供筆記, 有愛心, 期望最快上課時間:7天內,粵語授課、全英文授課,不接受視像",0-5位導師,18/4/2026 下午2:53:25
218269,中四,M1(英文),每小時$180 - 220,"北角,鰂魚涌,太古城,銅鑼灣(公眾地方)",2026-04-18 14:03:34,,一星期1堂,每堂1.5小時,"：星期一 1700-2000, 星期三 1700-2000, 星期六 1400-1800, 星期日 1000-1300, 時間可再商議","： 提供筆記, 提供練習／試題, 期望最快上課時間:2星期內,粵語授課,不接受視像",0-5位導師,18/4/2026 下午2:53:26
218277,中四,化學(英文),每小時$180 - 220,長沙灣(上門補習),2026-04-18 15:52:42,：怡阁苑,一星期1堂,每堂1.5小時,"：星期六 1000-1800, 星期日 1000-1800, 時間可再商議","： 有耐性, 期望最快上課時間:7天內,全英文授課,不接受視像",0-5位導師,18/4/2026 下午3:59:08
218276,小三,全科(中文),每小時$140 - 180,視像補習,2026-04-18 15:46:40,,一星期1堂,每堂1小時,"：星期六 1300-1400, 時間可再商議","： 有耐性, 提供筆記, 提供練習／試題, 讀寫障礙,期望最快上課時間:一個月內,粵語授課,有特殊學習需要",0-5位導師,18/4/2026 下午3:59:10
218275,中四,生物(英文),每小時$180 - 220,第一城(公眾地方),2026-04-18 15:09:47,,一星期1堂,每堂2小時,"：星期三 1800-1930, 星期六 1500-1630, 星期日 1700-1830, 時間可再商議","： 有耐性, 幫助操練, 針對學生弱項, 期望最快上課時間:7天內,粵語授課,不接受視像",0-5位導師,18/4/2026 下午3:59:11
218271,小二,英文,每小時$170 - 200,天水圍(公眾地方),2026-04-18 14:57:09,：嘉湖會所,一星期1堂,每堂1.5小時,"：星期三 4:00-5:30, 星期四 4:00-5:30",： 不接受視像,0-5位導師,18/4/2026 下午3:59:12
218272,小四 (2人),中文,每小時$170 - 210,觀塘(上門補習),2026-04-18 14:53:39,：安秀苑,一星期1堂,每堂1.5小時,"：星期六 0930-1530, 時間可再商議","： 小二、小四,期望最快上課時間:1個月後,粵語授課,不接受視像",6-10位導師,18/4/2026 下午3:59:13
218273,小四 (2人),英文,每小時$170 - 210,觀塘(上門補習),2026-04-18 14:53:39,：安秀苑,一星期1堂,每堂1.5小時,"：星期六 0930-1530, 時間可再商議","： 小二、小四,期望最快上課時間:1個月後,粵語授課,不接受視像",0-5位導師,18/4/2026 下午3:59:15
218274,小四 (2人),數學(中文),每小時$170 - 210,觀塘(上門補習),2026-04-18 14:53:39,：安秀苑,一星期1堂,每堂1.5小時,"：星期六 0930-1530, 時間可再商議","： 小二、小四,期望最快上課時間:1個月後,粵語授課,不接受視像",6-10位導師,18/4/2026 下午3:59:16
218281,中三,"數學(英文),物理(英文),化學(英文)",每小時$170 - 250,"深井,青龍頭(上門補習)",2026-04-18 16:27:46,：豪景花園,一星期1堂,每堂2小時,：,"： 三科都要補,不接受視像",0-5位導師,18/4/2026 下午5:02:16
218280,小四,數學(中文),每小時$300 - 450,九龍塘(上門補習),2026-04-18 16:19:50,：喇沙利道,一星期1堂,每堂1小時,：,"： 其他, 要現職教師或曾任職的學校數學老師,不接受視像；學生不要申請",0-5位導師,18/4/2026 下午5:02:17
218282,中二,數學(英文),每小時$160 - 240,荔枝角(上門補習),2026-04-18 16:07:23,：昇悅居,一星期1堂,每堂1.5小時,"：星期一 1700-1800, 星期四 1700-1800, 時間可再商議","： 期望最快上課時間:3天內,粵語授課,不接受視像",6-10位導師,18/4/2026 下午5:02:18
218279,中四,公民與社會發展科(英文),每小時$180 - 220,長沙灣(上門補習),2026-04-18 16:01:35,：怡阁苑,一星期1堂,每堂1.5小時,"：星期六 1000-1800, 星期日 1000-1800, 時間可再商議","： 有耐性, 期望最快上課時間:7天內,全英文授課,不接受視像",0-5位導師,18/4/2026 下午5:02:19
218278,小五,全科(英文),每小時$200 - 240,屯門(上門補習),2026-04-18 15:59:45,：景新臺,一星期1堂,每堂1.5小時,"：星期五 1600, 星期六 1300, 導師必須在以上時段補習","： 有經驗, 有呈分試經驗的老師，期望最快上課時間:2星期內,粵語授課、普通話授課,不接受視像，最好係星期六",0-5位導師,18/4/2026 下午5:02:20
218290,小三 (2人),全科(中文),每小時$140 - 180,觀塘(上門補習),2026-04-18 17:53:21,：曉麗苑,一星期3堂,每堂1.5小時,"：星期一 1630-1800, 星期二 1630-1800, 星期三 1630-1800, 星期四 1630-1800, 時間可再商議","： 期望最快上課時間:2星期內,粵語授課,不接受視像",0-5位導師,18/4/2026 下午5:58:46
218289,中四,數學(中文),每小時$180 - 220,筲箕灣(上門補習),2026-04-18 17:37:54,：愛蝶灣,一星期0.5堂,每堂1.5小時,：,"： 隔週補，每兩星期補一堂,不接受視像",0-5位導師,18/4/2026 下午5:58:48
218288,中四,英文,每小時$180 - 220,筲箕灣(上門補習),2026-04-18 17:37:14,：愛蝶灣,一星期1堂,每堂1.5小時,,"： 期望最快上課時間:7天內,不接受視像",0-5位導師,18/4/2026 下午5:58:49
218287,中四,中文,每小時$180 - 220,筲箕灣(上門補習),2026-04-18 17:36:58,：愛蝶灣,一星期1堂,每堂1.5小時,,"： 期望最快上課時間:7天內,不接受視像",0-5位導師,18/4/2026 下午5:58:50
218286,year4,English(B)(英文),每小時$310 - 380,赤柱(上門補習),2026-04-18 17:13:56,：宿舍,一星期2堂,每堂1.5小時,"：星期二 1600-1800, 星期五 1600-1800, 時間可再商議","： 願意支付額外交通金額(HKD): 30.00, 期望最快上課時間:3天內,不接受視像",0-5位導師,18/4/2026 下午5:58:51
218285,小二,全科(英文),每小時$140 - 180,美孚(上門補習),2026-04-18 17:11:31,：美孚新村,一星期2堂,每堂1.5小時,"：星期一 1900-2030, 星期三 1900-2030, 星期四 1900-2030, 時間可再商議","： 嚴格, 有耐性, 細心, 期望最快上課時間:7天內,粵語授課,不接受視像",0-5位導師,18/4/2026 下午5:58:52
218284,小四,中文,每小時$150 - 260,火炭(上門補習),2026-04-18 17:02:49,：駿洋邨,一星期1堂,每堂1.5小時,"：星期四 1700-1800, 時間可再商議","： 長補, 緊貼學校進度, 針對學生弱項, 主要針對閱讀理解,期望最快上課時間:7天內,粵語授課,不接受視像",0-5位導師,18/4/2026 下午5:58:53
218283,中二,英文,每小時$180 - 280,觀塘(公眾地方),2026-04-18 16:50:40,,一星期1堂,每堂2小時,"：星期一 1730-1900, 星期二 1730-1900, 星期三 1615-1900, 星期四 1615-1900, 星期五 1915-2100, 時間可再商議","： 有耐性, 提供筆記, 針對學生弱項, 期望最快上課時間:2星期內,粵語授課,不接受視像",0-5位導師,18/4/2026 下午5:58:55
218294,中四,中文,每小時$230 - 250,粉嶺(上門補習),2026-04-18 18:41:34,：牽晴間,一星期1堂,每堂1.5小時,"：星期六 0900-1800, 星期日 0900-1500, 時間可再商議","： 嚴格, 期望最快上課時間:3天內,普通話授課,不接受視像",0-5位導師,18/4/2026 下午6:54:05
218293,中三,英文,每小時$190 - 230,深水埗(上門補習),2026-04-18 18:40:37,：蘇屋村,一星期1堂,每堂1.5小時,：,"： 小朋友有ADHD 想一個有小小關於這方面的經驗，同耐性+守時的補習老師,，希望可以小朋友唔使返學的日子同假期可以補習到 不接受視像",0-5位導師,18/4/2026 下午6:54:06
218292,year11,數學(英文),每小時$400 - 500,何文田(上門或視像皆可),2026-04-18 18:25:10,,一星期1堂,每堂1.5小時,,"： 全職導師, after 4pm , 【NEED an experienced IB tutor、maths degree、full time tutor】",0-5位導師,18/4/2026 下午6:54:07
218291,中四,數學(中文),每小時$180 - 450,康城(上門或視像皆可),2026-04-18 18:04:04,：領都**座,一星期1堂,每堂1.5小時,"：星期三 1730-1900, 時間可再商議","： 期望最快上課時間:7天內,普通話授課",0-5位導師,18/4/2026 下午6:54:08
218296,中四,經濟(英文),每小時$230,屯門(上門補習),2026-04-18 19:30:13,：欣田邨,一星期1堂,每堂1.5小時,"：星期二 1635-1735, 星期四 1635-1735, 導師必須在以上時段補習","： 緊貼學校進度, 提升解題技巧, 了解學生不足, 期望最快上課時間:7天內,粵語授課、全英文授課,不接受視像",0-5位導師,18/4/2026 下午7:35:26
218295,中四 (2人),"數學(英文),物理(英文),化學(英文)",每小時$170 - 250,"深井,青龍頭(上門補習)",2026-04-18 19:25:40,：豪景花園,一星期1堂,,,"： 三科都要補,不接受視像",0-5位導師,18/4/2026 下午7:35:28
218304,國際學校 year7,小提琴,每小時$230 - 300,九龍城(上門補習),2026-04-18 21:28:48,：启德,一星期1堂,每堂1.5小時,"：星期六 1600, 時間可再商議","： 期望最快上課時間:7天內,會考慮HKDSE導師,不接受視像",0-5位導師,18/4/2026 下午9:34:16
218303,國際學校 year7,鋼琴,每小時$230 - 300,九龍城(上門補習),2026-04-18 21:26:28,：启德,一星期1堂,每堂1.5小時,"：星期三 1700, 時間可再商議","： 期望最快上課時間:7天內,會考慮HKDSE導師,不接受視像",0-5位導師,18/4/2026 下午9:34:17
218301,國際學校 year7,English Literature(英文),每小時$280 - 350,九龍城(上門補習),2026-04-18 21:22:08,：启德,一星期1堂,每堂1.5小時,"：星期一 1700, 時間可再商議","： 期望最快上課時間:3天內,不接受視像",0-5位導師,18/4/2026 下午9:34:18
218302,小三,數學(中文),每小時$130 - 170,葵芳(上門補習),2026-04-18 21:21:43,：葵芳邨,一星期2堂,每堂1.5小時,"：星期六 1000-1200, 星期日 1000-1200, 時間可再商議","： 有耐性, 遊戲教學, 緊貼學校進度, 有讀寫障礙,期望最快上課時間:3天內,粵語授課,有特殊學習需要,不接受視像",0-5位導師,18/4/2026 下午9:34:19
218300,中四,生物(英文),每小時$180 - 250,沙田(公眾地方),2026-04-18 21:18:03,：第一城Starbucks,一星期1堂,每堂1.5小時,"：星期三 1700-1800, 導師必須在以上時段補習","： 期望最快上課時間:1個月後,粵語授課,不接受視像",0-5位導師,18/4/2026 下午9:34:20
218299,中二,英文,每小時$180 - 220,馬鞍山(上門補習),2026-04-18 21:05:50,：福安花園,一星期1堂,每堂1.5小時,"：星期日 1330-1500, 時間可再商議","： 有耐性, 針對學生弱項, 了解學生不足, 學生程度及基礎薄弱，所以必須有耐性，由淺入深,期望最快上課時間:7天內,粵語授課,不接受視像",0-5位導師,18/4/2026 下午9:34:21
218298,中三,生物(英文),每小時$170 - 360,長沙灣(上門補習),2026-04-18 21:02:32,：長沙灣荔枝角道***號泓景臺,一星期2堂,每堂1.5小時,,"： 有耐性, 提供筆記, 提供練習／試題, 期望最快上課時間:2星期內,粵語授課,不接受視像",0-5位導師,18/4/2026 下午9:34:22
218297,中二,中文,每小時$160 - 200,石門(上門補習),2026-04-18 20:28:01,：.,一星期1堂,每堂1.5小時,"：星期六 1000-1130, 導師必須在以上時段補習","： 期望最快上課時間:3天內,粵語授課,不接受視像",0-5位導師,18/4/2026 下午9:34:23
218309,year3,英文,每小時$110 - 190,將軍澳(上門補習),2026-04-18 22:08:39,：地鐵行3 分鐘,一星期2堂,每堂1.5小時,,： 不接受視像,0-5位導師,18/4/2026 下午10:23:16
218308,中三,"物理(英文),生物(英文)",每小時$170,大埔(上門補習),2026-04-18 21:52:36,：雲匯,一星期1堂,每堂1.5小時,"：星期二 1730-1830, 星期五 1730-1830, 星期六 1400-1800, 星期日 0900-1600, 時間可再商議","： 提供練習／試題, 提升解題技巧, 了解學生不足, 期望最快上課時間:2星期內,粵語授課、全英文授課,不接受視像",0-5位導師,18/4/2026 下午10:23:17
218307,中五,數學(英文),每小時$200 - 250,上水(上門補習),2026-04-18 21:50:21,：火车站附近,一星期1堂,每堂1.5小時,,"： 需要有經驗的； 主要是教阅读，需要大補地區的導師,不接受視像",0-5位導師,18/4/2026 下午10:23:18
218305,小五,中文,每小時$150 - 190,彩虹(上門補習),2026-04-18 21:32:38,：曉暉,一星期1堂,每堂1.5小時,"：星期六 1400-1700, 時間可再商議","： 期望最快上課時間:2星期內,粵語授課,不接受視像",0-5位導師,18/4/2026 下午10:23:19
218306,小五,數學(中文),每小時$150 - 190,彩虹(上門補習),2026-04-18 21:32:38,：曉暉,一星期1堂,每堂1.5小時,"：星期六 1400-1700, 時間可再商議","： 期望最快上課時間:2星期內,粵語授課,不接受視像",0-5位導師,18/4/2026 下午10:23:20
218314,小二,中文,每小時$140 - 180,啟德(上門補習),2026-04-18 23:01:48,：書院道/宋王臺地鐵站,一星期2堂,每堂1.5小時,,,0-5位導師,18/4/2026 下午11:05:58
218312,中三,化學(英文),每小時$170 - 210,馬鞍山(上門補習),2026-04-18 22:44:41,：海典居,一星期1堂,每堂1.5小時,,"： 有經驗, 期望最快上課時間:3天內,粵語授課、全英文授課,不接受視像",0-5位導師,18/4/2026 下午11:05:59
218313,中三,英文,每小時$190 - 230,葵涌(上門補習),2026-04-18 22:42:59,：嘉翠園,一星期1堂,每堂1.5小時,"：星期日 1000-1130, 導師必須在以上時段補習","： 期望最快上課時間:7天內,粵語授課,不接受視像",0-5位導師,18/4/2026 下午11:06:00
218311,中四,M2(英文),每小時$180 - 200,何文田(公眾地方),2026-04-18 22:34:22,：何文田,一星期2堂,每堂2小時,"：星期二 1700-1900, 星期日 1600-1900, 導師必須在以上時段補習","： 提供筆記, 提供練習／試題, 提升解題技巧, 期望最快上課時間:7天內,粵語授課,不接受視像",0-5位導師,18/4/2026 下午11:06:02
218310,小三,中文,每小時$190 - 230,華富(上門補習),2026-04-18 22:18:18,：華貴邨,一星期2堂,每堂2小時,"：星期六 1730-1930, 星期日 1030-1330, 時間可再商議","： 嚴格, 有耐性, 有經驗, 學生對中文字閱讀及寫作毫無興趣及抗拒，令中文科及常識科長期不及格，希望幫助提高學習興趣、閱讀及寫作能力從而達致及格。,期望最快上課時間:2星期內,粵語授課、普通話授課,不接受視像",0-5位導師,18/4/2026 下午11:06:03
218316,小一,數學(英文),每小時$190 - 250,粉嶺(上門補習),2026-04-18 23:33:56,：和興村,一星期1堂,每堂1.5小時,"：星期六 1000, 導師必須在以上時段補習","： 期望最快上課時間:2星期內,全英文授課,不接受視像",0-5位導師,18/4/2026 下午11:52:53
218317,小一,中文,每小時$190 - 250,粉嶺(上門補習),2026-04-18 23:33:56,：和興村,一星期1堂,每堂1.5小時,"：星期六 1000, 導師必須在以上時段補習","： 期望最快上課時間:2星期內,粵語授課,不接受視像",0-5位導師,18/4/2026 下午11:52:55
218315,小四,中文,每小時$200 - 240,東涌(上門補習),2026-04-18 23:07:37,：裕雅苑,一星期1堂,每堂1.5小時,"：星期四 1900-2000, 星期五 1900-2000, 時間可再商議","： 有耐性, 提升解題技巧, 上課不可以玩手機, 期望最快上課時間:2星期內,粵語授課,不接受視像",0-5位導師,18/4/2026 下午11:52:56
218318,小五,英文,每小時$170 - 280,觀塘(上門補習),2026-04-19 01:15:46,：協威園,一星期1堂,每堂1.5小時,"：星期六 1030-1200, 導師必須在以上時段補習","： 有耐性, 提升寫作能力, 期望最快上課時間:7天內,全英文授課,不接受視像",0-5位導師,19/4/2026 上午1:59:34
218320,小二,中文,每小時$140 - 300,北角(上門補習),2026-04-19 07:24:24,：百福花園,一星期2堂,每堂1.5小時,"：星期一 1530-1630/1800-2000, 星期三 1530-1630/1800-2000, 星期五 1530-1630/1800-2000, 時間可再商議","： 有耐性, 考試成績70-90,期望最快上課時間:2星期內,粵語授課,不接受視像",0-5位導師,19/4/2026 上午7:49:08
218319,35-40歲,英文,每小時$220 - 260,"大圍,沙田(上門補習)",2026-04-19 07:21:30,：溱岸*號,一星期1堂,每堂1.5小時,"：星期一 1800-1900, 星期二 1800-1900, 星期三 1800-1900, 星期四 1800-1900, 星期五 1800-1900, 導師必須在以上時段補習","： 期望最快上課時間:3天內,粵語授課,不接受視像",0-5位導師,19/4/2026 上午7:49:10
218327,小三,中文,每小時$180,北角(上門補習),2026-04-19 11:59:47,：皇冠大廈,一星期2堂,每堂2小時,,"： 有耐性, 期望最快上課時間:3天內,有特殊學習需要,不接受視像，教中國文言文",0-5位導師,19/4/2026 下午12:26:18
218328,中二,英文,每小時$180 - 210,天后(上門補習),2026-04-19 11:48:18,：天後廟道**號傲龍軒,一星期1堂,每堂1.5小時,"：星期日 0900-1030, 時間可再商議","： 期望最快上課時間:7天內,普通話授課,不接受視像",0-5位導師,19/4/2026 下午12:26:19
218326,小一,中文,每小時$140 - 180,柴灣(上門補習),2026-04-19 11:44:29,：樂軒台,一星期3堂,每堂1.5小時,"：, 時間可再商議","： 有耐性, 指導功課, 緊貼學校進度, 有補sen經驗，有耐性, 指導功課, 緊貼學校進度, 要包含到 寫作技巧、語法、詞彙、閱讀理解；每星期一日下晝六點後（Monday to Friday ) 或12pm -3pm 時段(Sat to Sunday) 1.5～2hours,不接受視像",0-5位導師,19/4/2026 下午12:26:20
218325,中三,數學(英文),每小時$160,視像補習,2026-04-19 11:32:06,,一星期1堂,每堂1小時,"：星期六 1700-2100, 星期日 1700-2100, 時間可再商議","： 有耐性, 提供練習／試題, 引起學生學習興趣, 女導師,期望最快上課時間:3天內,粵語授課",0-5位導師,19/4/2026 下午12:26:21
218324,中三,中文,每小時$210 - 250,屯門(上門補習),2026-04-19 11:31:30,：大兴花园,一星期1堂,每堂1.5小時,,： 不接受視像,0-5位導師,19/4/2026 下午12:26:22
218323,小二,"英文,功課(英文)",每小時$200 - 230,啟德(上門補習),2026-04-19 11:28:35,：天璽天,一星期2堂,每堂1.5小時,：,： 不接受視像,0-5位導師,19/4/2026 下午12:26:23
218322,year12,English(A)SL(英文),每小時$430 - 500,半山(視像補習),2026-04-19 11:24:31,"：Cloudridge, the peak",一星期1堂,每堂1.5小時,,： 期望最快上課時間:3天內，IA oral要出色的老師。,0-5位導師,19/4/2026 下午12:26:24
218321,中三,"英文,數學(英文)",每小時$190 - 300,"長沙灣,南昌,美孚,旺角(公眾地方)",2026-04-19 10:45:39,,一星期2堂,每堂2小時,"：星期六 1630-1830, 星期日 1630-1830, 導師必須在以上時段補習","： 有耐性, 提供練習／試題, 引起學生學習興趣, 期望最快上課時間:7天內,粵語授課、全英文授課,不接受視像",6-10位導師,19/4/2026 下午12:26:25
218342,中四,Science(英文),每小時$180 - 250,美孚(上門補習),2026-04-19 14:01:53,：昇悦居,一星期1堂,每堂1.5小時,,"： 星期四 6:30pm 之後 星期六日要12:30pm,不接受視像",0-5位導師,19/4/2026 下午2:16:15
218341,中五,化學(英文),每小時$200 - 240,大埔(上門補習),2026-04-19 13:50:39,：倚龍山莊,一星期1堂,每堂1.5小時,"：星期二 1730-1900, 星期三 1730-1900, 星期六 1100-1230, 時間可再商議","： 期望最快上課時間:2星期內,全英文授課,不接受視像",0-5位導師,19/4/2026 下午2:16:16
218340,中四,化學(英文),每小時$180 - 220,馬鞍山(上門補習),2026-04-19 13:47:50,：Monte vista,一星期1堂,每堂1.5小時,"：星期三 1500, 星期六 1400, 時間可再商議","： 有耐性, 有經驗, 細心, 期望最快上課時間:2星期內,粵語授課,不接受視像",0-5位導師,19/4/2026 下午2:16:17
218339,中四,英文,每小時$200 - 240,深水埗(公眾地方),2026-04-19 13:47:22,,一星期1堂,每堂2小時,"：星期六 1000, 時間可再商議","： 期望最快上課時間:7天內,粵語授課,不接受視像",0-5位導師,19/4/2026 下午2:16:18
218338,year4,Mathematics(英文),每小時$260 - 330,視像補習,2026-04-19 13:38:33,,一星期1堂,每堂1.5小時,"：星期六 0900-1300, 時間可再商議",： 期望最快上課時間:一個月內,6-10位導師,19/4/2026 下午2:16:19
218337,中四,"數學(中文),經濟(中文)",每小時$200,屯門(上門補習),2026-04-19 13:32:38,：v city,一星期1堂,每堂1.5小時,"：星期六 pm, 星期日 pm",： 不接受視像,0-5位導師,19/4/2026 下午2:16:21
218335,小二,中文,每小時$350 - 500,大圍(上門補習),2026-04-19 13:29:09,：名城,一星期1堂,每堂1小時,：,"： 主要補中文寫作；現職教師 或 全職導師,不接受視像",0-5位導師,19/4/2026 下午2:16:22
218336,小一,功課(中文),每小時$140 - 180,炮台山(上門補習),2026-04-19 13:26:52,：富澤花園,一星期3堂,每堂1.5小時,"：星期一 1700-1800, 星期二 1700-1800, 星期三 1700-1800, 星期四 1700-1800, 星期五 1700-1800, 導師必須在以上時段補習","： 嚴格, 有耐性, 時間不合請不要申請, 專注力普通，有時會分心,期望最快上課時間:3天內,粵語授課,不接受視像",0-5位導師,19/4/2026 下午2:16:24
218334,中二,中文,每小時$160 - 200,大圍(上門補習),2026-04-19 13:01:52,：名城,一星期1堂,每堂1.5小時,"：星期二 1700, 導師必須在以上時段補習","： 提供練習／試題, 緊貼學校進度, 提升閱讀能力, 培僑書院畢業優先,期望最快上課時間:一個月內,粵語授課,不接受視像",0-5位導師,19/4/2026 下午2:16:25
218333,中五,英文,每小時$220 - 280,視像補習,2026-04-19 12:48:54,,一星期1堂,每堂1小時,"：星期一 2045-2200, 星期二 2045-2200, 星期四 2045-2200, 星期五 2045-2200, 星期六 2045-2200, 星期日 2045-2200, 時間可再商議","： 提供筆記, 提供練習／試題, 主要想focus reading 同 writting, 同埋導師每個禮拜改一次文. 要求曾考5*或以上,期望最快上課時間:7天內,粵語授課",6-10位導師,19/4/2026 下午2:16:26
218332,中五,數學(英文),每小時$200 - 280,視像補習,2026-04-19 12:45:43,,一星期1堂,每堂1小時,"：星期一 2045-2200, 星期二 2045-2200, 星期四 2045-2200, 星期五 2045-2200, 星期六 2045-2200, 星期日 2045-2200, 時間可再商議","： 提供筆記, 提供練習／試題, 要求曾考5*或以上,期望最快上課時間:7天內,粵語授課",11-15位導師,19/4/2026 下午2:16:28
218330,小五,英文,每小時$170 - 210,九龍城(上門補習),2026-04-19 12:42:13,：Kai tak,一星期2堂,每堂1.5小時,"：星期四 1630-1300, 星期日 1130-1300, 時間可再商議","： 期望最快上課時間:2星期內,粵語授課、全英文授課,有特殊學習需要,不接受視像",0-5位導師,19/4/2026 下午2:16:29
218331,中三,英文,每小時$190 - 320,荔枝角(上門補習),2026-04-19 12:41:45,：泓景臺,一星期2堂,每堂1.5小時,"：星期二 1700-1830, 星期四 1700-1830, 導師必須在以上時段補習","： 有耐性, 提供筆記, 提供練習／試題, 期望最快上課時間:2星期內,粵語授課,不接受視像",6-10位導師,19/4/2026 下午2:16:30
218329,中五,M2(英文),每小時$200 - 300,視像補習,2026-04-19 12:36:43,,一星期1堂,每堂1小時,"：星期一 2045-2200, 星期二 2045-2200, 星期四 2045-2200, 星期五 2045-2200, 星期六 2045-2200, 星期日 2045-2200, 時間可再商議","： 提供筆記, 提供練習／試題, 要求曾考5*或以上,期望最快上課時間:7天內,粵語授課",0-5位導師,19/4/2026 下午2:16:32
218344,中四,物理(英文),每小時$180 - 220,新蒲崗(上門或視像皆可),2026-04-19 15:24:42,：啟德簡約公屋,一星期0.5堂,每堂1.5小時,"：星期日 /1400-1530, 導師必須在以上時段補習","： 期望最快上課時間:7天內,全英文授課,有特殊學習需要,一個月補兩堂",0-5位導師,19/4/2026 下午3:50:25
218345,中五,化學(英文),每小時$200 - 320,深水埗(上門補習),2026-04-19 15:23:19,：美華大夏,一星期2堂,每堂2小時,"：星期二 1800-2000, 星期三 1800-2000, 星期四 1800-2000, 星期六 1400-1800, 星期日 1500-1800, 時間可再商議","： 提供練習／試題, 屋企有狗 希望老師唔好驚狗,期望最快上課時間:3天內,粵語授課,不接受視像",0-5位導師,19/4/2026 下午3:50:26
218343,小三,"數學(中文),英文",每小時$160 - 200,荃灣(上門補習),2026-04-19 15:16:45,：綠楊新邨,一星期2堂,每堂1.5小時,"：星期六 1500-1700, 星期日 1000-1200, 時間可再商議","： 期望最快上課時間:2星期內,粵語授課,不接受視像",0-5位導師,19/4/2026 下午3:50:27
218347,中五,中文,每小時$250 - 280,元朗(上門補習),2026-04-19 16:34:02,：錦上路,一星期2堂,每堂1.5小時,"：星期一 1800-2000, 星期二 1800-2000, 星期三 1800-2000, 星期四 1800-2000, 星期五 1800-2000, 星期六 1800-200, 星期日 1200-1500, 時間可再商議","： 提供練習／試題, 期望最快上課時間:2星期內,粵語授課,有特殊學習需要,急單補習(需要在兩天內開始上第一堂課),不接受視像",0-5位導師,19/4/2026 下午4:43:02
218346,中二,數學(英文),每小時$160 - 200,沙田(上門補習),2026-04-19 16:01:00,：雲疊花園,一星期1堂,每堂1.5小時,"：星期一 1730-1900, 星期二 1730-1900, 星期三 1730-1900, 星期四 1730-1900, 時間可再商議","： 提供筆記, 提供練習／試題, 針對學生弱項, 女導師，數學lv4或以上,期望最快上課時間:7天內,粵語授課,不接受視像",0-5位導師,19/4/2026 下午4:43:03
218352,中二,英文,每小時$200 - 220,葵涌(上門補習),2026-04-19 17:27:56,：葵聯邨,一星期1堂,每堂1.5小時,"：星期三 17:30-19:00, 導師必須在以上時段補習","： 不接受視像, 【需要有教學經驗的導師】",0-5位導師,19/4/2026 下午5:34:30
218351,中五,經濟(中文),每小時$200 - 280,旺角(上門補習),2026-04-19 17:05:09,：艷芳庭（近旺角站/旺角東站）,一星期2堂,每堂2小時,"：星期日 0900-2100, 導師必須在以上時段補習","： 有耐性, 提供練習／試題, 有經驗, 男老師，普通話上堂,期望最快上課時間:2星期內,普通話授課,不接受視像",0-5位導師,19/4/2026 下午5:34:31
218350,中五,中文,每小時$200 - 240,大埔(上門補習),2026-04-19 16:50:08,：太和轉小巴5分鐘,一星期1堂,每堂1.5小時,"：星期日 1200-1330, 時間可再商議","： 提供筆記, 提供練習／試題, 主攻了解白話文答題技巧及12篇範文精讀,期望最快上課時間:7天內,粵語授課,不接受視像",0-5位導師,19/4/2026 下午5:34:32
218349,中五,數學(英文),每小時$250 - 280,元朗(上門補習),2026-04-19 16:49:16,：錦上路,一星期1堂,每堂1.5小時,,"： 提供練習／試題, 可以上門或附近咖啡店上堂, 期望最快上課時間:2星期內,粵語授課,有特殊學習需要,急單補習(需要在兩天內開始上第一堂課),不接受視像",0-5位導師,19/4/2026 下午5:34:33
218348,year10,Geography(英文),每小時$180 - 250,美孚(上門補習),2026-04-19 16:47:40,：昇悦居,一星期1堂,每堂1.5小時,,"： UK year10, 星期四 6:30pm 之後 星期六日要12:30pm,不接受視像",0-5位導師,19/4/2026 下午5:34:34
218355,小五,中文,每小時$170 - 220,視像補習,2026-04-19 18:12:25,,一星期1堂,每堂1小時,：,"： 提供筆記, 提供練習／試題, 主修中文， dse 5*",0-5位導師,19/4/2026 下午6:23:17
218354,小六,中文,每小時$150 - 190,視像補習,2026-04-19 17:51:23,,一星期3堂,每堂1小時,"：星期一 1730-1830, 星期二 1730-1830, 星期三 1730-1830, 星期五 1730-1830, 導師必須在以上時段補習","： 嚴格, 有耐性, 期望最快上課時間:7天內,粵語授課",0-5位導師,19/4/2026 下午6:23:18
218353,中三,英文,每小時$200 - 330,樂富(上門補習),2026-04-19 17:50:42,：橫頭磡村,一星期1堂,每堂1.5小時,"：星期一 5-8, 星期二 7-9, 星期三 6-8, 星期五 5-8, 時間可再商議","： 有耐性, 提供筆記, 提供練習／試題, 期望最快上課時間:7天內,粵語授課、全英文授課、普通話授課,不接受視像",0-5位導師,19/4/2026 下午6:23:19
218357,小六,中文,每小時$150 - 190,沙田(上門補習),2026-04-19 19:01:45,：廣源邨,一星期1堂,每堂1.5小時,"：星期二 1545, 星期三 1545, 星期四 1545, 導師必須在以上時段補習","： 粵語授課、普通話授課,不接受視像；必須要固定補星期二/三/四【時間不符請勿申請】",0-5位導師,19/4/2026 下午7:06:56
218358,中四,化學(英文),每小時$180 - 220,荔枝角(上門補習),2026-04-19 19:01:27,：海麗邨海禧樓**樓****室,一星期1堂,每堂2小時,"：星期三 1700-1900, 時間可再商議","： 期望最快上課時間:3天內,粵語授課,不接受視像",0-5位導師,19/4/2026 下午7:06:57
218356,中五,化學(英文),每小時$250 - 260,香港仔(上門補習),2026-04-19 18:54:03,"：Ocean Court, Aberdeen Praya Road",一星期1堂,每堂1.5小時,"：星期六 1000-1130, 星期日 1100-1230, 時間可再商議","： 提供筆記, 提供練習／試題, 長補, 期望最快上課時間:7天內,全英文授課,不接受視像",0-5位導師,19/4/2026 下午7:06:58
218362,中四,M2(英文),每小時$180 - 300,荔枝角(上門補習),2026-04-19 19:28:53,：海麗邨海禧樓**樓****室,一星期1堂,每堂2小時,"：星期一 1700-1900, 導師必須在以上時段補習","： 期望最快上課時間:3天內,粵語授課,不接受視像",0-5位導師,19/4/2026 下午7:49:58
218361,中三,數學(中文),每小時$160 - 200,沙田(公眾地方),2026-04-19 19:20:56,,一星期2堂,每堂2小時,"：星期三 1800-2000, 時間可再商議","： 期望最快上課時間:2星期內,粵語授課,不接受視像",0-5位導師,19/4/2026 下午7:49:59
218360,中二,英文,每小時$180 - 220,西灣河(上門補習),2026-04-19 19:12:18,：嘉亨灣,一星期2堂,每堂1.5小時,"：星期二 1730-2100, 星期三 1900-2100, 星期六 0800-1400, 時間可再商議","： 有耐性, 提供練習／試題, 幫助操練, 期望最快上課時間:一個月內,粵語授課,不接受視像",0-5位導師,19/4/2026 下午7:50:00
218359,中五,會計(英文),每小時$210 - 230,觀塘(上門補習),2026-04-19 19:09:21,：秀茂坪曉麗苑,一星期1堂,每堂2小時,：星期五 5:00-7:00pm,"： 有耐性, 提供練習／試題, 不接受視像,【需要可以持續穩定上堂, 今年內不會做交流生的導師】",0-5位導師,19/4/2026 下午7:50:01
218367,國際學校 year9,英文,每小時$190 - 230,大埔(上門補習),2026-04-19 20:33:33,：大埔天钻,一星期1堂,每堂1.5小時,：,： 不接受視像,0-5位導師,19/4/2026 下午8:35:16
218366,小四,全科(中文),每小時$150 - 170,荃灣(上門補習),2026-04-19 20:22:24,：地鐵站行10分鐘內,一星期2堂,每堂2小時,"：星期一 1730-1900, 星期三 1730-1900, 星期四 1730-1900, 時間可再商議","： 嚴格, 有耐性, 長補, 期望最快上課時間:3天內,粵語授課,不接受視像",0-5位導師,19/4/2026 下午8:35:17
218365,中四,英文,每小時$200 - 240,鑽石山(公眾地方),2026-04-19 20:20:23,,一星期2堂,每堂2小時,"：星期六 1000-1800, 星期日 1000-1800, 時間可再商議","： 期望最快上課時間:2星期內,粵語授課,不接受視像",0-5位導師,19/4/2026 下午8:35:18
218364,小五,全科(中文),每小時$150 - 200,長沙灣(上門補習),2026-04-19 20:18:41,：echo house,一星期1堂,每堂1.5小時,"：星期一 5-6:30PM, 星期二 5-6:30PM, 星期三 5-6:30PM, 星期四 5-6:30PM","： 【针对今年呈分式的培训】,不接受視像",0-5位導師,19/4/2026 下午8:35:19
218363,中三,英文,每小時$240 - 280,青衣(上門補習),2026-04-19 19:59:49,：青衣警察宿舍（地鐵10分鐘、或轉乘巴士）,一星期1堂,每堂1.5小時,"：星期五 1630-2100, 星期六 0900-1100/1630-2100, 星期日 1030-2100, 導師必須在以上時段補習","： 每堂1小時15分，期望最快上課時間:2星期內,粵語授課、全英文授課,不接受視像",0-5位導師,19/4/2026 下午8:35:20
218370,中二,英文,每小時$180,視像補習,2026-04-19 20:54:23,,一星期2堂,每堂1.5小時,"：星期一 17-18, 星期二 17-18, 星期三 19-20, 星期四 19-20, 星期五 19-20, 星期六 8-9, 星期日 9-10, 導師必須在以上時段補習","： 期望最快上課時間:7天內,普通話授課",0-5位導師,19/4/2026 下午9:45:51
218369,大專或以上 City U Year 1,Financial accounting & Marketing,每小時$400 - 600,視像補習,2026-04-19 20:53:25,,一星期1堂,每堂1.5小時,：,"： 一星期1-2堂, 主要想為期末考試做準備【需要具備豐富經驗的導師】",0-5位導師,19/4/2026 下午9:45:52
218368,中三,數學(中文),每小時$160 - 200,長沙灣(上門補習),2026-04-19 20:52:48,：海盈邨,一星期1堂,每堂1.5小時,"：星期六 1600-1800, 時間可再商議","： 有耐性, 提供練習／試題, 針對學生弱項, 1/5後開始，粵語授課,不接受視像",0-5位導師,19/4/2026 下午9:45:53
218380,中五,數學(英文),每小時$200 - 340,深水埗(上門補習),2026-04-19 23:15:34,：美華大廈,一星期2堂,每堂2小時,"：星期二 1800-2000, 星期三 1800-2000, 星期四 1800-2000, 星期六 1400-1800, 星期日 1500-1800, 時間可再商議","： 提供練習／試題, 屋企有狗,期望最快上課時間:3天內,粵語授課,不接受視像",6-10位導師,20/4/2026 上午12:00:06
218378,小四,"中文,功課(英文)",每小時$150 - 200,青衣(上門補習),2026-04-19 23:03:43,：青富苑,一星期3堂,每堂1.5小時,"：星期一 4:30/5:00pm, 星期二 4:30/5:00pm, 星期三 4:30/5:00pm, 導師必須在以上時段補習",： 不接受視像,0-5位導師,20/4/2026 上午12:00:07
218376,小四,中文,每小時$170 - 210,康城(上門補習),2026-04-19 22:49:52,：峻瀅,一星期1堂,每堂1.5小時,"：星期日 1000-1100, 時間可再商議","： 有愛心, 針對學生弱項, 提升解題技巧, 期望最快上課時間:2星期內,粵語授課",0-5位導師,20/4/2026 上午12:00:08
218377,小四,英文,每小時$170 - 210,康城(上門補習),2026-04-19 22:49:52,：峻瀅,一星期1堂,每堂1.5小時,"：星期日 1000-1100, 時間可再商議","： 有愛心, 針對學生弱項, 提升解題技巧, 期望最快上課時間:2星期內,粵語授課、全英文授課",0-5位導師,20/4/2026 上午12:00:09
218375,中三,英文,每小時$190 - 200,柴灣(公眾地方),2026-04-19 22:14:04,：青年廣場,一星期2堂,每堂1.5小時,"：星期一 1700-2000, 星期三 1700-2000, 星期四 1700-2000, 星期六 1200-2000, 星期日 1200-2000, 時間可再商議","： 長補, 有經驗, 期望最快上課時間:7天內,粵語授課、全英文授課,不接受視像",0-5位導師,20/4/2026 上午12:00:10
218374,中二,綜合科學(中文),每小時$180 - 220,西灣河(上門補習),2026-04-19 22:04:24,：嘉亨灣,一星期1堂,每堂1.5小時,"：星期二 1730-2100, 星期三 1900-2100, 星期六 0800-1400, 時間可再商議","： 有耐性, 提供練習／試題, 幫助操練, 其他, 屋企有寵物，期望最快上課時間:一個月內,粵語授課,不接受視像",0-5位導師,20/4/2026 上午12:00:12
218372,中四,數學(英文),每小時$180 - 220,油塘(上門補習),2026-04-19 21:56:38,：高翔,一星期2堂,每堂1.5小時,"：星期二 1800, 時間可再商議","： 期望最快上課時間:3天內,粵語授課,不接受視像",6-10位導師,20/4/2026 上午12:00:13
218373,小六,數學(英文),每小時$160 - 220,沙田(上門補習),2026-04-19 21:52:23,：帝堡城,一星期1堂,每堂1.5小時,"：星期六 1300-2000, 星期日 1300-2000, 時間可再商議","： 有耐性, target 6-7月左右開始補習，主要prepare 為升中一作準備。期望最快上課時間:1個月後,粵語授課,不接受視像, 9月才升中一英數",6-10位導師,20/4/2026 上午12:00:14
218371,小五,數學(英文),每小時$140 - 180,小瀝源(上門補習),2026-04-19 21:30:14,：綠怡雅苑,一星期2堂,每堂2小時,"：星期二 1700-1900, 星期三 1900-2100, 星期六 900-1300, 星期日 1000-1800, 時間可再商議","： 提供練習／試題, 針對學生弱項, 上課不可以玩手機, 期望最快上課時間:3天內,粵語授課,不接受視像",0-5位導師,20/4/2026 上午12:00:15
218381,中四 (4人),物理(英文),每小時$180 - 220,灣仔(公眾地方),2026-04-20 00:14:06,：Starbucks,一星期1堂,每堂1.5小時,"：星期三 1600-1800, 星期五 1600-1800, 時間可再商議","： 有耐性, 有經驗, 緊貼學校進度, 期望最快上課時間:2星期內,粵語授課,不接受視像",0-5位導師,20/4/2026 上午12:54:51
218382,小二,數學(中文),每小時$130 - 200,九龍城(上門補習),2026-04-20 00:51:21,"：Oasis Kai Tak, 地鐵出口3分鐘",一星期1堂,每堂1.5小時,"：星期二 1600-1730, 星期五 1600-1730, 導師必須在以上時段補習","： 有愛心, 細心, 期望最快上課時間:3天內,粵語授課,不接受視像",0-5位導師,20/4/2026 上午1:37:45
218383,中五,中文,每小時$250,屯門(公眾地方),2026-04-20 02:07:44,,一星期1堂,每堂1.5小時,"：星期二 1600-1900, 星期三 1600-2000, 星期四 1800-2000, 時間可再商議","： 有耐性, 針對學生弱項, 提升解題技巧, 期望最快上課時間:一個月內,粵語授課,不接受視像",0-5位導師,20/4/2026 上午2:25:38
218384,小一,全科(英文),每小時$140 - 180,旺角(上門補習),2026-04-20 04:02:24,：廣源大夏,一星期2堂,每堂2小時,"：星期三 1800-2000, 星期六 1500-1700, 時間可再商議","： 有經驗, 小朋友有學習障礙，不過他肯聽話的，需要有耐心有技巧有方法的導師,期望最快上課時間:2星期內,粵語授課、全英文授課,不接受視像",0-5位導師,20/4/2026 上午4:51:28
218385,小五,數學(中文),每小時$140 - 180,荃灣(上門補習),2026-04-20 06:56:27,：韻濤居,一星期1堂,每堂2小時,"：星期一 1600-1800, 星期二 1600-1800, 導師必須在以上時段補習","： 有耐性, 提供筆記, 長補, 期望最快上課時間:2星期內,粵語授課,不接受視像",0-5位導師,20/4/2026 上午7:35:40
218386,小五,數學(中文),每小時$140 - 180,太古城(上門補習),2026-04-20 07:29:54,：太古城,一星期2堂,每堂1.5小時,"：星期二 1600-1730, 星期五 1600-1730, 時間可再商議","： 有耐性, 學生比較心散,期望最快上課時間:2星期內,粵語授課,不接受視像",0-5位導師,20/4/2026 上午8:07:23
217842,中三,物理(英文),每小時$180 - 210,黃埔(上門補習),2026-04-12 12:01:58,：海逸豪園,一星期1堂,每堂1.5小時,：星期六 1100-1300,： 穩定唔會成日請假及缺席，不接受視像,0-5位導師,20/4/2026 上午11:51:56
218402,小二,功課(英文),每小時$170,沙田(上門補習),2026-04-20 11:33:39,：廣林苑,一星期4堂,每堂1.5小時,"：星期一 16:15, 星期二 17:15, 星期三 17:15, 星期四 16:15","： 有私補經驗，有責任心，耐性，不可以常請假， 考試測驗前自備試卷,不接受視像",0-5位導師,20/4/2026 上午11:51:57
218403,中一,數學(中文),每小時$160 - 200,第一城(上門補習),2026-04-20 11:33:09,：第一城**座,一星期1堂,每堂1.5小時,"：星期四 1600-1730, 星期六 1100-1230, 時間可再商議","： 期望最快上課時間:3天內,粵語授課,不接受視像",0-5位導師,20/4/2026 上午11:51:58
218401,中三,物理(英文),每小時$200 - 280,鑽石山(上門補習),2026-04-20 11:28:03,：慈雲山慈愛苑三期,一星期1堂,每堂1.5小時,：,"： 要5*或5**導師，有耐性及有經驗補開F.3-F.6 補band1同學的導師,不接受視像",0-5位導師,20/4/2026 上午11:51:59
218400,小四,全科(中文),每小時$150 - 210,粉嶺(上門補習),2026-04-20 11:22:15,：One Innovale,一星期3堂,每堂1.5小時,"：星期二 17:00-18:30, 星期四 17:00-18:30, 星期六 11:00-12:30",： 不接受視像,0-5位導師,20/4/2026 上午11:52:00
218399,小二,全科(中文),每小時$120 - 150,屯門(上門補習),2026-04-20 11:19:57,：屯門,一星期2堂,每堂1.5小時,"：星期一 5:30-7:00, 星期二 5:30-7:00, 星期四 5:30-7:00","： 主要是功課輔導及全科（主要打好根基） 最少完成DSE 要有耐性,不接受視像",0-5位導師,20/4/2026 上午11:52:01
218397,小六,綜合科學(英文),每小時$150 - 230,將軍澳(公眾地方),2026-04-20 11:01:15,：會所,一星期1堂,每堂1.5小時,：,"： 同學目前小六，九月先升英中,不接受視像",0-5位導師,20/4/2026 上午11:52:03
218398,小一,全科(英文),每小時$140 - 150,荃灣(上門補習),2026-04-20 10:59:49,：柏傲灣,一星期2堂,每堂2小時,"：星期六 0900-1600, 星期日 0900-1600, 時間可再商議","： 嚴格, 有耐性, 有愛心, 欠專注力,期望最快上課時間:3天內,不接受視像",0-5位導師,20/4/2026 上午11:52:04
218396,小三,"中文,英文",每小時$130 - 210,炮台山(上門補習),2026-04-20 10:55:39,：華凱大廈,一星期1堂,每堂1小時,：,"： 有耐性, 有經驗, 不接受視像",0-5位導師,20/4/2026 上午11:52:05
218394,小五,數學(中文),每小時$140 - 180,九龍城(上門或視像皆可),2026-04-20 10:22:42,：嘉匯,一星期1堂,每堂1.5小時,"：星期三 1700-1800, 星期四 1700-1800, 時間可再商議","： 有耐性, 有愛心, 全職導師, 數學底比較差，考試不合格，怕數學,期望最快上課時間:7天內,粵語授課",0-5位導師,20/4/2026 上午11:52:07
218395,中五,物理(中文),每小時$200 - 350,視像補習,2026-04-20 10:21:40,,一星期2堂,每堂2小時,"：星期六 1900-2100, 星期日 1600-1800, 時間可再商議","： 有耐性, 提供練習／試題, 有經驗, 學生深圳生活讀書，用普通話上課,期望最快上課時間:3天內,普通話授課",0-5位導師,20/4/2026 上午11:52:08
218393,小二,"廣東話,英文",每小時$130-200,何文田(上門補習),2026-04-20 10:17:35,：皓畋,一星期1堂,每堂1小時,,"： 有耐性, 有經驗, 有教低龄儿童经验 优先學粤语，也可考虑英文， 粤语课：标准广州音教学，粤拼、声调、日常对话为主，不教俚语，适合家庭长期使用 英文课：侧重自然拼读Phonics、日常对话、亲子互动，帮孩子打基础、敢开口 时间：本周可安排试课，优先工作日傍晚/周末白天,不接受視像",0-5位導師,20/4/2026 上午11:52:10
218390,K3,功課(英文),每小時$120,藍田(上門補習),2026-04-20 10:09:07,：寶達邨,一星期2堂,每堂1小時,,"： 長補, 不接受視像，負責普通幼稚園跟功課",0-5位導師,20/4/2026 上午11:52:11
218391,小六,全科(英文),每小時$250 - 280,坑口(上門補習),2026-04-20 10:08:27,：近將軍澳醫院,一星期1堂,每堂2小時,"：星期五 1700-1900, 導師必須在以上時段補習","： 有耐性, 理科生，DSE 英數4 ,期望最快上課時間:2星期內,粵語授課、全英文授課,不接受視像",0-5位導師,20/4/2026 上午11:52:12
218392,小六,功課(英文),每小時$160 - 200,火炭(上門或視像皆可),2026-04-20 10:07:48,：星凯堤岸,一星期2堂,每堂2小時,"：星期一 1800-1900, 星期二 1800-1900, 星期三 1800-1900, 星期四 1800-1900, 星期五 1800-1900, 星期六 900-1000, 時間可再商議","： 有耐性, 提供筆記, 提供練習／試題, 英语（语法、写作、历史、地理和科学）,期望最快上課時間:3天內,粵語授課、全英文授課,有特殊學習需要,急單補習(需要在兩天內開始上第一堂課)",0-5位導師,20/4/2026 上午11:52:13
218388,小三,數學(中文),每小時$160 - 200,美孚(上門補習),2026-04-20 08:49:40,：華荔邨,一星期3堂,每堂2小時,"：星期二 1730, 星期三 1700, 星期四 1730, 星期五 1700, 時間可再商議","： 期望最快上課時間:2星期內,粵語授課,不接受視像",0-5位導師,20/4/2026 上午11:52:14
218389,小三,英文,每小時$160 - 200,美孚(上門補習),2026-04-20 08:49:40,：華荔邨,一星期3堂,每堂2小時,"：星期二 1730, 星期三 1700, 星期四 1730, 星期五 1700, 時間可再商議","： 期望最快上課時間:2星期內,全英文授課,不接受視像",0-5位導師,20/4/2026 上午11:52:16
218387,中五,數學(中文),每小時$150 - 200,葵興(公眾地方),2026-04-20 08:05:11,：星巴克 (Life@KCC),一星期1堂,每堂1.5小時,"：星期一 1730-1900, 導師必須在以上時段補習","： 有耐性, 提供練習／試題, 緊貼學校進度, 中文卷數，需要能教及有相關卷目練習提供；期望最快上課時間:7天內,粵語授課,不接受視像",0-5位導師,20/4/2026 上午11:52:17
218417,中四,英文,每小時$200 - 250,屯門(上門補習),2026-04-20 14:05:00,：藍地,一星期1堂,每堂1.5小時,,"： 有耐性, 提供練習／試題, 期望最快上課時間:7天內,粵語授課,不接受視像",0-5位導師,20/4/2026 下午2:11:06
218418,小五,全科(英文),每小時$150 - 280,奧運(上門補習),2026-04-20 14:02:49,：帝柏海灣 奧運站5分鐘到,一星期2堂,每堂1.5小時,"：星期一 1830-2100, 星期二 1830-2100, 星期三 1900-2100, 星期四 1900-2100, 星期五 1830-2100, 星期六 900-1700, 星期日 1400-1800, 時間可再商議","： 提供練習／試題, 幫助操練, 針對學生弱項, 期望最快上課時間:7天內,粵語授課,不接受視像",0-5位導師,20/4/2026 下午2:11:07
218416,小四,中文,每小時$150 - 200,視像補習,2026-04-20 14:01:01,,一星期1堂,每堂1小時,,： 必須逢星期二放學後上課，請確認長期可以再申請,0-5位導師,20/4/2026 下午2:11:09
218415,中四,西史(英文),每小時$230 - 270,元朗(上門補習),2026-04-20 13:54:21,：朗庭園,一星期1堂,每堂1.5小時,"：星期日 1600-1900, 時間可再商議","： 期望最快上課時間:7天內,粵語授課,不接受視像",0-5位導師,20/4/2026 下午2:11:10
218414,year12,"物理(英文),Physics(英文)",每小時$300 - 500,屯門(上門補習),2026-04-20 13:44:18,：龙珠岛东座别墅,一星期1堂,每堂1.5小時,,"： 每堂1.5小时至2小时，补Alevel物理，期望最快上課時間:2星期內,粵語授課、全英文授課,家長需以wechat聯絡,不接受視像",0-5位導師,20/4/2026 下午2:11:11
218413,中五,英文,每小時$220 - 260,北角(公眾地方),2026-04-20 13:28:06,：北角汇（地铁一分钟）,一星期1堂,每堂1.5小時,"：星期六 1500-1600, 導師必須在以上時段補習","： 有耐性, 期望最快上課時間:7天內,全英文授課,不接受視像",0-5位導師,20/4/2026 下午2:11:12
218412,中五,化學(中文),每小時$200 - 240,金鐘(公眾地方),2026-04-20 13:21:37,：星巴克,一星期1堂,每堂1.5小時,"：星期六 1500-1600, 導師必須在以上時段補習","： 提供練習／試題, 期望最快上課時間:7天內,普通話授課,不接受視像",0-5位導師,20/4/2026 下午2:11:13
218410,中四,全科(英文),每小時$100 - 250,"太子,尖沙咀,旺角(上門或視像皆可)",2026-04-20 13:10:44,：Mei Foo,一星期3堂,每堂2小時,"：星期一 1700-1900, 星期二 1700-1900, 星期三 1700-1900, 星期四 1700-1900, 星期五 1700-1900, 星期六 1300-1600, 星期日 1300-1600, 時間可再商議","： 有耐性, 提供練習／試題, 全英語上堂+30/h, Full English授課,期望最快上課時間:7天內",0-5位導師,20/4/2026 下午2:11:14
218411,中五,生物(中文),每小時$200 - 240,北角(公眾地方),2026-04-20 13:06:40,：北角汇（地铁一分钟）,一星期1堂,每堂1.5小時,"：星期六 1500-1600, 導師必須在以上時段補習","： 提供練習／試題, 期望最快上課時間:7天內,普通話授課,不接受視像",0-5位導師,20/4/2026 下午2:11:15
218409,中二,中文,每小時$160 - 200,筲箕灣(上門補習),2026-04-20 12:57:37,：峻峰花園,一星期2堂,每堂2小時,"：星期一 1700, 星期四 1700, 時間可再商議","： 有耐性, 中文超弱,期望最快上課時間:一個月內,粵語授課,有特殊學習需要,不接受視像",0-5位導師,20/4/2026 下午2:11:17
218408,國際學校 小五,中文,每小時$200 - 300,美孚(上門補習),2026-04-20 12:45:07,：美孚新邨,一星期1堂,每堂1.5小時,：,"： 【要求要全職補習老師】教國際學校小朋友10歲女孩子，小學五年級，普通話教繁體中文字, 同學對中文有專注力問題；不接受視像",0-5位導師,20/4/2026 下午2:11:18
218407,中四 (4人),物理(英文),每小時$230 - 270,"石籬,葵涌,葵興,葵芳(公眾地方)",2026-04-20 12:05:39,：公眾地方,一星期1堂,每堂1.5小時,"：星期三 1630, 時間可再商議","： 期望最快上課時間:3天內,粵語授課,不接受視像",6-10位導師,20/4/2026 下午2:11:19
218406,國際學校 year12,Economics SL(英文),每小時$430 - 500,北角(上門補習),2026-04-20 11:58:42,：慧雅閣,一星期1堂,每堂2小時,"：星期一 1630-2100, 星期二 1800-2100, 星期三 1600-2100, 星期四 1800-2100, 星期五 1630-2100, 星期六 0900-2000, 星期日 0900-2000, 時間可再商議","： 期望最快上課時間:2星期內,不接受視像",0-5位導師,20/4/2026 下午2:11:20
218405,K3,普通話,每小時$150,大埔(上門補習),2026-04-20 11:56:23,：寶湖,一星期1堂,每堂1小時,"：星期五 7:00PM, 星期日 9:00AM-12:00PM",： 不接受視像,0-5位導師,20/4/2026 下午2:11:22
218404,小四,中文,每小時$150 - 180,太和(上門補習),2026-04-20 11:42:14,：南華莆村,一星期1堂,每堂2小時,"：星期五 1530-1730, 時間可再商議","： 願意支付額外交通金額(HKD): 20.00, 期望最快上課時間:2星期內,粵語授課,不接受視像",0-5位導師,20/4/2026 下午2:11:23
218428,小五,全科(中文),每小時$150 - 190,將軍澳(上門補習),2026-04-20 16:24:53,：寶琳魷魚灣村消防宿舍,一星期1堂,每堂2小時,"：星期日 1100-1300, 導師必須在以上時段補習","： 期望最快上課時間:一個月內,粵語授課,不接受視像",0-5位導師,20/4/2026 下午4:29:24
218427,中三,英文,每小時$190 - 250,"金鐘,銅鑼灣,灣仔(公眾地方)",2026-04-20 16:18:55,,一星期1堂,每堂1.5小時,"：星期二 1700-1830, 星期四 1700-1830, 時間可再商議","： 有耐性, 提供筆記, 長補, 期望最快上課時間:7天內,粵語授課、全英文授課,不接受視像",0-5位導師,20/4/2026 下午4:29:26
218426,K1,英文,每小時$160 - 200,西灣河(上門補習),2026-04-20 16:11:43,：嘉亨灣五座**樓C室,一星期2堂,每堂1小時,"：星期日 1000-1100, 導師必須在以上時段補習","： 嚴格, 有耐性, 引起學生學習興趣, 期望最快上課時間:7天內,粵語授課、全英文授課,不接受視像",0-5位導師,20/4/2026 下午4:29:27
218425,小二,全科(中文),每小時$140 - 160,鰂魚涌(上門補習),2026-04-20 15:38:23,：Kornville,一星期2堂,每堂1.5小時,"：星期一 1600-1800, 星期四 1600-1800, 時間可再商議","： 有經驗, 緊貼學校進度, 提升閱讀能力, 期望最快上課時間:一個月內,粵語授課,不接受視像",0-5位導師,20/4/2026 下午4:29:28
218424,中五,物理(中文),每小時$200 - 350,視像補習,2026-04-20 15:25:58,,一星期2堂,每堂2小時,"：星期六 1900-2100, 星期日 1600-1800, 時間可再商議","： 有耐性, 提供練習／試題, 有經驗, 學生深圳生活讀書，用普通話上課,期望最快上課時間:3天內,普通話授課",0-5位導師,20/4/2026 下午4:29:29
218423,中四,中文,每小時$230,天水圍(公眾地方),2026-04-20 15:15:53,：天水圍天恩路**號嘉湖海逸酒店第一座大堂,一星期1堂,每堂1.5小時,"：星期一 1600-1630, 星期三 1600-1630, 星期五 1600-1630, 時間可再商議","： 有耐性, 提升解題技巧, 了解學生不足, 期望最快上課時間:7天內,粵語授課,不接受視像",0-5位導師,20/4/2026 下午4:29:30
218422,小五,英文,每小時$150 - 170,堅尼地城(上門補習),2026-04-20 14:56:22,,一星期2堂,每堂1.5小時,"：星期二 , 星期五 , 導師必須在以上時段補習",： 必須補星期二五放學後,0-5位導師,20/4/2026 下午4:29:31
218421,中五,中文,每小時$200 - 300,"恆安,馬鞍山(上門補習)",2026-04-20 14:55:48,：欣安村欣喜樓,一星期1堂,每堂2小時,：,"： 有耐性, 操卷形式教學,不接受視像",0-5位導師,20/4/2026 下午4:29:32
218420,小五,"N/A(中文),英文",每小時$150 - 200,調景嶺(上門補習),2026-04-20 14:54:27,：都會駅,一星期1堂,每堂1.5小時,：,"： 有耐性, 有經驗, 不接受視像",0-5位導師,20/4/2026 下午4:29:33
218419,小二,全科(中文),每小時$140 - 200,土瓜灣(上門補習),2026-04-20 14:08:08,：Yik Yin Building,一星期2堂,每堂1.5小時,"：星期一 1700-1800, 星期四 1700-1800, 時間可再商議","： 有耐性, 提供練習／試題, 了解學生不足, 協恩中學的畢業生 或者有補協恩小學學生的經驗優先 期望最快上課時間:2星期內,粵語授課,不接受視像",0-5位導師,20/4/2026 下午4:29:34
218436,中一,中文,每小時$160 - 200,大埔(上門補習),2026-04-20 17:39:17,：嵐山,一星期1堂,每堂1.5小時,"：星期一 1730-1830, 時間可再商議","： 期望最快上課時間:7天內,粵語授課,不接受視像",0-5位導師,20/4/2026 下午6:20:05
218437,中一,中史,每小時$160 - 200,大埔(上門補習),2026-04-20 17:39:17,：嵐山,一星期1堂,每堂1.5小時,"：星期一 1730-1830, 時間可再商議","： 期望最快上課時間:7天內,粵語授課,不接受視像",0-5位導師,20/4/2026 下午6:20:06
218435,中四,化學(英文),每小時$180 - 430,大圍(上門或視像皆可),2026-04-20 17:32:45,：The Riverpark,一星期2堂,每堂2小時,"：星期二 1630-1830, 星期三 1630-1830, 星期四 1630-1830, 星期五 1630-1830, 導師必須在以上時段補習","： 全職導師, 現職/曾任中小學教師, 期望最快上課時間:7天內,粵語授課、全英文授課",0-5位導師,20/4/2026 下午6:20:07
218438,小一,中文,每小時$140 - 170,大埔(上門補習),2026-04-20 17:30:52,：嵐山,一星期2堂,每堂1.5小時,"：星期一 1600-1800, 星期三 1600-1800, 星期四 1600-1800, 時間可再商議","： 願意支付額外交通金額(HKD): 20.00, 有耐心,期望最快上課時間:2星期內,粵語授課,不接受視像",0-5位導師,20/4/2026 下午6:20:08
218439,小一,數學(中文),每小時$140 - 170,大埔(上門補習),2026-04-20 17:30:52,：嵐山,一星期2堂,每堂1.5小時,"：星期一 1600-1800, 星期三 1600-1800, 星期四 1600-1800, 時間可再商議","： 願意支付額外交通金額(HKD): 20.00, 有耐心,期望最快上課時間:2星期內,粵語授課,不接受視像",0-5位導師,20/4/2026 下午6:20:09
218433,18-24歲,中文,每小時$180 - 270,視像補習,2026-04-20 17:22:51,,一星期2堂,每堂2小時,"：星期一 1500-1700, 星期二 1500-1700, 星期三 1500-1700, 星期四 1500-1700, 星期五 1500-1700, 導師必須在以上時段補習","： 期望最快上課時間:一個月內,粵語授課、普通話授課",6-10位導師,20/4/2026 下午6:20:11
218434,18-24歲,經濟(英文),每小時$180 - 270,視像補習,2026-04-20 17:22:51,,一星期2堂,每堂2小時,"：星期一 1500-1700, 星期二 1500-1700, 星期三 1500-1700, 星期四 1500-1700, 星期五 1500-1700, 導師必須在以上時段補習","： 期望最快上課時間:一個月內,粵語授課",0-5位導師,20/4/2026 下午6:20:12
218431,小二,大提琴,每小時$600,北角(上門補習),2026-04-20 17:12:16,：百福花園,一星期1堂,每堂1小時,,"： 有耐性, 大概一級，專業大提琴手，演奏級別，耐心，備考英皇有技巧,不接受視像",0-5位導師,20/4/2026 下午6:20:14
218432,小一,全科(中文),每小時$200 - 250,太古城(上門補習),2026-04-20 17:10:50,：康怡花園,一星期2堂,每堂1.5小時,"：星期三 1630-1830, 星期四 1730-1830, 時間可再商議","： 有耐性, 有經驗, 指導功課, 期望最快上課時間:2星期內,粵語授課,不接受視像",0-5位導師,20/4/2026 下午6:20:15
218429,中三,Chem bio math,每小時$180 - 250,"馬鞍山,烏溪沙,九龍塘(上門補習)",2026-04-20 16:57:12,：Sai sha go park,一星期2堂,每堂1.5小時,"：星期一 5-7, 星期二 5-7, 星期三 5-7, 時間可再商議","： 有耐性, 提供練習／試題, 有經驗, Has a good English skill and got good marks in DSE, 不接受視像,[願意支付額外交通金額(HKD):10],期望最快上課時間:7天內",0-5位導師,20/4/2026 下午6:20:16
218430,小二,功課(中文),每小時$140 - 180,旺角(上門補習),2026-04-20 16:34:52,：興發樓(地鐵步行5分鐘),一星期3堂,每堂1.5小時,"：星期一 1700-1830, 星期二 1700-1830, 星期三 1730-1900, 星期四 1700-1830, 導師必須在以上時段補習","： 有經驗, 提升閱讀能力, 提升寫作能力, (1) 老師必須要是大學生或大學畢業 (2)老師必須要準時, 有耐性, 有責任心, 有愛心 (3)主要教小二男生做功課, 有多餘時間就溫習默書 (4)Request 女老師,期望最快上課時間:7天內,粵語授課,不接受視像",0-5位導師,20/4/2026 下午6:20:18
218443,中三,英文,每小時$150 - 220,荃灣(上門補習),2026-04-20 19:26:12,：荃灣海濱花園,一星期1堂,每堂1.5小時,：,,0-5位導師,20/4/2026 下午7:49:23
218442,中四,中文,每小時$180 - 220,康城(上門補習),2026-04-20 19:19:48,：日出康城,一星期2堂,每堂2小時,"：星期一 1730-1900, 星期二 1730-1900, 星期三 1730-1900, 星期四 1730-1900, 星期五 1730-1900, 星期六 1000-1200, 星期日 1000-1200, 時間可再商議","： 提供練習／試題, 期望最快上課時間:2星期內,粵語授課,不接受視像",0-5位導師,20/4/2026 下午7:49:24
218441,中四,地理(英文),每小時$200 - 220,視像補習,2026-04-20 19:04:48,,一星期1堂,每堂2小時,"：星期一 1800-2000, 時間可再商議","： 有耐性, 提供練習／試題, 期望最快上課時間:7天內,粵語授課",0-5位導師,20/4/2026 下午7:49:25
218444,中六,會計(英文),每小時$230 - 270,視像補習,2026-04-20 19:01:00,,一星期1堂,每堂2小時,"：星期一 0600-2300, 星期二 0600-2300, 星期三 0600-2300, 星期四 0600-2300, 星期五 0600-2300, 星期六 0600-2300, 星期日 0600-2300, 導師必須在以上時段補習","： , /,期望最快上課時間:3天內,粵語授課、全英文授課、普通話授課,【中六DSE只收取一星期費用】",0-5位導師,20/4/2026 下午7:49:27
218440,小五,數學(中文),每小時$140 - 180,大埔(上門補習),2026-04-20 18:23:59,：廣福邨，交通非常方便,一星期1堂,每堂1.5小時,"：星期六 11-1500, 星期日 1300-1500, 時間可再商議","： 引起學生學習興趣, 了解學生不足, 上課不可以玩手機, 面授課程,期望最快上課時間:3天內,粵語授課,不接受視像",0-5位導師,20/4/2026 下午7:49:28
218451,中三,英文,每小時$250 - 370,紅磡(上門補習),2026-04-20 20:48:44,：紅磡海逸豪園,一星期1堂,每堂1.5小時,"：星期二 after 5pm, 星期四 after 5pm, 星期日 after 5pm","： 有耐性, 提供筆記, 粵語授課、全英文授課,不接受視像",0-5位導師,20/4/2026 下午8:58:50
218450,中一,綜合科學(英文),每小時$200,黃大仙(上門補習),2026-04-20 20:39:30,：現崇山,一星期1堂,每堂1.5小時,：星期三 1830-2000,"： 需提供練習，可whatsapp問功課,不接受視像",0-5位導師,20/4/2026 下午8:58:51
218449,中四,中英数会计,每小時$230 - 270,"上水,粉嶺(上門補習)",2026-04-20 20:27:06,：清河邨,一星期2堂,每堂2小時,"：星期一 1630-1830, 星期二 1630-1830, 星期三 1730-1930, 星期四 1630-1830, 星期五 1830-2030, 星期六 1130-200, 星期日 1130-200, 時間可再商議","： 長補, 針對學生弱項, 提升閱讀能力, 願意支付額外交通金額(HKD): 10.00, 本人会对学习有诸多疑问 比如方程 a为什么会对y,期望最快上課時間:3天內,不接受視像",0-5位導師,20/4/2026 下午8:58:52
218447,中三,數學(英文),每小時$180 - 250,"九龍塘,烏溪沙,馬鞍山(上門補習)",2026-04-20 20:21:30,：Sai sha go park,一星期2堂,每堂1.5小時,,"： 有耐性, 提供練習／試題, 有經驗, 需要導師全英文溝通同上課。Has a good English skill and got good marks in DSE, 不接受視像,[願意支付額外交通金額(HKD):10],期望最快上課時間:7天內",0-5位導師,20/4/2026 下午8:58:53
218446,中三,生物(英文),每小時$180 - 250,"九龍塘,烏溪沙,馬鞍山(上門補習)",2026-04-20 20:21:23,：Sai sha go park,一星期2堂,每堂1.5小時,,"： 有耐性, 提供練習／試題, 有經驗, 需要導師全英文溝通同上課。Has a good English skill and got good marks in DSE, 不接受視像,[願意支付額外交通金額(HKD):10],期望最快上課時間:7天內",0-5位導師,20/4/2026 下午8:58:54
218448,中二,英文,每小時$180 - 200,沙田(上門補習),2026-04-20 20:15:17,：富豪花園,一星期1堂,每堂1.5小時,"：星期六 1530-1700, 星期日 1530-1700, 導師必須在以上時段補習","： 有耐性, 遊戲教學, 引起學生學習興趣, 女導師，温柔,期望最快上課時間:7天內,粵語授課、全英文授課,不接受視像",0-5位導師,20/4/2026 下午8:58:55
218445,小三,中文,每小時$170 - 230,沙田(上門補習),2026-04-20 19:55:10,：大圍新村,一星期2堂,每堂2小時,"：星期二 1700-1800, 星期四 1700-1800, 導師必須在以上時段補習","： 有耐性, 願意支付額外交通金額(HKD): 10.00, 兩位學生，分別補一日，小一學生和小三學生，需要導師懂得有規劃地幫我小朋友逐步去加強返中文嘅能力，不要只係教文內容，咁樣好散亂，幫佢哋唔到去建立個基礎。粵語授課,不接受視像",0-5位導師,20/4/2026 下午8:58:56
218456,中一,數學(英文),每小時$160 - 280,北角(上門補習),2026-04-20 22:51:30,：和富,一星期1堂,每堂1.5小時,"：星期六 1400, 星期日 1600, 時間可再商議","： 有愛心, 長補, 有經驗, 期望最快上課時間:7天內,粵語授課,不接受視像",0-5位導師,20/4/2026 下午10:56:37
218454,中六,經濟(英文),每小時$230 - 290,視像補習,2026-04-20 21:31:28,,一星期2堂,每堂2小時,"：星期一 0600-2300, 星期二 0600-2300, 星期三 0600-2300, 星期四 0600-2300, 星期五 0600-2300, 星期六 0600-2300, 星期日 0600-2300, 導師必須在以上時段補習","： f6 dser 21/4-3/5 0600-2300,期望最快上課時間:3天內,粵語授課、全英文授課、普通話授課,【中六DSE只收取一星期費用】",0-5位導師,20/4/2026 下午10:56:38
218455,小四,功課(中文),每小時$150 - 190,跑馬地(上門補習),2026-04-20 21:31:06,：The Leighton Hill,一星期2堂,每堂2小時,"：星期一 1600-1800, 星期三 1600-1730, 星期日 1000-1200, 時間可再商議","： 長補, 指導功課, 緊貼學校進度, 期望最快上課時間:2星期內,粵語授課,不接受視像",0-5位導師,20/4/2026 下午10:56:39
218453,中五,化學(英文),每小時$200 - 350,荃灣(上門補習),2026-04-20 21:26:46,：萬景峰,一星期2堂,每堂2小時,"：星期一 1900-2130, 星期二 1600-2130, 星期三 1600-2130, 星期四 1900-2130, 星期五 1900-2130, 星期日 1900-2100, 時間可再商議","： 期望最快上課時間:7天內,粵語授課、全英文授課,不接受視像",6-10位導師,20/4/2026 下午10:56:40
218452,小五,英文,每小時$220 - 300,深井(公眾地方),2026-04-20 21:14:33,：海韻花園會所,一星期2堂,每堂1.5小時,"：星期二 1800-1930, 星期五 1800-1930, 時間可再商議","： 提供練習／試題, 有愛心, 長補, 願意支付額外交通金額(HKD): 30.00, 期望最快上課時間:3天內,粵語授課、全英文授課,不接受視像",0-5位導師,20/4/2026 下午10:56:41
218460,國際學校 year10,Mathematics SL(英文),每小時$330 - 500,荔枝角(上門補習),2026-04-21 00:01:41,：泓景臺,一星期1堂,每堂2小時,"：星期日 0900-1200, 時間可再商議","： 提供筆記, 提供練習／試題, 期望最快上課時間:7天內,不接受視像",0-5位導師,21/4/2026 上午12:17:08
218461,中五,英文,每小時$220 - 300,筲箕灣(上門補習),2026-04-20 23:55:24,：明華大廈,一星期1堂,每堂2小時,"：星期日 1200-2030, 時間可再商議","： 長補, 提升閱讀能力, 提升寫作能力, 期望最快上課時間:2星期內,粵語授課,不接受視像",0-5位導師,21/4/2026 上午12:17:09
218459,中一,中文,每小時$210 - 250,青衣(上門或視像皆可),2026-04-20 23:37:41,：明翘汇,一星期2堂,每堂2小時,"：星期六 1000-1100, 時間可再商議","： 願意支付額外交通金額(HKD): 20.00, 期望最快上課時間:7天內,粵語授課",0-5位導師,21/4/2026 上午12:17:10
218458,小四,數學(中文),每小時$140 - 180,美孚(上門補習),2026-04-20 23:10:20,：清麗苑,一星期1堂,每堂1.5小時,"：星期四 1630-1730, 導師必須在以上時段補習","： 期望最快上課時間:7天內,粵語授課,不接受視像",0-5位導師,21/4/2026 上午12:17:11
218457,中一,中文,每小時$160 - 200,北角(上門補習),2026-04-20 22:59:48,：和富,一星期1堂,每堂1.5小時,"：星期五 1800-, 星期六 1400-, 時間可再商議","： 期望最快上課時間:3天內,粵語授課,不接受視像",0-5位導師,21/4/2026 上午12:17:12
218462,中五,會計(英文),每小時$200 - 300,"大圍,馬鞍山,恆安,沙田(上門補習)",2026-04-21 01:32:50,：恆月樓,一星期1堂,每堂2小時,"：星期五 1700-2200, 導師必須在以上時段補習","： 提供筆記, 提供練習／試題, 指導功課, 期望最快上課時間:3天內,粵語授課,不接受視像",0-5位導師,21/4/2026 上午2:39:57
218463,中三,中文,每小時$220 - 260,屯門(上門補習),2026-04-21 07:47:57,：瑜翠園,一星期1堂,每堂1.5小時,"：星期一 1730-1900, 星期二 1730-1900, 星期三 1730-1900, 星期四 1730-1900, 星期六 1000-1300, 星期日 1300-1700, 導師必須在以上時段補習","： 有耐性, 現為中三，中文科成績未達合格水平。需求：需有耐性，能針對文言文基礎、閱讀理解策略及寫作邏輯進行補底教學,期望最快上課時間:2星期內,粵語授課,不接受視像",0-5位導師,21/4/2026 上午8:00:44
218472,國際學校 year5,"英文,數學(英文)",每小時$260 - 330,康城(公眾地方),2026-04-21 11:29:23,：LP*，地鐘行8分鐘,一星期1堂,每堂2小時,"：星期六 1000-1200, 導師必須在以上時段補習","： 嚴格, 提供練習／試題, 針對學生弱項, 期望最快上課時間:3天內,全英文授課,會考慮HKDSE導師,不接受視像",0-5位導師,21/4/2026 上午11:40:22
218471,國際學校 year5,"English Language(英文),Mathematics(英文),Further Mathematics(英文)",每小時$260 - 330,康城(公眾地方),2026-04-21 11:21:22,：LP*（地鐘行8分鐘）,一星期1堂,每堂2小時,"：星期六 1000-1200, 導師必須在以上時段補習","： 嚴格, 提供練習／試題, 提升解題技巧, 期望最快上課時間:3天內,全英文授課,會考慮HKDSE導師,不接受視像",0-5位導師,21/4/2026 上午11:40:23
218469,小六,英文,每小時$170 - 210,火炭(上門補習),2026-04-21 11:07:08,：浸會大學宿舍,一星期2堂,每堂1.5小時,"：星期四 1700-1900, 時間可再商議","： 有耐性, 提供練習／試題, 願意支付額外交通金額(HKD): 15.00, 期望最快上課時間:7天內,粵語授課、全英文授課,不接受視像",0-5位導師,21/4/2026 上午11:40:24
218470,小六,中文,每小時$170 - 210,火炭(上門補習),2026-04-21 11:07:08,：浸會大學宿舍,一星期2堂,每堂1.5小時,"：星期四 1700-1900, 時間可再商議","： 有耐性, 提供練習／試題, 願意支付額外交通金額(HKD): 15.00, 期望最快上課時間:7天內,粵語授課,不接受視像",0-5位導師,21/4/2026 上午11:40:25
218468,中四,中文,每小時$230,粉嶺(公眾地方),2026-04-21 10:49:01,：聯和墟,一星期2堂,每堂1.5小時,"：星期一 1700-1830, 星期二 1700-1830, 星期三 1700-1830, 星期四 1700-1830, 時間可再商議","： 有耐性, 提供練習／試題, 期望最快上課時間:7天內,粵語授課,不接受視像",0-5位導師,21/4/2026 上午11:40:26
218467,中五,會計(中文),每小時$200 - 300,銅鑼灣(公眾地方),2026-04-21 10:30:55,：时代广场星巴克,一星期1堂,每堂1.5小時,"：星期一 1600-1730, 星期日 1700-1830, 時間可再商議","： 有耐性, 提供練習／試題, 有經驗, 期望最快上課時間:7天內,粵語授課、普通話授課,不接受視像",0-5位導師,21/4/2026 上午11:40:27
218466,K1,"中文,數學(英文),普通話",每小時$180 - 380,馬鞍山(上門補習),2026-04-21 09:53:53,：嵐岸,一星期3堂,每堂1小時,"：星期一 1300-1400, 星期四 1700-1800, 星期五 1300-1400, 時間可再商議","： 有耐性, 提供練習／試題, 有經驗, 中文認字 識數 普通話 期望最快上課時間:7天內,不接受視像",0-5位導師,21/4/2026 上午11:40:28
218465,35-40歲,鋼琴/電子琴,每小時$180 - 220,"北角,炮台山(公眾地方)",2026-04-21 09:25:48,：炮台山附近,一星期1堂,每堂1.5小時,"：星期六 -, 星期日 -, 時間可再商議","： 期望最快上課時間:2星期內,不接受視像",0-5位導師,21/4/2026 上午11:40:29
218464,中四,中文,每小時$180 - 250,黃大仙(上門補習),2026-04-21 09:03:22,：翠竹花園,一星期1堂,每堂2小時,"：星期六 1730-1930, 時間可再商議","： 提升閱讀能力, 提升寫作能力, 提升解題技巧, 期望最快上課時間:2星期內,粵語授課,不接受視像",6-10位導師,21/4/2026 上午11:40:31
218482,中三,數學(英文),每小時$160 - 270,北角(上門補習),2026-04-21 13:21:31,：丹拿花園（地鐵站行5分鐘）,一星期1堂,每堂1.5小時,"：星期二 1645-1815, 導師必須在以上時段補習","： 提供練習／試題, 全職導師, 有經驗, 期望最快上課時間:2星期內,粵語授課,不接受視像",0-5位導師,21/4/2026 下午1:53:52
218481,中四,Computer Science,每小時$400 - 560,大埔(上門補習),2026-04-21 13:16:44,：聚豪天下,一星期3堂,每堂2小時,"：星期一 9:30-11:30/14:30-17:30, 星期二 9:30-11:30/14:30-17:30, 星期四 9:30-11:30/14:30-17:30, 時間可再商議","： 有耐性, 提供筆記, 提供練習／試題, 全英文面授課；導師需課前提供預習資料，課後HW，課堂多溝通互動，實際應用，案例分析，寫作文本等。期望最快上課時間:3天內,全英文授課,不接受視像",0-5位導師,21/4/2026 下午1:53:53
218480,小一,全科(中文),每小時$130,視像補習,2026-04-21 13:13:09,,一星期4堂,每堂1小時,"：星期一 5:30, 星期二 5:30, 星期三 5:30, 星期四 5:30",： 主要都係跟進，每日功課 中英數,0-5位導師,21/4/2026 下午1:53:54
218479,小二,中文,每小時$140 - 180,筲箕灣(上門補習),2026-04-21 13:04:32,：耀東邨耀輝樓,一星期1堂,每堂1.5小時,"：星期四 1700-1800, 星期六 1200-1300, 時間可再商議","： 提升寫作能力, 期望最快上課時間:7天內,粵語授課,不接受視像",0-5位導師,21/4/2026 下午1:53:55
218478,中五,中文,每小時$250 - 280,元朗(上門補習),2026-04-21 13:03:33,：錦上路,一星期1堂,每堂1.5小時,"：星期一 1800-2000, 星期二 1800-2000, 星期三 1800-2000, 星期四 1800-2000, 星期五 1800-2000, 星期六 1800-200, 星期日 1200-1500, 時間可再商議","： 提供練習／試題, 可以上門或附近咖啡店上堂, 期望最快上課時間:2星期內,粵語授課,有特殊學習需要,不接受視像",0-5位導師,21/4/2026 下午1:53:56
218476,N班,英文,每小時$130-220,秀茂坪(上門補習),2026-04-21 12:30:56,：秀茂坪,一星期1堂,每堂1小時,：,"： 準備入讀幼稚園, 需要導師全英文上堂 不接受視像",0-5位導師,21/4/2026 下午1:53:58
218475,K3,全科(英文),每小時$100 - 200,屯門(上門補習),2026-04-21 12:25:51,：瓏門,一星期1堂,每堂1.5小時,：,"： 除英文不補 9月升預小 陳守仁,不接受視像",0-5位導師,21/4/2026 下午1:53:59
218474,中一,數學(英文),每小時$160 - 200,上環(上門補習),2026-04-21 12:24:39,：寶泰大厦,一星期1堂,每堂1.5小時,"：星期六 1700-1800, 導師必須在以上時段補習","： 嚴格, 提供練習／試題, 有經驗, 英文中學畢業；希望老師有方法令她對學習數學感興趣，必須擅長教導數學及有耐心。學生數學基礎差，不自覺學習,期望最快上課時間:7天內,粵語授課、全英文授課、普通話授課,不接受視像；【要理科生】；住附近的導師",0-5位導師,21/4/2026 下午1:54:01
218477,中四,化學(英文),每小時$180 - 220,視像補習,2026-04-21 12:19:18,,一星期1堂,每堂1.5小時,"：星期二 1745-1945, 時間可再商議","： 提供練習／試題, 緊貼學校進度, 提升解題技巧, 期望最快上課時間:3天內,粵語授課、全英文授課",6-10位導師,21/4/2026 下午1:54:02
218473,中三,英文,每小時$190 - 230,葵芳(上門補習),2026-04-21 12:07:16,：葵翠村,一星期1堂,每堂3小時,"：星期六 1400-1700, 導師必須在以上時段補習","： 期望最快上課時間:7天內,粵語授課、全英文授課,不接受視像",0-5位導師,21/4/2026 下午1:54:03
218490,中五,英文,每小時$220 - 260,西灣河(上門補習),2026-04-21 15:15:24,：利基大廈,一星期2堂,每堂2小時,"：星期二 1900, 星期四 1900, 星期五 1900, 星期日 1300, 時間可再商議","： 期望最快上課時間:一個月內,粵語授課,不接受視像",0-5位導師,21/4/2026 下午3:49:59
218489,小四,中文,每小時$150 - 200,第一城(上門補習),2026-04-21 15:06:35,：第一城,一星期2堂,每堂1.5小時,"：星期一 1600-1900, 星期三 1600-1900, 星期四 1600-1900, 星期五 1600-1900, 導師必須在以上時段補習","： 有耐性, 提供練習／試題, 期望最快上課時間:7天內,粵語授課,不接受視像",0-5位導師,21/4/2026 下午3:50:00
218488,小四,全科(英文),每小時$150 - 240,九龍城(上門補習),2026-04-21 14:56:38,：合勤名廈,一星期2堂,每堂1.5小時,"：星期一 1630-1800, 星期二 1630-1800, 星期五 1630-1800, 導師必須在以上時段補習","： 針對學生弱項, 提升寫作能力, 了解學生不足, 打算𨍭校，要加快狂追,期望最快上課時間:3天內,粵語授課、全英文授課、普通話授課,不接受視像",0-5位導師,21/4/2026 下午3:50:01
218487,中五,M2(英文),每小時$200 - 240,荔枝角(公眾地方),2026-04-21 14:25:06,：Starbucks,一星期2堂,每堂1.5小時,"：星期一 1700-1830, 星期二 1700-1830, 星期三 1700-1830, 星期四 1700-1830, 星期五 1700-1830, 星期六 1700-1830, 星期日 1700-1830, 時間可再商議","： 有耐性, 提供筆記, 提供練習／試題, 最好會講普通話,期望最快上課時間:3天內,全英文授課、普通話授課,不接受視像",0-5位導師,21/4/2026 下午3:50:02
218486,中一,英文,每小時$230 - 270,青衣(上門補習),2026-04-21 14:19:51,：Tsing Yi Estate,一星期1堂,每堂2小時,"：星期四 1700-1900, 時間可再商議","： 有經驗, 提升閱讀能力, 提升寫作能力, 期望最快上課時間:一個月內,粵語授課,不接受視像",0-5位導師,21/4/2026 下午3:50:03
218485,大專或以上 year1,微積分,每小時$180 - 220,視像補習,2026-04-21 14:12:16,,一星期2堂,每堂1.5小時,"：星期一 1800-2000, 星期二 1800-2000, 星期四 1800-2000, 星期五 1700-2000, 星期六 1400-1700, 星期日 1400-1700, 時間可再商議",： 期望最快上課時間:7天內,0-5位導師,21/4/2026 下午3:50:04
218483,中五,英文會話,每小時$180 - 200,觀塘(視像補習),2026-04-21 13:48:20,：曉麗苑,一星期1堂,每堂1小時,"：星期二 1900-2000, 時間可再商議",： 期望最快上課時間:一個月內,0-5位導師,21/4/2026 下午3:50:06
218494,小二,英文,每小時$210 - 330,奧運(上門補習),2026-04-21 16:55:47,：帝峰皇殿,一星期1堂,每堂1小時,"：, 時間可再商議","： 補習閱讀理解 需要導師大學修讀英文專科的 期望最快上課時間:7天內,全英文授課,不接受視像",0-5位導師,21/4/2026 下午5:16:39
218496,中六,旅遊與款待(英文),每小時$230,視像補習,2026-04-21 16:54:32,,一星期2堂,每堂2小時,"：星期一 2000-2130, 星期二 2000-2130, 星期三 2000-2130, 星期五 2000-2130, 星期六 2000-2130, 時間可再商議","： 提供練習／試題, 有經驗, 想喺臨考旅款之前升grade ,期望最快上課時間:3天內,粵語授課,【中六DSE只收取一星期費用】",0-5位導師,21/4/2026 下午5:16:40
218495,中四,經濟(英文),每小時$230 - 270,元朗(上門補習),2026-04-21 16:53:31,：YOHO Town,一星期1堂,每堂1.5小時,"：星期一 1930-2100, 時間可再商議","： 有經驗, 了解學生不足, 期望最快上課時間:7天內,粵語授課,不接受視像",0-5位導師,21/4/2026 下午5:16:41
218493,中三,綜合科學(英文),每小時$180 - 250,長沙灣(上門補習),2026-04-21 16:29:49,：福榮街***曉盈,一星期2堂,每堂1.5小時,：,"： 有幫成績偏低、基礎薄弱、瀕臨留級學生補底的經驗，淨係針對校內測驗、呈分試，肯由小學 / 中二基礎重新補漏洞 懂捨難取易，專練必合格基礎題，唔教深難題，目標只求穩過升中四，時間可以靈活安排(返學時間除外)，但不要遲到和臨時改期,不接受視像",0-5位導師,21/4/2026 下午5:16:43
218492,中三,"英文,數學(英文)",每小時$180 - 260,長沙灣(上門補習),2026-04-21 16:28:40,：福榮街***曉盈,一星期2堂,每堂1.5小時,：,"： 有幫成績偏低、基礎薄弱、瀕臨留級學生補底的經驗，淨係針對校內測驗、呈分試，肯由小學 / 中二基礎重新補漏洞 懂捨難取易，專練必合格基礎題，唔教深難題，目標只求穩過升中四，時間可以靈活安排(返學時間除外)，但不要遲到和臨時改期,不接受視像",0-5位導師,21/4/2026 下午5:16:44
218491,中一,數學(英文),每小時$160 - 250,視像補習,2026-04-21 15:43:34,,一星期1堂,每堂1.5小時,"：星期五 1730-1830, 時間可再商議","： 期望最快上課時間:3天內,粵語授課、全英文授課",16-20位導師,21/4/2026 下午5:16:45
218505,小一,英文,每小時$160 - 300,金鐘(上門補習),2026-04-21 18:33:58,：铜锣湾地铁站,一星期2堂,每堂2小時,"：星期一 1830-2000, 星期二 1830-2000, 星期三 1830-2000, 星期四 1830-2000, 星期五 1830-2000, 星期日 1830-2000, 時間可再商議","： 有耐性, 提供練習／試題, 期望最快上課時間:7天內,全英文授課、普通話授課,不接受視像",0-5位導師,21/4/2026 下午6:48:08
218504,大專或以上 year 1,物理(中文),每小時$180 - 250,視像補習,2026-04-21 18:28:54,,一星期2堂,每堂1.5小時,"：星期一 1700-2000, 星期五 1800-2000, 時間可再商議","： 期望最快上課時間:3天內,粵語授課",0-5位導師,21/4/2026 下午6:48:09
218503,40+歲,英語會話,每小時$330 - 610,深井(上門補習),2026-04-21 18:20:00,：青山公路汀九段***號星岸,一星期2堂,每堂2小時,"：星期六 1230-1430, 星期日 1230-1430, 時間可再商議","： 期望最快上課時間:3天內,不接受視像",0-5位導師,21/4/2026 下午6:48:10
218502,國際學校 year12,Biology(英文),每小時$430,將軍澳(上門補習),2026-04-21 18:19:42,：The Wings,一星期1堂,每堂1.5小時,"：星期一 1200-2200, 星期二 1200-2200, 星期三 1200-2200, 星期四 1200-2200, 星期五 1200-2200, 星期六 1200-2200, 星期日 1200-2200, 時間可再商議","： 期望最快上課時間:3天內,不接受視像",0-5位導師,21/4/2026 下午6:48:11
218501,小六,中文,每小時$150-200,元朗(上門補習),2026-04-21 17:51:03,：水邊圍邨,一星期2堂,每堂1.5小時,：,"： 搵星期六日代課中文補習老師 16/5 - 4/6 短補 ,不接受視像",0-5位導師,21/4/2026 下午6:48:12
218500,中三,化學(中文),每小時$170 - 210,視像補習,2026-04-21 17:42:26,,一星期2堂,每堂2小時,"：星期二 2000-2100, 時間可再商議","： 期望最快上課時間:3天內,粵語授課",0-5位導師,21/4/2026 下午6:48:13
218497,year11,數學(英文),每小時$400 - 500,何文田(上門補習),2026-04-21 17:18:56,,一星期2堂,每堂1.5小時,：,"： 全職導師, after 4pm , 【NEED an experienced IB tutor、full time tutor, Face to Face】,【不接受視像】",0-5位導師,21/4/2026 下午6:48:15
218498,中五,數學(英文),每小時$200 - 330,將軍澳(上門補習),2026-04-21 17:18:47,：怡明邨,一星期2堂,每堂1.5小時,"：星期二 1700, 星期三 1700, 星期五 1700, 星期六 1700, 星期日 1100-1400, 時間可再商議","： 有經驗, 期望最快上課時間:7天內,粵語授課,不接受視像",11-15位導師,21/4/2026 下午6:48:16
218499,中三,"數學(中文),物理(中文)",每小時$220 - 340,元朗(公眾地方),2026-04-21 17:17:04,：元朗廣場 (西鐵站步行5分鐘,一星期2堂,每堂1.5小時,"：星期二 1700-1830, 星期六 1700-1830, 時間可再商議","： 有耐性, 提供練習／試題, 緊貼學校進度, 數學較弱,期望最快上課時間:7天內,粵語授課,有特殊學習需要,不接受視像",0-5位導師,21/4/2026 下午6:48:17
218507,中三,英文,每小時$240 - 410,上水(上門補習),2026-04-21 19:11:09,：奕翠園,一星期2堂,每堂1.5小時,"：星期二 1800-2000, 星期四 1800-2000, 時間可再商議","： 期望最快上課時間:7天內,粵語授課、全英文授課,有特殊學習需要,不接受視像",0-5位導師,21/4/2026 下午7:50:51
218506,中五,數學(英文),每小時$200 - 240,將軍澳(上門補習),2026-04-21 18:46:45,：天晉*期,一星期2堂,每堂1.5小時,"：星期一 1800-1930, 星期六 1200-1330, 時間可再商議","： 有耐性, 提供筆記, 提供練習／試題, 期望最快上課時間:7天內,粵語授課、全英文授課,不接受視像",0-5位導師,21/4/2026 下午7:50:52
218514,中四,中文,每小時$180 - 220,視像補習,2026-04-21 20:47:16,,一星期1堂,每堂1.5小時,"：星期六 1000-2500, 時間可再商議","： 期望最快上課時間:一個月內,粵語授課",0-5位導師,21/4/2026 下午9:03:17
218513,中四,西史(英文),每小時$180 - 210,視像補習,2026-04-21 20:35:45,,一星期1堂,每堂1小時,：,,0-5位導師,21/4/2026 下午9:03:18
218511,中六,M2(英文),每小時$350-400,沙田(上門補習),2026-04-21 20:19:19,：地鐵站行*-10分鐘,一星期1堂,每堂1小時,：,"： 想指導4月30號考的 dse m2，本身個底唔差，係5*程度，想衝上5**, 導師需要有經驗及準備相關教材,不接受視像",0-5位導師,21/4/2026 下午9:03:19
218509,大專或以上 Hkus year1,會計(英文),每小時$180 - 220,視像補習,2026-04-21 19:56:11,,一星期2堂,每堂2小時,"：星期一 1400-1600, 星期四 1400-1600, 時間可再商議","： 期望最快上課時間:7天內,粵語授課",0-5位導師,21/4/2026 下午9:03:20
218510,中二,品格與正向教育(英文),每小時$230,天水圍(公眾地方),2026-04-21 19:47:25,：天水圍銀座麥當勞,一星期1堂,每堂1.5小時,"：星期六 1700-1800, 導師必須在以上時段補習","： 全職導師, 幫助學生學習興趣自信，提升成績,期望最快上課時間:3天內,有特殊學習需要,家長需以wechat聯絡,不接受視像",0-5位導師,21/4/2026 下午9:03:21
218508,中五,化學(中文),每小時$250 - 260,元朗(公眾地方),2026-04-21 19:47:23,：yoho二期Starbuck,一星期1堂,每堂1.5小時,"：星期一 1800-1930, 星期五 18001930, 星期六 1230-1400, 時間可再商議","： 提供筆記, 提供練習／試題, 有經驗, 可能需要補底 目前氧化還原 有機化學同埋f4啲嘢都唔熟🥲,期望最快上課時間:2星期內,粵語授課,不接受視像",0-5位導師,21/4/2026 下午9:03:23
218529,小四,全科(中文),每小時$200 - 240,黃竹坑(公眾地方),2026-04-21 22:45:53,：Southside,一星期1堂,每堂1.5小時,"：星期六 11-12, 時間可再商議","： 有耐性, 提供筆記, 提供練習／試題, 期望最快上課時間:2星期內,粵語授課,不接受視像",0-5位導師,21/4/2026 下午10:53:54
218528,中五,經濟(英文),每小時$200,深水埗(公眾地方),2026-04-21 22:37:38,：海達邨海華樓（南昌地鐵站步行10分鐘）,一星期2堂,每堂2小時,"：星期一 1600-1800, 星期三 1600-1800, 星期五 1600-1800, 時間可再商議","： 提升解題技巧, 沒有,期望最快上課時間:7天內,粵語授課,不接受視像",0-5位導師,21/4/2026 下午10:53:55
218527,小四,數學(中文),每小時$190 - 230,屯門(上門補習),2026-04-21 22:26:17,：時代廣場,一星期1堂,每堂1.5小時,"：星期一 1600, 星期四 1600, 導師必須在以上時段補習","： 提供練習／試題, 緊貼學校進度, 針對學生弱項, 期望最快上課時間:7天內,粵語授課,不接受視像",0-5位導師,21/4/2026 下午10:53:57
218525,中五,化學(中文),每小時$200-250,大埔(上門補習),2026-04-21 22:17:10,：大埔中心,一星期1堂,每堂1.5小時,,： 不接受視像,0-5位導師,21/4/2026 下午10:53:58
218526,中四,生物(英文),每小時$180 - 250,視像補習,2026-04-21 22:16:42,,一星期1堂,每堂1.5小時,"：星期六 1590-2000, 星期日 1500-2000, 導師必須在以上時段補習","： 期望最快上課時間:3天內,全英文授課",0-5位導師,21/4/2026 下午10:53:59
218530,中四,全科,每小時$230 - 270,元朗(上門補習),2026-04-21 22:09:39,：元朗馬田村,一星期2堂,每堂2小時,"：星期一 1730-1930, 星期三 1730-1930, 星期五 1730-1930, 星期六 1400-1600, 星期日 1400-1600, 時間可再商議","： 期望最快上課時間:7天內,不接受視像",0-5位導師,21/4/2026 下午10:54:00
218523,小五,英文,每小時$150 - 170,秀茂坪(上門補習),2026-04-21 21:52:59,：秀富樓,一星期2堂,每堂1.5小時,：,"： 有經驗, 不接受視像, 因為阿女五年班要呈分試啦，需要可以穩定上堂的老師, 逢星期一補4:00pm. 星期三可能要補5:00有時二至五有課外活動，如果無活動正常可以4:00pm，如果无活动我会同老师讲，我哋會老師夾時間【不過五月5月5号和5月8號只有兩日補5:00，其他时间星期一三正常】",0-5位導師,21/4/2026 下午10:54:01
218522,中四,"英文,中文",每小時$200 - 240,將軍澳(上門補習),2026-04-21 21:46:46,：廣明苑,一星期2堂,每堂1.5小時,"：星期一 1700-1830, 星期二 1700-1830, 星期三 1700-1830, 星期四 1700-1830, 星期五 1700-1830, 時間可再商議","： 有耐性, 期望最快上課時間:2星期內,粵語授課、全英文授課,不接受視像",0-5位導師,21/4/2026 下午10:54:02
218521,中五 (2人),數學(英文),每小時$200 - 240,"大圍,石門,馬鞍山,沙田(公眾地方)",2026-04-21 21:42:53,,一星期1堂,每堂2小時,"：星期一 1700-1900, 星期三 1700-1900, 星期四 1700-1900, 時間可再商議","： 期望最快上課時間:7天內,粵語授課,不接受視像",16-20位導師,21/4/2026 下午10:54:03
218520,中四,物理(英文),每小時$200-250,荃灣(上門補習),2026-04-21 21:42:33,：東亞花園,一星期1堂,每堂1.5小時,,： 不接受視像,0-5位導師,21/4/2026 下午10:54:04
218519,中四,"數學(英文),M2(英文)",每小時$200-250,荃灣(上門補習),2026-04-21 21:41:58,：東亞花園,一星期1堂,每堂2小時,,： 不接受視像,0-5位導師,21/4/2026 下午10:54:05
218518,中四,"中文,英文",每小時$200-250,荃灣(上門補習),2026-04-21 21:41:02,：東亞花園,一星期1堂,每堂2小時,,： 不接受視像,0-5位導師,21/4/2026 下午10:54:06
218516,中五,數學(英文),每小時$230-280,鑽石山(上門補習),2026-04-21 21:37:25,：嘉峰臺,一星期1堂,每堂2小時,,： 不接受視像,6-10位導師,21/4/2026 下午10:54:07
218517,中五,會計(中文),每小時$200 - 240,馬鞍山(公眾地方),2026-04-21 21:33:53,,一星期1堂,每堂2小時,"：星期一 1700-1900, 星期三 1600-1800, 星期四 1700-1900, 時間可再商議","： 期望最快上課時間:7天內,粵語授課,不接受視像",0-5位導師,21/4/2026 下午10:54:09
218515,中五,地理(英文),每小時$220,石硤尾(上門補習),2026-04-21 21:13:39,：白田邨,一星期1堂,每堂1.5小時,"：星期日 0930-1100, 時間可再商議","： 提供筆記, 提供練習／試題, 緊貼學校進度, 期望最快上課時間:7天內,粵語授課,不接受視像",0-5位導師,21/4/2026 下午10:54:10
218531,小五,全科(英文),每小時$150 - 190,九龍塘(上門或視像皆可),2026-04-22 00:05:42,：N/a,一星期2堂,每堂1.5小時,"：星期一 1700-1900, 星期三 1700-1900, 星期五 1700-1900, 時間可再商議","： 期望最快上課時間:2星期內,粵語授課",0-5位導師,22/4/2026 上午12:10:33
218532,中三,數學(英文),每小時$210 - 250,屯門(公眾地方),2026-04-22 01:09:54,,一星期1堂,每堂1.5小時,"：星期六 1700-1900, 星期日 1600-1900, 時間可再商議","： 期望最快上課時間:7天內,粵語授課,不接受視像",0-5位導師,22/4/2026 上午1:18:03
218538,中三,英文,每小時$180 - 220,太古城(上門補習),2026-04-22 09:17:54,,一星期1堂,每堂2小時,,： 不接受視像,0-5位導師,22/4/2026 上午9:53:33
218537,中五,西史(中文),每小時$250,元朗(公眾地方),2026-04-22 08:57:20,：元朗廣場星巴克,一星期1堂,每堂1.5小時,"：星期日 13-19, 時間可再商議","： 提供筆記, 細心, 幫助操練, 期望最快上課時間:2星期內,粵語授課,不接受視像",0-5位導師,22/4/2026 上午9:53:34
218536,K1,英語會話,每小時$280 - 450,大埔(上門補習),2026-04-22 08:51:07,：悠然山莊（距離地鐵站10分鐘）,一星期1堂,每堂1小時,"：星期一 1630-1730, 星期三 1630-1730, 時間可再商議","： 有愛心, 願意支付額外交通金額(HKD): 8.00, 期望最快上課時間:一個月內,不接受視像",0-5位導師,22/4/2026 上午9:53:36
218535,中一,中文,每小時$210 - 250,屯門(上門補習),2026-04-22 08:44:51,：叠茵庭,一星期1堂,每堂1.5小時,"：星期六 1500-2000, 時間可再商議","： 期望最快上課時間:2星期內,粵語授課,不接受視像",0-5位導師,22/4/2026 上午9:53:37
218534,小一,英文,每小時$210 - 250,天水圍(公眾地方),2026-04-22 08:23:08,：東華三院,一星期2堂,每堂1.5小時,"：星期六 1500-1600, 時間可再商議","： 有耐性, 提供練習／試題, 全職導師, 期望最快上課時間:3天內,粵語授課,不接受視像",0-5位導師,22/4/2026 上午9:53:38
218533,中一,數學(英文),每小時$160 - 180,觀塘(上門補習),2026-04-22 08:15:35,：順利紀律部隊宿舍,一星期2堂,每堂1.5小時,"：星期二 1830-2100, 星期三 1830-2100, 星期四 1830-2100, 星期六 1430-2030, 星期日 1630-2040, 時間可再商議","： 期望最快上課時間:2星期內,粵語授課,不接受視像",0-5位導師,22/4/2026 上午9:53:39
218551,中三 (2人),全科(中文),每小時$300 - 350,油塘(上門補習),2026-04-22 12:43:26,：油麗邨,一星期2堂,,,"： 其他, 一位中一女生，一位中三男生，每人分開輪流上1.5小時，每堂3小時，補全科(英文科除外)，學生英文成績ok，其他科由於中文教都差包括數學,所以除英文外都要補，全部成績需5*或以上,不接受視像",0-5位導師,22/4/2026 下午12:46:23
218552,中二,中文,每小時$200 - 260,半山(上門補習),2026-04-22 12:38:06,：御景臺,一星期1堂,每堂2小時,"：星期二 1630-2100, 星期三 1930-2100, 星期四 1630-2100, 時間可再商議","： 提升閱讀能力, 提升寫作能力, 男導師優先,期望最快上課時間:2星期內,粵語授課,不接受視像",0-5位導師,22/4/2026 下午12:46:24
218550,小三,中文,每小時$180 - 200,西環(上門補習),2026-04-22 12:12:30,：西環寶翠園,一星期1堂,每堂1.5小時,：,： 不接受視像,0-5位導師,22/4/2026 下午12:46:25
218548,中一,地理(英文),每小時$170 - 220,天后(上門補習),2026-04-22 12:00:44,：銀幕街**-**號,一星期1堂,每堂1.5小時,：星期日 1200-1800,"： 提供筆記, 提供練習／試題, 有經驗, 不接受視像",0-5位導師,22/4/2026 下午12:46:26
218547,小三,中文,每小時$190 - 230,小西灣(上門補習),2026-04-22 11:51:31,：藍灣半島,一星期1堂,每堂1.5小時,"：星期二 1630-1800, 星期三 1630-1800, 導師必須在以上時段補習","： 期望最快上課時間:7天內,粵語授課,不接受視像",0-5位導師,22/4/2026 下午12:46:27
218546,中五 (2人),數學(中文),每小時$160 - 200,九龍灣(公眾地方),2026-04-22 11:41:03,：淘大或者德福嗰邊,一星期1堂,每堂2小時,"：星期二 1730-1930, 導師必須在以上時段補習","： 有耐性, 提供筆記, 提供練習／試題, 目前程度大約level 2；期望最快上課時間:3天內,粵語授課,不接受視像",0-5位導師,22/4/2026 下午12:46:28
218545,中三,經濟(英文),每小時$300 - 400,視像補習,2026-04-22 11:39:15,,一星期1堂,每堂1.5小時,"：星期一 1700-2200, 星期二 1700-2200, 時間可再商議","： 有耐性, 提供練習／試題, 有愛心, 期望最快上課時間:2星期內,粵語授課,會考慮HKDSE導師",0-5位導師,22/4/2026 下午12:46:30
218543,2x 1-to-1 lessons for 3 and 2.5 yr old (not in school yet),Cantonese,每小時$150 - 200,"沙田,大圍(上門補習)",2026-04-22 11:08:53,：Pristine Villa,一星期2堂,每堂2小時,"：星期一 9:30-17:30, 星期二 13:00-17:30, 星期四 13:00-17:30, 星期五 9:30-13:00, 時間可再商議","： 有耐性, 有愛心, Student of early childhood education, or ECE work experience, 不接受視像,[願意支付額外交通金額(HKD):covered],期望最快上課時間:一個月內",0-5位導師,22/4/2026 下午12:46:31
218544,小一 (2人),全科(英文),每小時$160 - 180,沙田(上門補習),2026-04-22 11:06:07,：富豪花園,一星期1堂,每堂1小時,"：星期六 1200-1600, 導師必須在以上時段補習","： 有補習經驗，期望最快上課時間:7天內,粵語授課、全英文授課,不接受視像",0-5位導師,22/4/2026 下午12:46:32
218542,國際學校 year8,"Mathematics(英文),Science(英文)",每小時$280 - 310,西灣河(上門補習),2026-04-22 11:02:32,：鯉景灣,一星期2堂,每堂1.5小時,"：星期二 1600-1700, 星期四 1700-1800, 時間可再商議","： 期望最快上課時間:3天內,不接受視像",0-5位導師,22/4/2026 下午12:46:33
218541,小四,英文,每小時$220 - 280,黃竹坑(上門補習),2026-04-22 10:25:47,：黃竹坑雅濤閣,一星期1堂,每堂1.5小時,"：星期二 1700, 星期三 1700, 星期四 1700, 導師必須在以上時段補習","： 嚴格, 提供筆記, 提供練習／試題, 期望最快上課時間:一個月內,粵語授課、全英文授課,不接受視像",0-5位導師,22/4/2026 下午12:46:34
218540,中一,"綜合科學(英文),數學(英文)",每小時$180 - 220,沙田(上門補習),2026-04-22 10:14:46,：大圍,一星期2堂,每堂2小時,"：星期一 1700, 星期四 1700, 星期五 1700, 星期六 1900, 時間可再商議","： 長沙灣天主教英文中學畢業，期望最快上課時間:3天內,粵語授課、全英文授課,不接受視像",0-5位導師,22/4/2026 下午12:46:35
218549,中三,"物理(英文),生物(英文)",每小時$300,跑馬地(上門補習),2026-04-22 10:01:57,：上藍塘道,一星期1堂,每堂2小時,"：星期二 1740-1930, 時間可再商議","： 提供筆記, 提供練習／試題, 醫科生優先($280/hr 起), 願意支付額外交通金額(HKD): 300.00, 期望最快上課時間:2星期內,粵語授課",0-5位導師,22/4/2026 下午12:46:37
218539,自修生,數學(英文),每小時$220 - 230,石硤尾(上門補習),2026-04-22 09:57:57,：白田邨,一星期1堂,每堂1.5小時,：,"： 提供練習／試題, Retake 2027DSE ，不接受視像 二,三,四,五 5：45-22：00",0-5位導師,22/4/2026 下午12:46:38
218564,中二,英文,每小時$220 - 250,葵涌(上門補習),2026-04-22 14:16:08,：葵聯村,一星期1堂,每堂1.5小時,,"： 佛教善德,英文DSE成績要5/5*/5**，要了解中三分班試技巧和有學校資源（如教內past paper)去做教學, 港大/中大/科大生,上門或公眾地方，逢星期六上堂,不接受視像",0-5位導師,22/4/2026 下午2:26:52
218566,小一,功課(中文),每小時$140,灣仔(上門補習),2026-04-22 14:14:57,：凱利商業中心,一星期3堂,每堂2小時,"：星期六 1400-1600, 時間可再商議","： 有耐性, 期望最快上課時間:3天內,粵語授課,不接受視像",0-5位導師,22/4/2026 下午2:26:53
218565,中四,化學(英文),每小時$180 - 220,九龍塘(上門補習),2026-04-22 14:13:25,：廣播道**,一星期1堂,每堂2小時,"：星期一 1730, 星期四 1730, 星期五 1700, 時間可再商議","： 有耐性, 提供筆記, 有愛心, 願意支付額外交通金額(HKD): 20.00, 期望最快上課時間:7天內,粵語授課,不接受視像",0-5位導師,22/4/2026 下午2:26:54
218561,中五,中文,每小時$200,"馬鞍山,沙田(公眾地方)",2026-04-22 13:37:37,,一星期1堂,每堂1.5小時,"：星期日 1600-1730, 時間可再商議","： 有經驗, 針對學生弱項, 提升解題技巧, 有專注力不足和嚴重拖延情況,期望最快上課時間:7天內,粵語授課,有特殊學習需要,不接受視像",0-5位導師,22/4/2026 下午2:26:55
218562,小四,全科(中文),每小時$200 - 240,深井(上門補習),2026-04-22 13:37:18,：碧堤半島,一星期2堂,每堂1.5小時,"：星期二 1630, 星期三 1800, 星期五 1830, 時間可再商議","： 有耐性, 提供筆記, 提供練習／試題, 期望最快上課時間:2星期內,粵語授課,不接受視像",0-5位導師,22/4/2026 下午2:26:56
218560,中四,中文,每小時$230,屯門(上門補習),2026-04-22 13:31:45,：欣田邨,一星期1堂,每堂1.5小時,"：星期二 1645-1745, 星期四 1645-1745, 時間可再商議","： 有耐性, 幫助操練, 針對學生弱項, 期望最快上課時間:7天內,粵語授課,不接受視像",0-5位導師,22/4/2026 下午2:26:57
218558,中二,英文,每小時$180 - 220,視像補習,2026-04-22 13:27:33,,一星期1堂,每堂1小時,：,"： 導師需能夠提供足夠及合適程度教材, 盡責細心 主要 Writing, Speaking, Reading",0-5位導師,22/4/2026 下午2:26:58
218557,中二,英文,每小時$180 - 500,視像補習,2026-04-22 13:09:46,,一星期2堂,每堂1.5小時,"：星期二 1800-2100, 星期三 1800-2100, 星期四 1800-2100, 時間可再商議","： 期望最快上課時間:7天內,全英文授課",6-10位導師,22/4/2026 下午2:26:59
218556,小六,數學(英文),每小時$140 - 400,荃灣(上門補習),2026-04-22 13:06:38,：chelsea court,一星期1堂,每堂1.5小時,"：星期四 1800-2100, 星期六 2000-2200, 時間可再商議","： 有耐性, 提供練習／試題, 互動教學, 期望最快上課時間:7天內,粵語授課,有特殊學習需要,不接受視像",6-10位導師,22/4/2026 下午2:27:00
218555,中二,全科,每小時$180 - 220,大埔(上門補習),2026-04-22 13:05:58,：華樂豪庭,一星期1堂,每堂2小時,"：星期五 1630-1830, 導師必須在以上時段補習","： 提供筆記, 提供練習／試題, 有經驗, 期望最快上課時間:一個月內,不接受視像",0-5位導師,22/4/2026 下午2:27:02
218554,中三,中文,每小時$300 - 400,長沙灣(上門補習),2026-04-22 13:00:13,：蘇屋,一星期1堂,每堂1.5小時,,"： 有耐性, 【全職導師】專補中文,不接受視像",0-5位導師,22/4/2026 下午2:27:03
218559,中五,會計(英文),每小時$200,"馬鞍山,沙田(公眾地方)",2026-04-22 13:00:04,,一星期1堂,每堂1.5小時,"：星期日 1400-1530, 時間可再商議","： 有經驗, 幫助操練, 提升解題技巧, 有專注力不足和嚴重拖延情況,期望最快上課時間:7天內,粵語授課,有特殊學習需要,不接受視像",0-5位導師,22/4/2026 下午2:27:04
218553,小四,中文,每小時$300,荃灣(上門補習),2026-04-22 12:58:45,：麗城花園 （荃灣西站步行十分鐘）,一星期1堂,每堂2小時,：,"： 有耐性, 提供練習／試題, 長補, 【必須是全職補習導師/已畢業導師也考慮】請確保時間穩定可以長補，不要太忙補補吓唔補；不接受視像；",0-5位導師,22/4/2026 下午2:27:06
218574,35-40歲,英語會話,每小時$280 - 320,"大圍,沙田(上門補習)",2026-04-22 16:11:57,：溱岸*號,一星期1堂,每堂1.5小時,"：星期一 1800-2030, 星期二 1800-2030, 星期三 1800-2030, 星期四 1800-2030, 導師必須在以上時段補習","： 提供筆記, 提供練習／試題, 期望最快上課時間:3天內,不接受視像",0-5位導師,22/4/2026 下午4:17:58
218572,小二 (2人),數學(中文),每小時$180,屯門(上門補習),2026-04-22 15:56:20,：Ching Tin Estate,一星期1堂,每堂1.5小時,"：星期六 0900-1000/1800-1930, 時間可再商議","： 期望最快上課時間:7天內,粵語授課,不接受視像",0-5位導師,22/4/2026 下午4:17:59
218573,40+歲,普通話,每小時$230 - 270,西貢(公眾地方),2026-04-22 15:52:37,：市中心,一星期1堂,每堂1.5小時,"：星期六 1100-1200, 時間可再商議","： 期望最快上課時間:3天內,不接受視像",0-5位導師,22/4/2026 下午4:18:00
218571,中四,英文,每小時$200,沙田(上門補習),2026-04-22 15:38:58,：水泉澳邨,一星期1堂,每堂2小時,"：星期一 1630-1830, 星期三 1630-1830, 星期四 1630-1830, 星期五 1630-1830, 時間可再商議","： 願意支付額外交通金額(HKD): 15.00, Band2c學生 英文補底 ami3 校內試啱啱好四成合格,期望最快上課時間:7天內,粵語授課、全英文授課,不接受視像",0-5位導師,22/4/2026 下午4:18:01
218569,中四,會計(英文),每小時$180 - 450,紅磡(上門補習),2026-04-22 14:57:13,：詳細地址：Homantin MTR * mins walk,一星期1堂,每堂1.5小時,,： 不接受視像,6-10位導師,22/4/2026 下午4:18:03
218570,中三,綜合科學(英文),每小時$200 - 240,坑口(公眾地方),2026-04-22 14:54:11,：東港城（地鐵站行3分鐘）,一星期2堂,每堂1.5小時,"：星期二 2030-2200, 導師必須在以上時段補習","： 有耐性, 提供練習／試題, 有經驗, 坐唔定，適合互動教學。第二學期成績唔合格，想盡辦法追成績,期望最快上課時間:7天內,全英文授課,不接受視像",0-5位導師,22/4/2026 下午4:18:04
218568,中四 (2人),化學(英文),每小時$180 - 380,何文田(上門補習),2026-04-22 14:29:04,：巴富花園,一星期1堂,每堂1.5小時,"：星期一 1730-1900, 星期五 1630-1900, 時間可再商議","： 提供筆記, 提供練習／試題, 長補, 有經驗，同組補習同學也是中四,期望最快上課時間:2星期內,粵語授課,不接受視像",11-15位導師,22/4/2026 下午4:18:05
218567,小五,數學(中文),每小時$140 - 180,寶琳(上門補習),2026-04-22 14:25:15,：疊翠軒,一星期2堂,每堂1.5小時,"：星期一 1545-1900, 星期三 1545-1900, 星期四 1545-1900, 星期日 1200-1600, 時間可再商議","： 有耐性, 提供練習／試題, 長補, 中文特別差影響數學應用題,期望最快上課時間:7天內,粵語授課,不接受視像",0-5位導師,22/4/2026 下午4:18:07
218582,中五,中史,每小時$200 - 250,馬鞍山(上門或視像皆可),2026-04-22 17:20:48,：錦泰苑,一星期1堂,每堂1.5小時,：,： 5或以上，【導師需要上門及視像都可以，特別考試前需要上門面授】,0-5位導師,22/4/2026 下午5:57:19
218583,中五,地理(英文),每小時$200 - 250,馬鞍山(上門或視像皆可),2026-04-22 17:20:48,：錦泰苑,一星期1堂,每堂1.5小時,：,： 5或以上，【導師需要上門及視像都可以，特別考試前需要上門面授】,0-5位導師,22/4/2026 下午5:57:20
218581,中五,"M2(英文),化學(英文)",每小時$200 - 260,馬鞍山(上門或視像皆可),2026-04-22 17:19:55,：錦泰苑,一星期2堂,每堂1.5小時,：,： 兩科5或以上，【導師需要上門及視像都可以，特別考試前需要上門面授】,0-5位導師,22/4/2026 下午5:57:21
218580,中五 (2人),中文,每小時$170 - 200,馬鞍山(上門或視像皆可),2026-04-22 17:18:08,：錦泰苑,一星期1堂,每堂1.5小時,：,： 5或以上，兩位中五學生，一男一女，【導師需要上門及視像都可以，特別考試前需要上門面授】,0-5位導師,22/4/2026 下午5:57:22
218577,中四 (2人),地理(英文),每小時$170 - 200,沙田(公眾地方),2026-04-22 17:02:31,,一星期1堂,每堂1.5小時,：,： 不接受視像，逢星期一至五,0-5位導師,22/4/2026 下午5:57:24
218578,小四,全科(中文),每小時$150,九龍塘(上門補習),2026-04-22 16:59:22,：畢架山一號,一星期1堂,每堂1.5小時,"：星期二 1630-1800, 導師必須在以上時段補習","： 有愛心, 期望最快上課時間:7天內,粵語授課,不接受視像、男導師",0-5位導師,22/4/2026 下午5:57:25
218576,小五,全科(英文),每小時$110 - 170,荃灣(上門補習),2026-04-22 16:59:15,：海濱花園,一星期2堂,每堂1.5小時,"：星期二 1645-1815, 星期四 1645-1815, 導師必須在以上時段補習","： 有耐性, 提供練習／試題, 不接受視像；補中文為主",0-5位導師,22/4/2026 下午5:57:27
218579,中四,英文,每小時$200 - 240,沙田(公眾地方),2026-04-22 16:54:45,：Starbucks /其他地方,一星期1堂,每堂2小時,"：星期一 1700-1900, 星期三 1700-1900, 星期六 0900-1100, 星期日 1400-1600, 時間可再商議","： 提供練習／試題, 針對學生弱項, 提升閱讀能力, 期望最快上課時間:2星期內,粵語授課、全英文授課,不接受視像",0-5位導師,22/4/2026 下午5:57:28
218575,中三,中文,每小時$170 - 210,堅尼地城(上門補習),2026-04-22 16:47:13,：港鐵堅尼地城站C出口左轉直走，看見惠康，惠康對面過紅綠燈後加多近山三樓,一星期2堂,每堂1.5小時,"：星期一 1630-1800, 星期五 1630-1800, 時間可再商議","： 有耐性, 提供筆記, 期望最快上課時間:2星期內,粵語授課,不接受視像",0-5位導師,22/4/2026 下午5:57:29
218585,小四,中文,每小時$150 - 190,馬鞍山(上門補習),2026-04-22 19:00:26,：嵐岸 （地鐵站步行5分鐘）,一星期2堂,每堂2小時,"：星期一 1600-1800, 星期三 1600-1800, 星期五 1600-1800, 時間可再商議","： 期望最快上課時間:7天內,普通話授課,不接受視像",0-5位導師,22/4/2026 下午7:15:50
218584,小六,數學(中文),每小時$140 - 180,大埔(上門補習),2026-04-22 18:38:46,：大埔嵐山,一星期2堂,每堂1.5小時,"：星期二 1600-1730, 星期四 1600-1730, 導師必須在以上時段補習","： 嚴格, 互動教學, 幫助操練, 願意支付額外交通金額(HKD): 20.00, 期望最快上課時間:7天內,粵語授課,不接受視像",0-5位導師,22/4/2026 下午7:15:51
218591,小五,數學(中文),每小時$140 - 180,沙田(上門補習),2026-04-22 19:42:23,：博康邨博文樓,一星期1堂,每堂1.5小時,"：星期五 1900-2000, 時間可再商議","： 嚴格, 集中力弱,期望最快上課時間:7天內,粵語授課,有特殊學習需要,不接受視像",0-5位導師,22/4/2026 下午8:11:41
218590,中四,化學(英文),每小時$180 - 280,樂富(上門補習),2026-04-22 19:37:54,：樂富邨樂泰樓（地鐵站行5分鐘）,一星期1堂,每堂2小時,"：星期日 1400-1600, 時間可再商議","： 有愛心, 互動教學, 針對學生弱項, 有少少專注力不足,期望最快上課時間:2星期內,粵語授課,不接受視像",0-5位導師,22/4/2026 下午8:11:42
218588,K2,中文,每小時$140 - 200,西環(上門補習),2026-04-22 19:34:29,：寶翠園,一星期3堂,每堂1小時,"：星期一 1700-1800, 星期三 1700-1800, 星期四 0830-0930, 星期五 0830-0930, 導師必須在以上時段補習","： 有耐性, 期望最快上課時間:3天內,粵語授課,不接受視像",0-5位導師,22/4/2026 下午8:11:43
218589,K2,中文,每小時$140 - 200,西環(上門補習),2026-04-22 19:34:29,：寶翠園,一星期3堂,每堂1小時,"：星期一 1700-1800, 星期三 1700-1800, 星期四 0830-0930, 星期五 0830-0930, 導師必須在以上時段補習","： 有耐性, 期望最快上課時間:3天內,粵語授課,不接受視像",0-5位導師,22/4/2026 下午8:11:44
218587,中五,英文,每小時$270 - 280,上水(公眾地方),2026-04-22 19:28:07,：Starbucks,一星期1堂,每堂1.5小時,"：星期二 43-6, 星期三 430-6, 星期五 43-6, 時間可再商議","： 英文基礎弱 並追求DSE2-3,期望最快上課時間:2星期內,粵語授課,不接受視像",0-5位導師,22/4/2026 下午8:11:45
218586,小五,數學(中文),每小時$140 - 270,視像補習,2026-04-22 19:21:53,,一星期1堂,每堂1小時,"：星期三 2000, 星期六 2000, 星期日 1000, 時間可再商議","： 期望最快上課時間:7天內,粵語授課",6-10位導師,22/4/2026 下午8:11:46
218600,中一,英文,每小時$180 - 220,美孚(上門補習),2026-04-22 21:41:29,：美孚新邨,一星期2堂,每堂1.5小時,"：星期三 1730-1830, 星期六 1500-1600, 導師必須在以上時段補習","： 期望最快上課時間:3天內,粵語授課,不接受視像",0-5位導師,22/4/2026 下午10:11:32
218599,grade8,數學(英文),每小時$330 - 400,鑽石山(上門補習),2026-04-22 21:23:34,：鑽石山星河明居,一星期1堂,每堂1.5小時,,"： 有耐性, 提供筆記, 期望最快上課時間:7天內,會考慮HKDSE導師,不接受視像",6-10位導師,22/4/2026 下午10:11:34
218598,中三,"數學(英文),綜合科學(英文)",每小時$200 - 300,屯門(上門補習),2026-04-22 21:15:55,,一星期1堂,每堂1.5小時,：,： 不接受視像；5**導師優先考慮,0-5位導師,22/4/2026 下午10:11:35
218596,中五,生物(英文),每小時$400 - 500,大圍(上門補習),2026-04-22 20:37:46,：近大圍地鐵站,一星期1堂,每堂1小時,,"： 每堂補1小時, DSE 5** 或 HKCEE HKAL grade A 大學主修,不接受視像",0-5位導師,22/4/2026 下午10:11:36
218597,中五,化學(英文),每小時$400 - 500,大圍(上門補習),2026-04-22 20:37:46,：近大圍地鐵站,一星期1堂,每堂1小時,,"： 每堂補1小時, DSE 5** 或 HKCEE HKAL grade A 大學主修,不接受視像",0-5位導師,22/4/2026 下午10:11:37
218595,year8,"數學(英文),綜合科學(英文)",每小時$250 - 380,元朗(上門補習),2026-04-22 20:35:52,：葡萄園,一星期1堂,每堂1.5小時,"：星期一 1800-1930, 星期三 1800-1930, 導師必須在以上時段補習","： 有耐性, 有愛心, 需全英語教學及溝通；補星期一/三 1800-1930；同學讀哈羅國際學校,不接受視像",0-5位導師,22/4/2026 下午10:11:38
218593,小三,數學(英文),每小時$190 - 230,洪水橋(上門補習),2026-04-22 20:17:10,：蔚林,一星期2堂,每堂1.5小時,"：星期一 1700-1800, 星期五 1700-1800, 時間可再商議","： 有耐性, 有愛心, 長補, 期望最快上課時間:2星期內,粵語授課,不接受視像",0-5位導師,22/4/2026 下午10:11:39
218594,小三,中文,每小時$190 - 230,洪水橋(上門補習),2026-04-22 20:17:10,：蔚林,一星期2堂,每堂1.5小時,"：星期一 1700-1800, 星期五 1700-1800, 時間可再商議","： 有耐性, 有愛心, 長補, 期望最快上課時間:2星期內,粵語授課,不接受視像",0-5位導師,22/4/2026 下午10:11:41
218592,中五,物理(英文),每小時$200 - 240,土瓜灣(公眾地方),2026-04-22 20:16:09,,一星期1堂,每堂1.5小時,"：星期一 0000-0000, 時間可再商議","： 提供筆記, 提供練習／試題, 期望最快上課時間:3天內,粵語授課、全英文授課、普通話授課,不接受視像",0-5位導師,22/4/2026 下午10:11:42
218605,中三,中文,每小時$170 - 210,視像補習,2026-04-22 23:20:45,,一星期1堂,每堂1小時,"：星期二 1800-1900, 導師必須在以上時段補習","： 有經驗, 針對學生弱項, 引起學生學習興趣, 期望最快上課時間:3天內,粵語授課",0-5位導師,22/4/2026 下午11:42:53
218604,小三,全科(中文),每小時$180 - 220,美孚(上門補習),2026-04-22 23:16:19,：美孚新邨,一星期1堂,每堂2小時,"：星期四 1630-1830, 導師必須在以上時段補習","： 緊貼學校進度, 引起學生學習興趣, 提升解題技巧, 期望最快上課時間:7天內,粵語授課,不接受視像",0-5位導師,22/4/2026 下午11:42:54
218603,中四,商業管理(中文),每小時$180 - 350,何文田(上門補習),2026-04-22 22:55:43,：何文田廣場對面,一星期2堂,每堂2小時,"：星期一 1600-1800, 星期三 1630-1830, 星期四 1630-1830, 星期六 10-1600, 星期日 1300-1900, 時間可再商議","： 有耐性, 提供筆記, 提供練習／試題, 小女現培正中四學生。年頭選錯物理，明年想轉科BAFS. 學校要求成績要超過一半才能入讀。 咁希望短期內追番之前個進度。,期望最快上課時間:3天內,粵語授課",0-5位導師,22/4/2026 下午11:42:55
218602,中五,英文,每小時$220 - 260,灣仔(公眾地方),2026-04-22 22:46:33,,一星期2堂,每堂2小時,"：星期三 1700-1830, 時間可再商議","： 有耐性, 期望最快上課時間:2星期內,粵語授課,不接受視像",0-5位導師,22/4/2026 下午11:42:56
218601,中三,中文,每小時$170 - 210,沙田(公眾地方),2026-04-22 22:08:52,,一星期2堂,每堂1.5小時,"：星期三 6-9, 星期五 6-8, 星期六 10-12, 星期日 10-4, 時間可再商議","： 中文差，所以怕升唔到班，請特訓,期望最快上課時間:3天內,粵語授課,不接受視像",0-5位導師,22/4/2026 下午11:42:58
218606,中三,英文,每小時$200 - 300,將軍澳(公眾地方),2026-04-23 00:25:50,：將軍澳廣場,一星期1堂,每堂1.5小時,"：星期五 1700-1830, 星期六 1000-1500, 星期日 1600-1830, 時間可再商議","： 提供筆記, 全職導師, 有經驗, 不接受視像補習,期望最快上課時間:7天內,粵語授課、全英文授課,不接受視像",0-5位導師,23/4/2026 上午12:44:58
218607,K1,拼音 Phonics(英文),每小時$230 - 350,馬鞍山(上門補習),2026-04-23 01:30:57,：錦豐苑,一星期1堂,每堂1小時,"：星期一 1700-1800, 星期二 1700-1800, 星期三 1700-1800, 星期四 1700-1800, 星期五 1700-1800, 時間可再商議","： , 期望最快上課時間:7天內,不接受視像",0-5位導師,23/4/2026 上午1:46:28
218608,35-40歲,職業或升學輔導(英文),每小時$600 - 800,視像補習,2026-04-23 03:50:56,,一星期2堂,每堂1.5小時,"：星期一 1500-1800, 星期六 1500-1800, 星期日 1500-1800, 導師必須在以上時段補習","： 有經驗, 期望最快上課時間:3天內",0-5位導師,23/4/2026 上午4:02:52
218609,國際學校 year6,數學(英文),每小時$330 - 400,青衣(上門補習),2026-04-23 05:45:45,：曉峰園,一星期2堂,每堂1.5小時,"：星期二 1630-1830, 星期三 1630-1830, 星期六 1000-1200, 時間可再商議","： 針對學生弱項, 數學程度跟不上,期望最快上課時間:7天內,粵語授課、全英文授課,不接受視像",0-5位導師,23/4/2026 上午6:05:17
218610,小二,中文,每小時$140 - 240,馬鞍山(上門補習),2026-04-23 06:36:34,：觀瀾雅軒,一星期2堂,每堂1.5小時,"：星期一 1700-1800, 星期三 1700-1800, 時間可再商議","： 有耐性, 有經驗, 提升閱讀能力, 讀寫,期望最快上課時間:2星期內,粵語授課,有特殊學習需要,不接受視像",0-5位導師,23/4/2026 上午7:04:46
218662,中五,會計(中文),每小時$200 - 220,油塘(上門補習),2026-04-23 17:50:30,：油塘,一星期0.5堂,每堂1.5小時,：,： 不接受視像,0-5位導師,23/4/2026 下午5:53:44
218661,中五,數學(英文),每小時$150 - 250,視像補習,2026-04-23 17:48:26,,一星期1堂,每堂1.5小時,,,0-5位導師,23/4/2026 下午5:53:45
218660,中二,英文,每小時$150 - 250,視像補習,2026-04-23 17:46:13,,一星期1堂,每堂1.5小時,"：星期一 1800-2100, 星期二 1800-2100, 星期四 1800-2100, 星期五 2100-2300, 星期六 1900-2300, 星期日 0900-2300, 時間可再商議",： 可接受視像補習,0-5位導師,23/4/2026 下午5:53:47
218659,中五,中文,每小時$250 - 300,馬鞍山(上門補習),2026-04-23 17:45:27,：海澄軒,一星期2堂,每堂2小時,：,"： 嚴格, 提供練習／試題, 有經驗, 5*-5**男老師,不接受視像",0-5位導師,23/4/2026 下午5:53:48
218658,小四,中文,每小時$160 - 250,黃埔(上門補習),2026-04-23 17:44:36,：黃埔花園（地鐵出5分鐘）,一星期1堂,每堂1.5小時,：,"： 有耐性, 其他, 要中作5**,不接受視像",0-5位導師,23/4/2026 下午5:53:49
218656,中四,英文,每小時$200,大圍(上門補習),2026-04-23 17:37:42,：美村,一星期1堂,每堂1.5小時,"：星期五 1800-1900, 時間可再商議","： 有讀寫障礙,期望最快上課時間:7天內,粵語授課,不接受視像",0-5位導師,23/4/2026 下午5:53:50
218655,中四,化學(英文),每小時$300 - 450,視像補習,2026-04-23 17:34:18,,一星期1堂,每堂1小時,：,"： 有耐性, 提供筆記, 提供練習／試題, 【導師必須要有最新的化學A Modern View課本，不接受舊版，舊版有些內容漏咗跟新版不同的】【導師每堂必須要提供筆記及練習各一份； 考試測驗必需跟範圍出最少三份卷給同學（另外學校每1-2星期一定有短quiz可能只能2-4天內通知但也要老師出2份卷去應付因出來成績計平時分直接影響成績表，做完send批改,後請send回），及需要課後時間幫忙批改學校功課（即日send即日收批改）】如確認價錢不能額外收費",0-5位導師,23/4/2026 下午5:53:51
218654,中五,生物(英文),每小時$200 - 220,石硤尾(上門補習),2026-04-23 17:26:29,：石硤尾南山邨道*號職員宿舍地下**室,一星期2堂,每堂2小時,"：星期六 1200-1400, 星期日 1200-1400, 時間可再商議","： 提供練習／試題, 針對學生弱項, 了解學生不足, 期望最快上課時間:7天內,粵語授課,不接受視像",0-5位導師,23/4/2026 下午5:53:52
218653,中二,數學(中文),每小時$160 - 200,視像補習,2026-04-23 17:25:56,,一星期1堂,每堂1.5小時,"：星期一 1700-1830, 導師必須在以上時段補習","： 期望最快上課時間:3天內,粵語授課",0-5位導師,23/4/2026 下午5:53:54
218652,中五,化學(英文),每小時$200 - 240,視像補習,2026-04-23 17:22:16,,一星期1堂,每堂2小時,"：星期二 1630-1930, 星期五 1630-1930, 星期六 1400-1800, 導師必須在以上時段補習","： 提供筆記, 提供練習／試題, 提升解題技巧, 期望最快上課時間:3天內,粵語授課",6-10位導師,23/4/2026 下午5:53:55
218650,小一,廣東話,每小時$150,將軍澳(上門補習),2026-04-23 16:19:04,：怡明邨,一星期1堂,每堂1小時,：,"： The tutor should be kids friendly and teaches playfully As we are non- Chinese family so need help to prepare in school homework , dictation and school assessments.,不接受視像",0-5位導師,23/4/2026 下午5:53:56
218651,中六,經濟(英文),每小時$230 - 270,視像補習,2026-04-23 16:16:58,,一星期2堂,每堂2小時,"：星期一 1100-1800, 時間可再商議","： 有經驗, 幫助操練, 針對學生弱項, 期望最快上課時間:3天內,粵語授課,【中六DSE只收取一星期費用】",0-5位導師,23/4/2026 下午5:53:58
218649,中六,化學(中文),每小時$250 - 300,九龍塘(上門或視像皆可),2026-04-23 16:15:44,：逸瓏,一星期1堂,每堂1.5小時,"：星期五 1900-2030, 時間可再商議","： 有耐性, 提供練習／試題, 有經驗, 化學5*以上，中文卷；期望最快上課時間:2星期內,普通話授課,【中六DSE只收取一小時費用】",0-5位導師,23/4/2026 下午5:53:59
218648,中五 (2人),數學(英文),每小時$250 - 290,元朗(公眾地方),2026-04-23 16:00:50,：元朗廣場Starbucks,一星期1堂,每堂1.5小時,"：星期五 1630, 時間可再商議","： 提供練習／試題, 期望最快上課時間:2星期內,粵語授課,不接受視像",16-20位導師,23/4/2026 下午5:54:00
218647,中五,英文,每小時$240 - 320,鑽石山(上門補習),2026-04-23 15:56:43,：Galaxia (* mins MTR),一星期1堂,每堂1.5小時,：,"： 提供筆記, 5**導師only,不接受視像；Monday to Friday 5:00, Sat and Sunday.",0-5位導師,23/4/2026 下午5:54:01
218644,自修生 (2人),化學(英文),每小時$210 - 220,中環(公眾地方),2026-04-23 15:32:20,,一星期2堂,每堂2小時,"：星期一 11-8, 時間可再商議","： 提供筆記, 針對學生弱項, 期望最快上課時間:1個月後,全英文授課,不接受視像",6-10位導師,23/4/2026 下午5:54:02
218645,自修生 (2人),生物(英文),每小時$210 - 220,中環(公眾地方),2026-04-23 15:32:20,,一星期2堂,每堂2小時,"：星期一 11-8, 時間可再商議","： 提供筆記, 針對學生弱項, 期望最快上課時間:1個月後,全英文授課,不接受視像",0-5位導師,23/4/2026 下午5:54:03
218646,自修生 (2人),數學(英文),每小時$210 - 220,中環(公眾地方),2026-04-23 15:32:20,,一星期2堂,每堂2小時,"：星期一 11-8, 時間可再商議","： 提供筆記, 針對學生弱項, 期望最快上課時間:1個月後,全英文授課,不接受視像",16-20位導師,23/4/2026 下午5:54:05
218643,小四,"數學(中文),中文",每小時$200 - 230,鴨脷洲(公眾地方),2026-04-23 15:18:57,,一星期2堂,每堂1.5小時,,"： 需要Year3或以上年級導師, 有專注力不足、輕微讀寫障礙,不接受視像",0-5位導師,23/4/2026 下午5:54:06
218642,N班,English or Mandarin,每小時$180,炮台山(上門補習),2026-04-23 15:02:28,：Fortress Metro Tower,一星期2堂,每堂1小時,"：星期一 900-1700, 星期二 900-1700, 星期三 900-1700, 星期四 900-1700, 星期五 900-1700, 時間可再商議","： Female tutor,期望最快上課時間:7天內,不接受視像",0-5位導師,23/4/2026 下午5:54:07
218640,中三,英文,每小時$190 - 360,佐敦(上門補習),2026-04-23 14:59:54,：佐敦近地鐵,一星期1堂,每堂1小時,"：星期一 430-630, 星期二 430-6, 星期三 415-515, 星期四 430-6, 星期五 430-6, 時間可再商議","： 提供練習／試題, 全職導師, 現職/曾任中小學教師, DSE 5* 或 A level A,期望最快上課時間:3天內,粵語授課,不接受視像",6-10位導師,23/4/2026 下午5:54:08
218637,K3,英文,每小時$150-200,大埔(上門補習),2026-04-23 14:20:45,：寶湖,一星期1堂,每堂1小時,：,： 不接受視像、想學phonics,0-5位導師,23/4/2026 下午5:54:10
218638,小三,全科(中文),每小時$190 - 230,元朗(上門補習),2026-04-23 14:14:19,：GRAND YOHO,一星期1堂,每堂1.5小時,"：星期六 1100-1500, 時間可再商議","： 有耐性, 緊貼學校進度, 針對學生弱項, N/A,期望最快上課時間:2星期內,粵語授課,不接受視像",0-5位導師,23/4/2026 下午5:54:11
218636,中二,英文,每小時$230 - 270,大嶼山(上門補習),2026-04-23 14:05:46,：滿泰樓（約2分鐘）,一星期2堂,每堂1.5小時,"：星期六 1500-1600, 星期日 1500-1600, 時間可再商議","： 願意支付額外交通金額(HKD): 20.00, 期望最快上課時間:7天內,全英文授課,不接受視像",0-5位導師,23/4/2026 下午5:54:12
218634,小五,數學(中文),每小時$170 - 190,荔景(上門補習),2026-04-23 13:48:54,：浩景臺,一星期1堂,每堂2小時,"：星期六 1500-1700, 星期日 1100-1300, 導師必須在以上時段補習","： 有耐性, 提供練習／試題, 有愛心, 期望最快上課時間:7天內,粵語授課,不接受視像",0-5位導師,23/4/2026 下午5:54:14
218635,小五,英文,每小時$170 - 190,荔景(上門補習),2026-04-23 13:48:54,：浩景臺,一星期1堂,每堂2小時,"：星期六 1500-1700, 星期日 1100-1300, 導師必須在以上時段補習","： 有耐性, 提供練習／試題, 有愛心, 期望最快上課時間:7天內,粵語授課,不接受視像",0-5位導師,23/4/2026 下午5:54:15
218633,中一,AI 學習,每小時$180 - 220,大圍(上門補習),2026-04-23 13:40:52,：恆峰花園,一星期1堂,每堂2小時,"：星期五 1700-1830, 時間可再商議","： 學c++，期望最快上課時間:2星期內,不接受視像",0-5位導師,23/4/2026 下午5:54:16
218629,中二,西史(英文),每小時$180 - 220,沙田(上門補習),2026-04-23 12:51:40,：禾輋邨,一星期1堂,每堂2小時,"：星期六 6:00-9:00pm, 星期日 2-9pm, 導師必須在以上時段補習","： 緊貼學校進度, 幫助操練, 期望最快上課時間:3天內,粵語授課、全英文授課,不接受視像",0-5位導師,23/4/2026 下午5:54:17
218630,中二,地理(英文),每小時$180 - 220,沙田(上門補習),2026-04-23 12:51:40,：禾輋邨,一星期1堂,每堂2小時,"：星期六 6:00-9:00pm, 星期日 2-9pm, 導師必須在以上時段補習","： 緊貼學校進度, 幫助操練, 期望最快上課時間:3天內,粵語授課、全英文授課,不接受視像",0-5位導師,23/4/2026 下午5:54:18
218627,國際學校 year4,"數學(英文),英文",每小時$260 - 330,清水灣(上門補習),2026-04-23 12:48:56,：Mount Pavilia,一星期2堂,每堂1.5小時,"：星期五 4-6, 星期六 9-12, 星期日 9-19, 時間可再商議","： 期望最快上課時間:2星期內,全英文授課,不接受視像",0-5位導師,23/4/2026 下午5:54:19
218632,中二,數學(英文),每小時$210 - 250,青衣(上門補習),2026-04-23 12:43:41,：盈翠半島,一星期3堂,每堂1.5小時,"：星期一 2000-2130, 星期二 2000-2130, 星期四 2000-2130, 導師必須在以上時段補習","： 期望最快上課時間:7天內,粵語授課,有特殊學習需要,不接受視像",0-5位導師,23/4/2026 下午5:54:20
218626,中五,生物(中文),每小時$180 - 200,屯門(上門補習),2026-04-23 11:53:50,：預豐花園,一星期1堂,每堂1.5小時,"：星期二 6:00-7:30, 星期三 6:00-7:30, 星期五 6:00-7:30, 導師必須在以上時段補習","： 每堂1.5-2小時,不接受視像",0-5位導師,23/4/2026 下午5:54:21
218625,小五,中文,每小時$170 - 250,沙田(上門補習),2026-04-23 11:52:38,：帝堡城,一星期1堂,每堂1小時,"：星期四 4:30, 導師必須在以上時段補習","： 有耐性, 要有經驗追呈分試成績，會自備教材 履歷好，如是全職補習或是現職教師，學費可以高啲 不接受視像",0-5位導師,23/4/2026 下午5:54:22
218623,小四,"英文,數學(英文)",每小時$300 - 350,何文田(上門補習),2026-04-23 11:48:55,：俊民苑,一星期1堂,每堂1.5小時,"：星期四 1600, 星期六 1400-1800, 導師必須在以上時段補習","： 年紀25-35歲 不要大學生 有小學教書經驗，可準備教材, 需要成績5*或以上的導師,不接受視像",0-5位導師,23/4/2026 下午5:54:23
218624,小二,全科(中文),每小時$140 - 150,油塘(上門補習),2026-04-23 11:42:33,：油麗邨,一星期1堂,每堂1.5小時,"：星期一 1730, 星期二 1730, 星期四 1730, 星期五 1730, 時間可再商議","： 有耐性, 提供練習／試題, 指導功課, 期望最快上課時間:3天內,粵語授課,不接受視像",0-5位導師,23/4/2026 下午5:54:25
218621,小五,全科(英文),每小時$250 - 300,大埔(上門補習),2026-04-23 11:15:07,：富善邨/嵐山,一星期2堂,每堂1.5小時,：,"： 需要住附近的, 主要是教中文及普通話,有耐性,有愛心, 有ADHD。讀寫障礙。,不接受視像 可補習時間： 16:45-18:15 或 17:45-19:15",0-5位導師,23/4/2026 下午5:54:26
218619,中五,DSE 音樂科,每小時$250 - 300,"灣仔,樂富,屯門(公眾地方)",2026-04-23 11:02:18,：方便老師的地方就可,一星期1堂,每堂1.5小時,：,"： 有耐性, 提供筆記, 提供練習／試題, 任意地區公眾地方，方便導師面授的地方都可以，需要yr2Y以上有高中補習經驗的導師,不接受視像",0-5位導師,23/4/2026 下午5:54:27
218620,中五,中文,每小時$200 - 240,沙田(上門補習),2026-04-23 10:57:55,：牛皮沙村,一星期1堂,每堂1.5小時,"：星期日 1400-1700, 時間可再商議","： 期望最快上課時間:2星期內,粵語授課,不接受視像",0-5位導師,23/4/2026 下午5:54:29
218618,中一,綜合科學(英文),每小時$180 - 240,烏溪沙(公眾地方),2026-04-23 10:41:41,：翠擁華庭,一星期2堂,每堂1.5小時,"：星期三 1900, 星期六 1130, 時間可再商議","： 提供筆記, 有經驗, 期望最快上課時間:2星期內,粵語授課、全英文授課,不接受視像",0-5位導師,23/4/2026 下午5:54:30
218617,小三,全科(中文),每小時$190 - 220,天水圍(上門補習),2026-04-23 10:37:50,：天頌苑,一星期3堂,每堂1.5小時,"：星期一 1930-2030, 星期二 1930-2030, 星期三 1930-2030, 星期四 1930-2030, 星期五 1930-2030, 時間可再商議","： 嚴格, 有耐性, 互動教學, 認字較少,期望最快上課時間:3天內,粵語授課、普通話授課,不接受視像",0-5位導師,23/4/2026 下午5:54:31
218616,中四,中文,每小時$200 - 240,視像補習,2026-04-23 10:33:03,,一星期1堂,每堂1.5小時,"：星期一 1900, 星期二 1900, 星期三 1900, 星期四 1900, 導師必須在以上時段補習",,11-15位導師,23/4/2026 下午5:54:32
218615,中五,英文,每小時$220 - 260,大埔(公眾地方),2026-04-23 09:57:02,,一星期1堂,每堂2小時,"：星期一 430-600, 星期二 430-600, 星期三 430-600, 星期四 430-600, 星期五 430-600, 時間可再商議","： 英文較弱,期望最快上課時間:7天內,粵語授課,不接受視像",6-10位導師,23/4/2026 下午5:54:33
218614,中五,化學(英文),每小時$200 - 310,馬鞍山(上門補習),2026-04-23 09:42:57,：錦泰苑,一星期1堂,每堂2小時,"：星期五 1700-1900, 星期六 1700-1900, 星期日 1700-1900, 時間可再商議","： 長補, 有經驗, 可以公眾地方上課,期望最快上課時間:一個月內,粵語授課、全英文授課,不接受視像",11-15位導師,23/4/2026 下午5:54:35
218612,中三,物理(英文),每小時$170 - 210,北角(上門補習),2026-04-23 08:44:12,：港運城,一星期2堂,每堂2小時,"：星期一 1600-2000, 星期二 1600-2000, 星期三 1600-2000, 星期五 1600-2000, 時間可再商議","： 期望最快上課時間:3天內,粵語授課、普通話授課,不接受視像",0-5位導師,23/4/2026 下午5:54:36
218663,K2,升學面試課,每小時$230,荃灣(上門補習),2026-04-23 17:52:48,：荃威花園,一星期1堂,每堂1.5小時,"：星期日 11-1230, 導師必須在以上時段補習","： 有耐性, 有愛心, 遊戲教學, 願意支付額外交通金額(HKD): 20.00, 聽不懂中文,期望最快上課時間:一個月內,有特殊學習需要,不接受視像",0-5位導師,23/4/2026 下午7:07:26
218665,中三,數學(中文),每小時$160 - 200,視像補習,2026-04-23 19:42:32,,一星期1堂,每堂2小時,"：星期一 1800-2000, 星期二 1800-2000, 星期三 1700-1900, 星期四 1800-2000, 星期五 1700-1900, 導師必須在以上時段補習","： 有耐性, 提供筆記, 提供練習／試題, 期望最快上課時間:7天內,粵語授課",6-10位導師,23/4/2026 下午8:08:44
218664,中四,數學(英文),每小時$180 - 220,油塘(上門補習),2026-04-23 19:36:06,：高翔,一星期2堂,每堂1.5小時,"：星期二 1800, 時間可再商議","： 【需要有3年以上及教中四補習經驗】期望最快上課時間:3天內,粵語授課,不接受視像",0-5位導師,23/4/2026 下午8:08:45
218671,中三,數學(中文),每小時$160 - 200,秀茂坪(上門補習),2026-04-23 21:55:26,：Hiu lai court,一星期1堂,每堂1.5小時,"：星期五 1700, 導師必須在以上時段補習","： 有耐性, 期望最快上課時間:7天內,粵語授課,不接受視像",0-5位導師,23/4/2026 下午10:11:56
218670,中二,英文,每小時$180 - 400,大圍(上門補習),2026-04-23 21:22:21,：名城,一星期2堂,每堂1.5小時,"：星期一 1700-1900, 星期三 1700-1900, 星期六 1600-1900, 星期日 1000-1300, 導師必須在以上時段補習","： 提供練習／試題, 有經驗, 緊貼學校進度, 學生英文程度較低,期望最快上課時間:2星期內,粵語授課、全英文授課,不接受視像",0-5位導師,23/4/2026 下午10:11:57
218669,中二,數學(中文),每小時$180 - 220,藍田(上門補習),2026-04-23 21:13:01,：蓝田丽港城,一星期1堂,每堂1.5小時,：,"： , 系統自動關閉,不接受視像",0-5位導師,23/4/2026 下午10:11:58
218668,中二,全部,每小時$180,"九龍塘,石硤尾(公眾地方)",2026-04-23 21:03:43,,一星期2堂,每堂4小時,"：星期六 13-14, 時間可再商議","： 長補, 曾在補習社工作, 神科生優先($250/hr 起), 期望最快上課時間:3天內,不接受視像",0-5位導師,23/4/2026 下午10:11:59
218667,中五,中文,每小時$220 - 300,視像補習,2026-04-23 20:17:41,,一星期1堂,每堂1.5小時,"：星期一 1730-1900, 星期四 1730-1900, 時間可再商議","： 有耐性, 提供練習／試題, 期望最快上課時間:2星期內,粵語授課",6-10位導師,23/4/2026 下午10:12:00
218666,中五,物理(英文),每小時$200 - 220,石硤尾(上門補習),2026-04-23 20:09:06,：石硤尾南山邨道*號職員宿舍,一星期1堂,每堂2小時,"：星期六 1200-1400, 星期日 1200-1400, 時間可再商議","： 提供練習／試題, 針對學生弱項, 了解學生不足, 期望最快上課時間:7天內,粵語授課,不接受視像",0-5位導師,23/4/2026 下午10:12:01
218679,小二,全科(中文),每小時$140,筲箕灣(上門補習),2026-04-23 23:58:34,：筲箕灣愛蝶灣*座*樓,一星期3堂,每堂1.5小時,"：星期六 12-4, 時間可再商議","： 有耐性, 提供練習／試題, 有經驗, 期望最快上課時間:2星期內,粵語授課,不接受視像",0-5位導師,24/4/2026 上午12:14:33
218678,中五,經濟(英文),每小時$200,視像補習,2026-04-23 23:55:32,,一星期1堂,每堂1.5小時,"：星期一 1900-2200, 星期二 1700-2200, 星期六 1600-2200, 時間可再商議","： 提供筆記, 緊貼學校進度, 針對學生弱項, 期望最快上課時間:7天內,粵語授課、全英文授課",0-5位導師,24/4/2026 上午12:14:35
218677,小一,全科(中文),每小時$140 - 180,荃灣(上門補習),2026-04-23 23:51:57,：麗城花園,一星期2堂,每堂2小時,"：星期一 1630-1900, 星期二 1630-1900, 星期三 1630-1900, 星期四 1630-1900, 時間可再商議","： 嚴格, 有耐性, 長補, 期望最快上課時間:7天內,粵語授課,不接受視像",0-5位導師,24/4/2026 上午12:14:36
218676,Student studying in the Online virtual school,Mathematics(英文),每小時$180 - 220,視像補習,2026-04-23 23:36:09,,一星期2堂,每堂2小時,"：星期六 0900-1100, 星期日 0900-1200, 時間可再商議","： 有耐性, 提供練習／試題, 全英語上堂, 期望最快上課時間:3天內,急單補習(需要在兩天內開始上第一堂課)",0-5位導師,24/4/2026 上午12:14:37
218675,中四,西史(英文),每小時$230 - 250,元朗(公眾地方),2026-04-23 22:45:54,：朗庭園,一星期1堂,每堂1.5小時,"：星期日 3-6, 導師必須在以上時段補習","： 有耐性, 提供筆記, 提供練習／試題, 令成績合格,期望最快上課時間:7天內,粵語授課、全英文授課,不接受視像",0-5位導師,24/4/2026 上午12:14:38
218674,小二,中文,每小時$190 - 230,鴨脷洲(上門補習),2026-04-23 22:42:09,：南灣,一星期2堂,每堂1.5小時,"：星期一 1700-1800, 星期四 1700-1800, 星期六 1500-1600, 時間可再商議","： 期望最快上課時間:7天內,粵語授課,不接受視像",0-5位導師,24/4/2026 上午12:14:39
218673,中三,數學(英文),每小時$160 - 200,牛池灣(公眾地方),2026-04-23 22:39:59,：峻絃,一星期1堂,每堂2小時,"：星期六 1000-1800, 導師必須在以上時段補習","： 有耐性, 提供練習／試題, 長補, 期望最快上課時間:7天內,粵語授課、全英文授課,不接受視像",0-5位導師,24/4/2026 上午12:14:40
218672,中三,"數學(英文),生物(英文),物理(英文)",每小時$200 - 230,馬鞍山(上門補習),2026-04-23 22:24:55,：曉峰灣畔,一星期3堂,每堂1.5小時,"：星期三 6-7:30pm, 星期六 12-1:30, 星期日 12-1:30, 導師必須在以上時段補習",,0-5位導師,24/4/2026 上午12:14:41
218680,自修生,"會計(中文),生物(中文)",每小時$210,葵興(上門或視像皆可),2026-04-24 02:47:16,：新葵興花園,一星期1堂,每堂2小時,"：星期一 1600-1800, 星期二 1600-1800, 星期三 1600-1800, 星期四 1600-1800, 星期五 1600-1800, 星期六 0900-1100, 星期日 0900-1100, 時間可再商議","： 提升解題技巧, 期望最快上課時間:1個月後,粵語授課",0-5位導師,24/4/2026 上午3:59:49
218681,小一,全科(英文),每小時$140 - 240,視像補習,2026-04-24 04:02:42,,一星期2堂,每堂1.5小時,"：星期六 1100-1300, 星期日 1000-1200, 導師必須在以上時段補習","： 有經驗, 互動教學, 了解學生不足, 期望最快上課時間:一個月內,粵語授課、全英文授課",0-5位導師,24/4/2026 上午5:02:25
218682,中一 (3人),英文,每小時$180 - 220,西營盤(公眾地方),2026-04-24 06:31:11,：東涌,一星期3堂,每堂1.5小時,"：星期六 9-12, 星期日 1-6, 導師必須在以上時段補習","： 有經驗, 英文,期望最快上課時間:3天內,全英文授課,不接受視像",0-5位導師,24/4/2026 上午6:58:35
218690,中五,數學(英文),每小時$150 - 250,美孚(上門補習),2026-04-24 11:22:39,：美孚新邨,一星期1堂,每堂1.5小時,：,： 不接受視像,0-5位導師,24/4/2026 上午11:32:40
218688,小四,英文,每小時$180 - 220,荃灣(上門補習),2026-04-24 11:16:24,：海之戀,一星期2堂,每堂2小時,"：星期一 1700-1900, 星期日 1700-1900, 導師必須在以上時段補習","： 期望最快上課時間:7天內,粵語授課、全英文授課,不接受視像",0-5位導師,24/4/2026 上午11:32:41
218689,小四,綜合科學(中文),每小時$180 - 220,荃灣(上門補習),2026-04-24 11:16:24,：海之戀,一星期2堂,每堂2小時,"：星期一 1700-1900, 星期日 1700-1900, 導師必須在以上時段補習","： 期望最快上課時間:7天內,粵語授課,不接受視像",0-5位導師,24/4/2026 上午11:32:42
218687,自修生,中文,每小時$210 - 300,視像補習,2026-04-24 11:10:41,,一星期2堂,每堂2小時,"：星期一 24/7, 星期二 24/7, 時間可再商議","： 期望最快上課時間:7天內,粵語授課",0-5位導師,24/4/2026 上午11:32:44
218685,小一,"中文,數學(中文)",每小時$150,香港仔(上門補習),2026-04-24 10:23:51,：香港仔華富邨華珍樓,一星期2堂,每堂2小時,：,： 不接受視像,0-5位導師,24/4/2026 上午11:32:45
218684,中四,中文,每小時$180 - 220,銅鑼灣(上門補習),2026-04-24 10:18:56,：裕景商業大廈,一星期2堂,每堂2小時,"：星期一 1630-2100, 星期三 1630-2100, 星期四 1630-2100, 星期五 1630-2100, 星期日 0900-2100, 時間可再商議","： 有耐性, 文盲,期望最快上課時間:3天內,粵語授課,有特殊學習需要,不接受視像",0-5位導師,24/4/2026 上午11:32:47
218686,中二,中文,每小時$210 - 250,青衣(上門補習),2026-04-24 10:17:42,：藍澄灣(需要在地鐵站接駁小巴),一星期1堂,每堂2小時,"：星期六 1600-2000, 星期日 1100-1600, 時間可再商議","： 緊貼學校進度, 針對學生弱項, 提升解題技巧, 願意支付額外交通金額(HKD): 4.50, 專注力不足,期望最快上課時間:2星期內,粵語授課,不接受視像",0-5位導師,24/4/2026 上午11:32:48
218683,中五,M2(英文),每小時$200 - 330,將軍澳(公眾地方),2026-04-24 09:45:33,,一星期1堂,每堂2小時,"：星期六 1500-2000, 星期日 1300-2000, 時間可再商議","： 期望最快上課時間:7天內,粵語授課、全英文授課,不接受視像",0-5位導師,24/4/2026 上午11:32:50
218695,中三,中文,每小時$180 - 220,馬鞍山(上門補習),2026-04-24 13:47:29,：海典居,一星期1堂,每堂1.5小時,：,"： 有經驗, 期望最快上課時間:3天內,粵語授課、全英文授課,不接受視像",0-5位導師,24/4/2026 下午1:56:57
218694,中五,"N/A(英文),生物(英文)",每小時$220 - 250,荃灣(上門補習),2026-04-24 13:34:21,：海濱花園,一星期1堂,每堂2小時,：,"： 大學year1/2，有經驗的導師, 女兒讀協恩中學, 5*以上導師；不接受視像",0-5位導師,24/4/2026 下午1:56:58
218693,小五,全科(中文),每小時$170 - 240,何文田(上門補習),2026-04-24 12:48:14,：冠熹苑（地鐵站行10分鐘）,一星期2堂,每堂2小時,"：星期一 1600-1900, 星期二 1600-1900, 星期三 1600-1900, 星期日 1000-1600, 時間可再商議","： 有耐性, 指導功課, 針對學生弱項, 期望最快上課時間:7天內,粵語授課,不接受視像",0-5位導師,24/4/2026 下午1:56:59
218691,中五 (2人),經濟(英文),每小時$200 - 400,藍田(上門補習),2026-04-24 12:23:40,：匯景花園,一星期1堂,每堂2小時,"：星期三 1600-1900, 導師必須在以上時段補習","： 有耐性, 有經驗, 提升解題技巧, Nil,期望最快上課時間:2星期內,粵語授課、全英文授課,不接受視像",6-10位導師,24/4/2026 下午1:57:00
218639,中三,"英文,數學(英文)",每小時$220,牛池灣(上門補習),2026-04-23 14:45:46,：彩峰苑,一星期2堂,每堂1.5小時,"：星期二 1730-1900, 星期六 1100-1230, 時間可再商議","： 有耐性, 提供筆記, 提供練習／試題, 期望最快上課時間:1個月後,粵語授課、全英文授課,有特殊學習需要,不接受視像",0-5位導師,24/4/2026 下午1:57:02
218699,小二,全科(英文),每小時$140 - 180,美孚(上門補習),2026-04-24 16:09:26,：美孚新村,一星期2堂,每堂1.5小時,"：星期一 1900-2030, 星期三 1900-2030, 星期四 1900-2030, 時間可再商議","： 嚴格, 有耐性, 細心, 期望最快上課時間:7天內,粵語授課,不接受視像",0-5位導師,24/4/2026 下午4:17:03
218698,中一,數學(英文),每小時$210 - 250,屯門(上門補習),2026-04-24 14:54:53,：屯門市中心,一星期1堂,每堂1.5小時,"：星期日 1300-1600, 時間可再商議","： 期望最快上課時間:3天內,粵語授課,不接受視像",6-10位導師,24/4/2026 下午4:17:04
218697,中一,英文,每小時$180 - 270,奧運(上門補習),2026-04-24 14:30:13,：Park Avenue,一星期1堂,每堂1.5小時,"：星期一 1700-1900, 星期四 1700-1900, 星期六 0900-1300, 星期日 0900-1300, 導師必須在以上時段補習","： 提升寫作能力, 提升解題技巧, 期望最快上課時間:2星期內,粵語授課、全英文授課",0-5位導師,24/4/2026 下午4:17:05
218706,中五,物理(英文),每小時$200 - 330,將軍澳(公眾地方),2026-04-24 17:54:01,,一星期1堂,每堂2小時,,"： 期望最快上課時間:7天內,粵語授課、全英文授課,不接受視像",0-5位導師,24/4/2026 下午5:57:30
218705,中一,中文,每小時$220 - 240,屯門(上門補習),2026-04-24 17:30:44,：翠寧花園,一星期1堂,每堂1.5小時,,"： 逢星期四上堂, 主要教授中文，如果夠時間可以cover埋中史或history,不接受視像",0-5位導師,24/4/2026 下午5:57:31
218704,中三,英文,每小時$190 - 230,石硤尾(公眾地方),2026-04-24 17:20:49,,一星期1堂,每堂1.5小時,"：星期六 1500-1800, 時間可再商議","： 有耐性, 提供筆記, 有經驗, 期望最快上課時間:7天內,粵語授課,不接受視像",0-5位導師,24/4/2026 下午5:57:33
218703,中四,生物(英文),每小時$180 - 300,鰂魚涌(上門補習),2026-04-24 17:05:21,：康景花園,一星期1堂,每堂1.5小時,"：星期五 1715-1845, 導師必須在以上時段補習","： 有耐性, 提供筆記, 提供練習／試題, 期望最快上課時間:7天內,粵語授課,不接受視像",0-5位導師,24/4/2026 下午5:57:33
218702,K1,拼音 Phonics(英文),每小時$230 - 400,九龍城(上門補習),2026-04-24 16:34:33,"：Muk Tak Street, * min walk from Kai Tak Station",一星期1堂,每堂1小時,"：星期一 1700-19-00, 星期三 1700-1900, 星期四 1700-1900, 星期六 1700-1800, 星期日 1030-1230, 時間可再商議","： 期望最快上課時間:7天內,不接受視像",0-5位導師,24/4/2026 下午5:57:34
218701,中一,英文,每小時$180 - 280,太和(上門補習),2026-04-24 16:19:10,：帝欣苑,一星期2堂,每堂1.5小時,"：星期二 1900-2030, 星期三 1900-2030, 星期四 1900-2030, 星期六 1900-2030, 時間可再商議","： 嚴格, 提供筆記, 針對學生弱項, 女導師，程度不如小學生,期望最快上課時間:2星期內,粵語授課、全英文授課,不接受視像",0-5位導師,24/4/2026 下午5:57:35
218700,中四,英文,每小時$200 - 240,將軍澳(上門補習),2026-04-24 16:17:40,：廣明苑,一星期2堂,每堂1.5小時,"：星期一 1700-1830, 星期二 1700-1830, 星期三 1700-1830, 星期四 1700-1830, 星期五 1700-1830","： 有耐性, 期望最快上課時間:2星期內,粵語授課、全英文授課,不接受視像",0-5位導師,24/4/2026 下午5:57:37
218714,中五,會計(英文),每小時$200 - 240,視像補習,2026-04-24 18:50:10,,一星期1堂,每堂1.5小時,"：星期六 1200, 時間可再商議","： 期望最快上課時間:3天內,粵語授課",0-5位導師,24/4/2026 下午7:15:31
218711,中四,"物理(英文),化學(英文),M2(英文)",每小時$200 - 320,牛頭角(上門補習),2026-04-24 18:22:53,：定業街,一星期1堂,每堂2小時,,"： 最好能夠同時補到以上3科,不接受視像",6-10位導師,24/4/2026 下午7:15:32
218712,中五,生物(英文),每小時$250 - 290,"上水,粉嶺(公眾地方)",2026-04-24 18:19:39,,一星期1堂,每堂1.5小時,"：星期五 1800-1930, 時間可再商議","： 期望最快上課時間:2星期內,粵語授課,不接受視像",0-5位導師,24/4/2026 下午7:15:34
218713,中五,數學(中文),每小時$250 - 290,"上水,粉嶺(公眾地方)",2026-04-24 18:19:39,,一星期1堂,每堂1.5小時,"：星期五 1800-1930, 時間可再商議","： 期望最快上課時間:2星期內,粵語授課,不接受視像",0-5位導師,24/4/2026 下午7:15:35
218710,小一,"中文,英文",每小時$180 - 300,上水(上門補習),2026-04-24 18:17:32,：燕崗村,一星期2堂,每堂1.5小時,,： 不接受視像；熟悉課程名校有補習經驗、拔尖課程（英文）、補底中文,0-5位導師,24/4/2026 下午7:15:36
218709,K2,"英文,中文",每小時$180 - 300,上水(上門補習),2026-04-24 18:16:17,：燕崗村（上水有巴士、小巴到）,一星期2堂,每堂1小時,"：, 導師必須在以上時段補習",： 不接受視像；熟悉課程名校有補習經驗、拔尖課程（英文）、補底中文,0-5位導師,24/4/2026 下午7:15:38
218708,中四,英文,每小時$200 - 240,"何文田,紅磡(上門補習)",2026-04-24 18:07:13,：冠德苑c座,一星期1堂,每堂1.5小時,"：星期二 4:30-6:00pm, 星期四 4:30-6:00pm",： 有教學經驗,0-5位導師,24/4/2026 下午7:15:39
218707,中五 (2人),英文,每小時$220,油麻地(公眾地方),2026-04-24 17:52:19,：starbucks嘉樂坊,一星期1堂,每堂2小時,"：星期六 1700-1900, 星期日 1700-1900, 導師必須在以上時段補習","： 期望最快上課時間:3天內,粵語授課、全英文授課,不接受視像",0-5位導師,24/4/2026 下午7:15:40
218718,中五,數學(中文),每小時$200 - 240,"觀塘,秀茂坪(上門補習)",2026-04-24 19:59:40,：秀茂坪秀義樓****室,一星期2堂,每堂2小時,"：星期六 100-1200, 星期日 100-1200, 時間可再商議","： 期望最快上課時間:7天內,粵語授課,不接受視像",0-5位導師,24/4/2026 下午8:10:03
218717,中五 (2人),英文,每小時$220,旺角(公眾地方),2026-04-24 19:51:53,：旺角家乐坊星巴克,一星期2堂,每堂2小時,"：星期日 1700-1900, 導師必須在以上時段補習","： 嚴格, 期望最快上課時間:3天內,粵語授課,不接受視像",0-5位導師,24/4/2026 下午8:10:04
218716,中四,數學(英文),每小時$180 - 250,馬鞍山(上門補習),2026-04-24 19:20:33,：恒安,一星期2堂,每堂2小時,"：星期二 1645-730, 星期三 1645-730, 星期四 1645-730, 星期五 1645-730, 星期六 1200-730, 星期日 1200-730, 時間可再商議","： 有耐性, 提供練習／試題, 指導功課, 期望最快上課時間:7天內,粵語授課",6-10位導師,24/4/2026 下午8:10:05
218715,小一,全科(英文),每小時$140 - 390,西灣河(上門補習),2026-04-24 19:18:34,：嘉哼湾,一星期2堂,每堂2小時,"：星期一 415-545, 星期三 415-545, 星期五 415545, 導師必須在以上時段補習","： 期望最快上課時間:一個月內,粵語授課、全英文授課、普通話授課,不接受視像",0-5位導師,24/4/2026 下午8:10:06
218720,25-30歲,英語會話,每小時$250 - 300,啟德(上門補習),2026-04-24 22:02:18,：啟德跑道區維港雙鑽,一星期2堂,每堂1小時,：,"： for 日常生活用語, 需要導師中英文5**，偏好醫科生/Gbus，性格外向,不接受視像",0-5位導師,24/4/2026 下午10:08:37
218719,中二,英文,每小時$180 - 230,視像補習,2026-04-24 21:34:30,,一星期1堂,每堂1小時,"：星期五 1800-1900, 導師必須在以上時段補習","： 提供筆記, 提供練習／試題, 緊貼學校進度, 期望最快上課時間:7天內,粵語授課、全英文授課",0-5位導師,24/4/2026 下午10:08:39
218722,中三,英文,每小時$190 - 230,大埔(上門或視像皆可),2026-04-24 23:00:47,：廣福（地鐵站10分鐘）,一星期1堂,每堂1.5小時,"：星期一 1900-2300, 星期二 1900-2300, 星期三 2000-2300, 星期四 1900-2300, 星期五 1900-2300, 星期日 1000-2300, 時間可再商議","： 期望最快上課時間:7天內,全英文授課",0-5位導師,24/4/2026 下午11:38:26
218723,中三,數學(英文),每小時$190 - 230,大埔(上門或視像皆可),2026-04-24 23:00:47,：廣福（地鐵站10分鐘）,一星期1堂,每堂1.5小時,"：星期一 1900-2300, 星期二 1900-2300, 星期三 2000-2300, 星期四 1900-2300, 星期五 1900-2300, 星期日 1000-2300, 時間可再商議","： 期望最快上課時間:7天內,粵語授課",6-10位導師,24/4/2026 下午11:38:27
218721,中五,英文,每小時$220 - 260,將軍澳(上門補習),2026-04-24 22:27:26,：景林邨,一星期1堂,每堂1.5小時,"：星期日 1100-1230, 導師必須在以上時段補習","： , 期望最快上課時間:2星期內,粵語授課,不接受視像",0-5位導師,24/4/2026 下午11:38:29
218727,小五,全科(中文),每小時$200,屯門(上門補習),2026-04-25 00:04:28,：菁田邨,一星期2堂,每堂1.5小時,"：星期三 5-630, 導師必須在以上時段補習","： 期望最快上課時間:2星期內,粵語授課,不接受視像",0-5位導師,25/4/2026 上午12:39:37
218725,中五,會計(中文),每小時$200 - 250,"屯門,元朗(公眾地方)",2026-04-24 23:57:24,：屯門v city 瓏門會所,一星期1堂,每堂1.5小時,,"： 粵語授課,不接受視像",0-5位導師,25/4/2026 上午12:39:38
218726,中三,化學(英文),每小時$170 - 210,大埔(上門或視像皆可),2026-04-24 23:55:07,：廣福,一星期1堂,每堂1.5小時,"：星期一 1900-2300, 星期二 1900-2300, 星期三 2000-2300, 星期四 1900-2300, 星期五 1900-2300, 時間可再商議","： 期望最快上課時間:7天內,全英文授課",0-5位導師,25/4/2026 上午12:39:39
218724,小一,英文,每小時$160 - 280,觀塘(上門補習),2026-04-24 23:40:04,：月華街,一星期1堂,每堂1.5小時,"：星期六 1400-1530, 時間可再商議","： 有耐性, 提供練習／試題, 有愛心, 期望最快上課時間:2星期內,粵語授課、全英文授課,不接受視像",0-5位導師,25/4/2026 上午12:39:40
218728,中三,英文,每小時$190 - 230,柴灣(公眾地方),2026-04-25 01:10:14,：青年廣場*樓,一星期2堂,每堂2小時,"：星期二 1630-1800, 星期四 1630-1800, 星期六 1000-1130, 時間可再商議","： 提供筆記, 提供練習／試題, 沒有,期望最快上課時間:3天內,粵語授課、全英文授課,不接受視像",0-5位導師,25/4/2026 上午1:38:35
218729,中四,經濟(英文),每小時$180 - 300,炮台山(上門或視像皆可),2026-04-25 02:19:42,：珊瑚閣,一星期2堂,每堂2小時,"：星期一 1630-1900, 星期二 1630-1900, 星期三 1630-1900, 星期四 1630-1900, 星期五 1630-1900, 星期日 1000-1800, 時間可再商議","： 期望最快上課時間:2星期內,粵語授課",0-5位導師,25/4/2026 上午2:30:19
218734,中三,中文,每小時$240 - 300,將軍澳(上門補習),2026-04-25 09:59:04,：The Parkside,一星期1堂,每堂1.5小時,"：星期一 1800-2000, 星期六 1400-2000, 星期日 1800-2000, 時間可再商議","： 有耐性, 提供筆記, 提供練習／試題, 有日校經驗/ 九華華仁中文課程經驗,期望最快上課時間:3天內,粵語授課,不接受視像",0-5位導師,25/4/2026 上午10:10:40
218733,中五,生物(英文),每小時$200 - 280,將軍澳(上門補習),2026-04-25 09:56:58,：廣明苑,一星期1堂,每堂2小時,"：星期三 1900-2100, 星期四 1900-2100, 時間可再商議","： 期望最快上課時間:7天內,粵語授課,不接受視像",0-5位導師,25/4/2026 上午10:10:41
218731,小五,牧童笛,每小時$230 - 270,大埔(上門補習),2026-04-25 08:44:03,：富蝶,一星期1堂,每堂1.5小時,"：星期日 1500-1600, 時間可再商議","： 期望最快上課時間:3天內,不接受視像",0-5位導師,25/4/2026 上午10:10:42
218732,小五,聲樂,每小時$230 - 270,大埔(上門補習),2026-04-25 08:44:03,：富蝶,一星期1堂,每堂1.5小時,"：星期日 1500-1600, 時間可再商議","： 期望最快上課時間:3天內,不接受視像",0-5位導師,25/4/2026 上午10:10:43
218730,小三,英文,每小時$160 - 200,調景嶺(上門補習),2026-04-25 07:56:54,：建明村,一星期1堂,每堂1.5小時,"：星期三 1600-1800, 星期六 1000-1300, 導師必須在以上時段補習","： 大學畢業，有三年以上家教經驗,期望最快上課時間:3天內,粵語授課,急單補習(需要在兩天內開始上第一堂課),不接受視像",0-5位導師,25/4/2026 上午10:10:45
218748,小二,功課(英文),每小時$200,馬鞍山(上門補習),2026-04-25 12:35:07,：雅濤居,一星期2堂,每堂2小時,"：星期一 1800-1900, 星期二 1800-1900, 星期三 1800-1900, 星期四 1800-1900, 星期五 1800-1900, 時間可再商議","： 有耐性, 提供筆記, 期望最快上課時間:3天內,粵語授課、全英文授課、普通話授課,不接受視像",0-5位導師,25/4/2026 下午12:45:10
218747,中五,數學(英文),每小時$20 - 200,佐敦(公眾地方),2026-04-25 12:33:01,,一星期3堂,每堂1小時,"：星期一 8:00-10:00pm, 星期二 8:00-10:00pm, 星期三 8:00-10:00pm, 星期四 8:00-10:00pm, 星期五 8:00-10:00pm, 星期六 9am-10am, 時間可再商議","： 提供練習／試題, 只考慮DSE導師 全英文授課, 不接受視像,期望最快上課時間:7天內",0-5位導師,25/4/2026 下午12:45:11
218746,中一,西史(英文),每小時$160 - 200,馬鞍山(上門補習),2026-04-25 12:22:54,：錦豐苑,一星期1堂,每堂2小時,"：星期一 1630-1830, 星期二 1630-1830, 導師必須在以上時段補習","： 期望最快上課時間:2星期內,粵語授課,不接受視像",0-5位導師,25/4/2026 下午12:45:12
218745,中四,化學(英文),每小時$180 - 300,炮台山(上門或視像皆可),2026-04-25 12:11:17,：珊瑚閣,一星期2堂,每堂2小時,"：星期一 1630-1900, 星期二 1630-1900, 星期三 1630-1900, 星期四 1630-1900, 星期五 1630-1900, 星期日 1000-1800, 時間可再商議","： 期望最快上課時間:2星期內,粵語授課",6-10位導師,25/4/2026 下午12:45:13
218744,中二,綜合科學(英文),每小時$230,"元朗,天水圍(公眾地方)",2026-04-25 11:49:11,：頌富,一星期1堂,每堂1.5小時,"：星期四 1700-1830, 導師必須在以上時段補習","： 提供筆記, 提供練習／試題, 期望最快上課時間:2星期內,粵語授課、全英文授課,不接受視像",0-5位導師,25/4/2026 下午12:45:15
218742,中一,數學(英文),每小時$160 - 200,九龍塘(上門補習),2026-04-25 11:30:52,：廣播道,一星期1堂,每堂1.5小時,,： 不接受視像,0-5位導師,25/4/2026 下午12:45:16
218739,小六,"中文,英文,數學(英文)",每小時$300 - 320,九龍塘(上門補習),2026-04-25 11:11:42,：又一居*座,一星期2堂,每堂2小時,：,： 【6月必須要有時間唔改期】中英數要達5*或以上，學校係英文學校，要有豐富經驗和耐心，不接受視像,0-5位導師,25/4/2026 下午12:45:17
218740,小三,全科(中文),每小時$140 - 250,西營盤(上門補習),2026-04-25 11:11:38,：均益二期,一星期2堂,每堂1.5小時,"：星期一 1600-1830, 星期三 1600-1830, 星期四 1600-1830, 星期五 1600-1830, 星期六 1100-1400, 星期日 1100-1400, 時間可再商議","： 全職導師, 針對學生弱項, 期望最快上課時間:7天內,粵語授課,不接受視像",0-5位導師,25/4/2026 下午12:45:19
218738,中四,數學(中文),每小時$200,天水圍(公眾地方),2026-04-25 11:04:50,：天水圍天恩路**號嘉湖海逸酒店第一座大堂,一星期1堂,每堂1.5小時,"：星期一 1600-1630, 星期三 1600-1630, 星期五 1600-1630, 時間可再商議","： 有耐性, 提升解題技巧, 了解學生不足, 提供筆記及訓練材料，期望最快上課時間:7天內,粵語授課,不接受視像",0-5位導師,25/4/2026 下午12:45:20
218737,中五,數學(英文),每小時$500 - 600,九龍城(上門補習),2026-04-25 10:43:23,：啟德一號,一星期1堂,每堂1.5小時,"：星期一 1600-2000, 星期二 1600-2000, 星期日 1000-1300, 時間可再商議","： 現職/曾任中小學教師, 幫助操練, 提升解題技巧, 期望最快上課時間:2星期內,粵語授課,不接受視像",0-5位導師,25/4/2026 下午12:45:22
218735,中三,英文,每小時$190 - 230,烏溪沙(上門補習),2026-04-25 10:13:45,：利安邨,一星期2堂,每堂1.5小時,"：星期一 1700-1900, 時間可再商議","： 有耐性, 英文成績倒數,期望最快上課時間:3天內,粵語授課,不接受視像",0-5位導師,25/4/2026 下午12:45:23
218736,中二,數學(英文),每小時$160,石硤尾(上門補習),2026-04-25 10:10:17,：石硤尾地鐵站出口行7分鐘左右,一星期1堂,每堂1.5小時,"：星期一 1630-1730, 星期二 1630-1730, 星期三 1630-1730, 星期四 1630-1730, 星期五 1630-1730, 時間可再商議","： 有耐性, 提供筆記, 提供練習／試題, 期望最快上課時間:3天內,粵語授課,不接受視像",0-5位導師,25/4/2026 下午12:45:24
218750,中五,數學(英文),每小時$200 - 500,荃灣(上門補習),2026-04-25 13:37:49,：麗城花園,一星期1堂,每堂2小時,"：星期一 1800-2000, 星期日 1300-1500, 導師必須在以上時段補習","： 現職/曾任中小學教師, 期望最快上課時間:7天內,粵語授課,不接受視像",0-5位導師,25/4/2026 下午2:12:40
218749,小一,全科(中文),每小時$140 - 180,紅磡(上門補習),2026-04-25 13:11:29,：黃埔花園,一星期2堂,每堂1.5小時,"：星期一 4-530, 星期四 4-530, 導師必須在以上時段補習","： 嚴格, 期望最快上課時間:2星期內,粵語授課,不接受視像",0-5位導師,25/4/2026 下午2:12:41
218756,小三,英文,每小時$160 - 200,鰂魚涌(上門補習),2026-04-25 15:36:38,：御皇臺,一星期2堂,每堂2小時,"：星期一 0900-1300, 星期二 0900-1300, 星期三 0900-1300, 星期四 0900-1300, 星期五 0900-1300, 時間可再商議","： 有耐性, 有愛心, 長補, 有讀寫障礙,期望最快上課時間:一個月內,粵語授課、全英文授課、普通話授課,不接受視像",0-5位導師,25/4/2026 下午3:47:51
218755,中四,英文,每小時$200 - 230,藍田(上門補習),2026-04-25 15:36:20,：德田邨,一星期2堂,每堂1.5小時,"：星期二 1730-1900, 星期六 1400-1530, 時間可再商議","： 嚴格, 有經驗, 做試卷外，教導口語＆聆聽，學生英文低於合格線,期望最快上課時間:7天內,粵語授課、全英文授課,不接受視像",0-5位導師,25/4/2026 下午3:47:52
218754,小三,中文,每小時$180,觀塘(上門補習),2026-04-25 15:31:40,：凱滙（Grand Central）,一星期1堂,每堂1.5小時,"：星期六 1630-1800, 時間可再商議","： 提供筆記, 提供練習／試題, 提升解題技巧, 希望導師HKDSE中文成績5*或以上，其他科的分數無要求, 基礎扎實，希望能力拔高，技巧精進。,期望最快上課時間:2星期內,粵語授課、普通話授課,不接受視像",0-5位導師,25/4/2026 下午3:47:53
218753,中四,英文,每小時$200 - 240,銅鑼灣(上門補習),2026-04-25 14:49:19,：合群大廈,一星期1堂,每堂1.5小時,"：星期一 1700-1830, 時間可再商議","： 有耐性, 提供練習／試題, 期望最快上課時間:7天內,粵語授課、全英文授課,不接受視像",0-5位導師,25/4/2026 下午3:47:54
218752,中四,中文,每小時$200 - 240,將軍澳(上門補習),2026-04-25 14:45:04,：廣明苑,一星期2堂,每堂1.5小時,"：星期一 1700-1830, 星期二 1700-1830, 星期五 1700-1830, 導師必須在以上時段補習","： 有耐性, 期望最快上課時間:2星期內,粵語授課,不接受視像",0-5位導師,25/4/2026 下午3:47:56
218751,小二,全科(中文),每小時$140 - 180,太和(上門補習),2026-04-25 14:28:13,：寶雅苑,一星期3堂,每堂1.5小時,"：星期一 1615-1745, 星期二 1615-1745, 星期三 1615-1745, 星期四 1615-1745, 時間可再商議","： 有輕微讀寫障礙,期望最快上課時間:7天內,粵語授課,有特殊學習需要,不接受視像",0-5位導師,25/4/2026 下午3:47:57
218761,小二,全科(中文),每小時$140 - 180,黃大仙(上門補習),2026-04-25 16:24:13,：黃大仙下邨,一星期2堂,每堂1.5小時,"：星期一 1600-1700, 星期二 1600-1700, 星期三 1600-1700, 星期四 1600-1700, 星期五 1600-1700, 時間可再商議","： 有耐性, 細心, 中文認字較差，數學一般,期望最快上課時間:2星期內,粵語授課,不接受視像",0-5位導師,25/4/2026 下午4:38:26
218759,中三,中文,每小時$170 - 210,視像補習,2026-04-25 16:20:00,,一星期2堂,每堂1.5小時,"：星期日 1000-1200, 時間可再商議","： 期望最快上課時間:7天內,粵語授課、普通話授課",0-5位導師,25/4/2026 下午4:38:27
218760,中三,化學(英文),每小時$170 - 210,視像補習,2026-04-25 16:20:00,,一星期2堂,每堂1.5小時,"：星期日 1000-1200, 時間可再商議","： 期望最快上課時間:7天內,粵語授課、全英文授課、普通話授課",0-5位導師,25/4/2026 下午4:38:28
218758,中二,西史(英文),每小時$160 - 220,沙田(公眾地方),2026-04-25 16:03:44,,一星期1堂,每堂1.5小時,"：, 時間可再商議","： 提供筆記, 提供練習／試題, 期望最快上課時間:2星期內,粵語授課、全英文授課,不接受視像",0-5位導師,25/4/2026 下午4:38:30
218757,小四,中文,每小時$120 - 200,半山(上門補習),2026-04-25 16:01:06,"：Tak Mansion, Leung Fai Terrace, Mid-Levels, 香港",一星期1堂,每堂1.5小時,"：星期五 5:00-7:30pm, 導師必須在以上時段補習","： 導師必須補逢星期五放學後，中文程度不算太好，需打好基礎，練習家長都有準備,不接受視像",0-5位導師,25/4/2026 下午4:38:31
218763,中五,物理(英文),每小時$200 - 250,荔枝角(上門補習),2026-04-25 17:08:10,：昇悅居,一星期1堂,每堂1.5小時,"：星期三 1700-1900, 星期四 1700-1900, 星期六 1500-1800, 星期日 1500-1700, 時間可再商議","： 提供筆記, 提供練習／試題, 有經驗, DSE物理成績5*或以上，英文物理，曾考天文,期望最快上課時間:7天內,粵語授課,不接受視像",0-5位導師,25/4/2026 下午5:37:07
218762,中四,英文,每小時$230 - 270,元朗(上門補習),2026-04-25 16:54:27,：YOHO Town,一星期1堂,每堂1.5小時,,"： 有經驗, 期望最快上課時間:7天內,粵語授課,不接受視像",0-5位導師,25/4/2026 下午5:37:08
218770,K2,"數學(中文),中文",每小時$150,大角咀(上門補習),2026-04-25 18:23:11,：瓏壐,一星期2堂,每堂1小時,"：, 導師必須在以上時段補習","： ,不接受視像",0-5位導師,25/4/2026 下午6:28:45
218769,中五,英文,每小時$270 - 310,元朗(公眾地方),2026-04-25 18:14:15,：元朗橫洲東頭圍村,一星期2堂,每堂2小時,"：星期一 1800-1900, 星期二 1800-1900, 星期三 1800-1900, 星期四 1800-1900, 星期五 1800-1900, 星期六 1800-1900, 星期日 1800-1900, 導師必須在以上時段補習","： 針對學生弱項, 提升閱讀能力, 提升寫作能力, 否。,期望最快上課時間:3天內,粵語授課、普通話授課,不接受視像",0-5位導師,25/4/2026 下午6:28:46
218767,K2,中文,每小時$140,"奧運,大角咀(上門補習)",2026-04-25 18:12:45,：瓏壐,一星期2堂,每堂1小時,"：星期二 1330-1430, 星期四 1330-1430, 導師必須在以上時段補習","： 期望最快上課時間:2星期內,粵語授課、普通話授課,不接受視像",0-5位導師,25/4/2026 下午6:28:47
218768,K2,數學(中文),每小時$140,"奧運,大角咀(上門補習)",2026-04-25 18:12:45,：瓏壐,一星期2堂,每堂1小時,"：星期二 1330-1430, 星期四 1330-1430, 導師必須在以上時段補習","： 期望最快上課時間:2星期內,粵語授課,不接受視像",0-5位導師,25/4/2026 下午6:28:48
218766,中二,數學(英文),每小時$160 - 180,"佐敦,尖沙咀,奧運(上門補習)",2026-04-25 18:04:39,：Tsim Sha Tsui Mansion,一星期2堂,每堂1.5小時,"：星期一 1800-1900, 星期二 1800-1900, 星期三 1800-1900, 星期四 1800-1900, 星期五 1800-1900, 星期六 1500-1600, 星期日 1500-1600, 時間可再商議","： Full English授課, 不接受視像,期望最快上課時間:7天內",0-5位導師,25/4/2026 下午6:28:48
218765,中一,"數學(英文),綜合科學(英文)",每小時$210 - 250,元朗(公眾地方),2026-04-25 17:59:23,：原築(會所上堂),一星期1堂,每堂2小時,"：星期日 12-2pm, 導師必須在以上時段補習","： 期望最快上課時間:3天內,粵語授課, 【不接受視像】，需要面授",0-5位導師,25/4/2026 下午6:28:49
218764,小二,全科(中文),每小時$140 - 150,銅鑼灣(上門補習),2026-04-25 17:52:56,：Sogo,一星期5堂,每堂1.5小時,"：星期一 1700-1830, 星期二 1700-1830, 星期三 1700-1830, 星期四 1700-1830, 星期五 1700-1830, 時間可再商議","： 期望最快上課時間:7天內,粵語授課,不接受視像，可分開兩位導師夾一星期時間【請導師列明可補堂數及時間】",0-5位導師,25/4/2026 下午6:28:51
218772,大專或以上 (UK的大學),Physio,每小時$300 - 400,視像補習,2026-04-25 19:53:38,,一星期1堂,每堂1.5小時,"：星期三 9-11am, 星期四 11am-1pm, 星期五 9-11am, 星期六 9-11am, 星期日 9-11am","： 提供筆記, 提供練習／試題, 導師最好喺英國, 每堂1.5至2小時, 應付考試同埋教寫personal statement 搵工, And job interview preparation, 以上都是UKT",0-5位導師,25/4/2026 下午8:02:16
218771,小四,英文,每小時$230 - 270,粉嶺(上門補習),2026-04-25 19:27:58,：雍盛苑,一星期1堂,每堂1.5小時,"：星期一 1600-1900, 星期三 1600-1900, 星期四 1600-1900, 導師必須在以上時段補習","： 提供練習／試題, 有經驗, 針對學生弱項, 期望最快上課時間:一個月內,不接受視像",0-5位導師,25/4/2026 下午8:02:17
218774,中三,物理(英文),每小時$200 - 250,視像補習,2026-04-25 21:21:49,,一星期1堂,每堂1.5小時,,"： 提供練習／試題, 彈性上堂 ,期望最快上課時間:7天內,粵語授課",0-5位導師,25/4/2026 下午9:37:22
218773,中二,中文,每小時$210 - 250,青衣(上門補習),2026-04-25 19:57:30,：灝景灣,一星期2堂,每堂1.5小時,"：星期一 1600-1730, 星期四 1600-1730, 時間可再商議","： 期望最快上課時間:2星期內,粵語授課,不接受視像",0-5位導師,25/4/2026 下午9:37:23
218775,K3,英文,每小時$210 - 300,青衣(上門補習),2026-04-25 22:09:14,：美景花園,一星期1堂,每堂1小時,"：星期一 1900, 星期二 1900, 星期三 1900, 星期五 1900, 星期六 1100, 星期日 1000, 時間可再商議","： 嚴格, 提供練習／試題, 針對學生弱項, 必須要熟讀Cambridge Mover內容及教授,需識教授Blending Phonics ,期望最快上課時間:3天內,全英文授課,不接受視像",0-5位導師,25/4/2026 下午10:28:17
218777,中二,數學(英文),每小時$270 - 280,視像補習,2026-04-25 23:14:22,,一星期1堂,每堂1.5小時,"：星期一 1800-2000, 星期二 1800-2000, 星期三 1800-2000, 星期四 1800-2000, 星期六 1000-1200, 星期日 1000-1200, 導師必須在以上時段補習","： 有耐性, 提供練習／試題, 幫助操練, 女導師，,期望最快上課時間:7天內,粵語授課",6-10位導師,25/4/2026 下午11:22:43
218776,中四,M1(英文),每小時$180 - 300,將軍澳(上門補習),2026-04-25 23:00:28,：日出康城,一星期1堂,每堂1.5小時,"：星期日 1300-1700, 導師必須在以上時段補習","： 有耐性, 期望最快上課時間:2星期內,普通話授課,有特殊學習需要,急單補習(需要在兩天內開始上第一堂課),不接受視像",0-5位導師,25/4/2026 下午11:22:44
218778,中一,英文,每小時$310 - 350,粉嶺(上門補習),2026-04-25 23:42:49,：龍躍頭永嶺圍,一星期2堂,每堂1.5小時,"：星期四 1830-2030, 星期六 12-18, 時間可再商議","： 期望最快上課時間:3天內,粵語授課、全英文授課,急單補習(需要在兩天內開始上第一堂課),不接受視像",0-5位導師,26/4/2026 上午12:03:33
218779,K1,英文溝通陪玩，家中還有一個一歲妹妹，有機會一起玩。,每小時$230 - 250,粉嶺(上門補習),2026-04-25 23:38:00,：榮福中心,一星期1堂,每堂1.5小時,"：星期一 1700-1900, 星期二 1700-1900, 星期三 1700-1900, 星期四 1700-1900, 星期五 1700-1900, 星期六 0900-1900, 星期日 0900-1900, 時間可再商議","： 期望最快上課時間:2星期內,不接受視像",0-5位導師,26/4/2026 上午12:03:34
218781,中四,數學(英文),每小時$180 - 220,牛頭角(上門補習),2026-04-26 00:24:27,：牛頭角上邨常滿樓,一星期1堂,每堂1.5小時,"：星期一 1645-1900, 星期二 1645-1900, 星期三 1645-1900, 星期五 1645-1900, 星期六 1500-1900, 星期日 1500-1900, 時間可再商議","： 有耐性, 提供練習／試題, 細心, miss幾課進度,期望最快上課時間:7天內,粵語授課",0-5位導師,26/4/2026 上午12:59:48
218780,中四,數學(中文),每小時$230 - 270,深井(上門補習),2026-04-26 00:12:08,：深井新村**A,一星期3堂,每堂2.5小時,"：星期三 1500-1700, 星期五 1500-1700, 星期六 1500-1700, 時間可再商議","： 提供筆記, 提供練習／試題, 長補, 輕微專注力不足，有情緒障礙，休學兩年需要重新補翻初中底（最好可以數英一齊補）,期望最快上課時間:一個月內,粵語授課,有特殊學習需要,不接受視像",0-5位導師,26/4/2026 上午12:59:49
218782,小六,英文,每小時$300 - 600,西營盤(上門補習),2026-04-26 06:52:45,：寶威閣,一星期1堂,每堂1.5小時,"：星期三 1700-1900, 星期四 1700-1900, 星期六 1400-1800, 時間可再商議","： 期望最快上課時間:2星期內,粵語授課、全英文授課,不接受視像",0-5位導師,26/4/2026 上午7:03:46
218794,小五,中文,每小時$230 - 280,大埔(上門補習),2026-04-26 13:23:55,：富亨邨,一星期1堂,每堂1.5小時,,"： 主要幫中文記字，小朋友成績好穩固呈分試,不接受視像",0-5位導師,26/4/2026 下午1:25:54
218792,中三,中文,每小時$160 - 220,炮台山(上門補習),2026-04-26 13:11:07,：富慧閣,一星期1堂,每堂1.5小時,：星期日 1000-1230,"： 有耐性, 提供練習／試題, 有經驗, 粵語授課,不接受視像",0-5位導師,26/4/2026 下午1:25:55
218791,中一,"中文,數學(英文)",每小時$200 - 250,杏花邨(上門補習),2026-04-26 13:00:13,：杏花邨,一星期3堂,每堂1.5小時,：,： 不接受視像,0-5位導師,26/4/2026 下午1:25:56
218790,小一,拼音 Phonics(英文),每小時$230 - 350,觀塘(上門補習),2026-04-26 12:29:08,：順利紀律部隊宿舍,一星期2堂,每堂1.5小時,"：星期一 1730-1830, 星期三 1800-1900, 時間可再商議","： 期望最快上課時間:3天內,不接受視像",0-5位導師,26/4/2026 下午1:25:57
218789,小一,中文,每小時$150 - 350,藍田(上門補習),2026-04-26 12:10:45,：匯景花園,一星期1堂,每堂1.5小時,"：星期二 1630-1800, 時間可再商議","： 期望最快上課時間:3天內,粵語授課,不接受視像",0-5位導師,26/4/2026 下午1:25:58
218788,中一,"中文,數學(英文)",每小時$160 - 200,灣仔(上門補習),2026-04-26 12:03:15,：跑馬地山村道**號聚文樓,一星期1堂,每堂1.5小時,,"： 提供筆記, 提供練習／試題, 粵語授課、全英文授課,不接受視像",0-5位導師,26/4/2026 下午1:25:59
218787,中三,中文,每小時$170 - 210,將軍澳(上門補習),2026-04-26 11:17:20,：寶盈花園,一星期2堂,每堂1.5小時,"：星期五 1730-1830, 星期日 1500-1600, 時間可再商議","： 有耐性, 提供筆記, 提升寫作能力, 可接受視像補習,期望最快上課時間:7天內,粵語授課,不接受視像",0-5位導師,26/4/2026 下午1:26:00
218786,中三,數學(英文),每小時$210 - 250,屯門(上門補習),2026-04-26 11:13:40,：大兴花园,一星期1堂,每堂1.5小時,：,： 不接受視像,0-5位導師,26/4/2026 下午1:26:02
218785,中四,物理(英文),每小時$180 - 220,視像補習,2026-04-26 11:03:24,,一星期1堂,每堂1小時,"：星期六 09-11, 星期日 09-11, 時間可再商議","： 神科生優先($250/hr 起), 期望最快上課時間:7天內,粵語授課",0-5位導師,26/4/2026 下午1:26:03
218784,中三,英文,每小時$190,沙田(上門補習),2026-04-26 10:42:50,：沙田圍附近,一星期2堂,每堂1.5小時,"：星期一 1300-1430, 星期三 1000-1130, 時間可再商議","： 提供練習／試題, 有經驗, 針對學生弱項, 導師需英文較强，理解學生難處；期望最快上課時間:2星期內,粵語授課、全英文授課,不接受視像",0-5位導師,26/4/2026 下午1:26:05
218783,國際學校 year4,英文,每小時$260 - 400,黃大仙(上門補習),2026-04-26 10:27:12,：现崇山,一星期2堂,每堂1.5小時,"：星期一 5, 星期二 7, 星期日 930, 導師必須在以上時段補習","： 有耐性, 外國回流導師, 坐不住,期望最快上課時間:7天內,全英文授課,不接受視像",0-5位導師,26/4/2026 下午1:26:06
218799,大專或以上 BBA Year 1,Finance,每小時$180 - 230,視像補習,2026-04-26 14:42:38,,一星期2堂,每堂2小時,"：星期一 1200-1400, 星期二 1200-1400, 星期三 1730-1930, 星期四 1730-1930, 導師必須在以上時段補習",： 期望最快上課時間:3天內,0-5位導師,26/4/2026 下午3:10:56
218798,小一,全科(英文),每小時$140 - 240,九龍城(上門補習),2026-04-26 14:39:32,：秀竹苑,一星期3堂,每堂1.5小時,"：星期一 1500, 星期二 1500, 時間可再商議","： 期望最快上課時間:一個月內,粵語授課,不接受視像",0-5位導師,26/4/2026 下午3:10:57
218797,中三,中文,每小時$170 - 210,馬鞍山(上門補習),2026-04-26 14:36:14,：西沙路***号帝琴湾凱琴居*座* A,一星期2堂,每堂1.5小時,"：星期六 1300-1800, 星期日 900-1800, 導師必須在以上時段補習","： 提供練習／試題, 緊貼學校進度, 引起學生學習興趣, 期望最快上課時間:7天內,粵語授課,不接受視像",0-5位導師,26/4/2026 下午3:10:58
218796,中四,化學(英文),每小時$180 - 220,牛頭角(上門補習),2026-04-26 14:25:59,：牛頭角上邨常滿樓,一星期1堂,每堂1.5小時,"：星期一 1645-1900, 星期二 1645-1900, 星期三 1645-1900, 星期五 1645-1900, 星期六 1500-1900, 星期日 1500-1900, 時間可再商議","： 有耐性, 提供筆記, 提供練習／試題, 期望最快上課時間:7天內,粵語授課,不接受視像",0-5位導師,26/4/2026 下午3:11:00
218795,中四,生物(英文),每小時$180 - 220,牛頭角(上門補習),2026-04-26 14:23:42,：牛頭角上邨常滿樓,一星期1堂,每堂1.5小時,"：星期一 1645-1900, 星期二 1645-1900, 星期三 1645-1900, 星期五 1645-1900, 星期六 1500-1900, 星期日 1500-1900, 時間可再商議","： 有耐性, 提供筆記, 提供練習／試題, 期望最快上課時間:7天內,粵語授課,不接受視像",0-5位導師,26/4/2026 下午3:11:01
218811,中三,數學(中文),每小時$210 - 230,屯門(公眾地方),2026-04-26 16:26:29,：屯门市中心華都廣場KFC,一星期2堂,每堂1.5小時,"：星期一 16-17, 星期二 16-17, 星期三 16-17, 星期四 16-17, 星期五 16-17, 星期六 16-17, 星期日 16-17, 時間可再商議","： 有耐性, 提供筆記, 遊戲教學, 期望最快上課時間:3天內,普通話授課,不接受視像",0-5位導師,26/4/2026 下午4:39:22
218810,中五,數學(中文),每小時$200 - 300,九龍城(公眾地方),2026-04-26 16:23:44,,一星期2堂,每堂1.5小時,"：星期二 1615-1745, 星期三 1800-1930, 時間可再商議","： 有耐性, 補底（由A1開始教）,期望最快上課時間:2星期內,粵語授課,不接受視像",6-10位導師,26/4/2026 下午4:39:23
218808,中三,全科(中文),每小時$200 - 250,長沙灣(上門補習),2026-04-26 16:16:04,：蘇屋,一星期1堂,每堂1.5小時,"：星期日 1500-1630, 導師必須在以上時段補習","： 有耐性, 主補中史/西史/經濟/CES/地理/中文【請導師列明可補科目】，全部中文卷，不接受視像",0-5位導師,26/4/2026 下午4:39:24
218809,中三,全科(中文),每小時$200 - 250,長沙灣(上門補習),2026-04-26 16:16:04,：蘇屋,一星期1堂,每堂1.5小時,"：星期二 2000-2130, 導師必須在以上時段補習","： 有耐性, 主補中史/西史/經濟/CES/地理/中文【請導師列明可補科目】，全部中文卷，不接受視像",0-5位導師,26/4/2026 下午4:39:25
218807,中四,英文,每小時$200 - 270,視像補習,2026-04-26 16:06:07,,一星期1堂,每堂1小時,"：星期一 1800, 星期二 2000, 星期四 2000, 時間可再商議","： 有耐性, 提供筆記, 提供練習／試題, 期望最快上課時間:7天內,粵語授課",0-5位導師,26/4/2026 下午4:39:27
218806,中五,英文,每小時$200 - 330,上水(上門補習),2026-04-26 15:59:33,：火车站附近,一星期1堂,每堂1.5小時,：,"： 最好全職導師，需要有經驗的； 主要是教阅读，需要大埔地區的導師,不接受視像",0-5位導師,26/4/2026 下午4:39:28
218805,中五,中文,每小時$300 - 400,視像補習,2026-04-26 15:55:15,,一星期1堂,每堂1.5小時,"：星期一 2030-2200, 時間可再商議","： 有耐性, 提供筆記, 全職導師, 期望最快上課時間:2星期內,粵語授課",6-10位導師,26/4/2026 下午4:39:29
218804,小五,數學(英文),每小時$140 - 180,沙田(上門補習),2026-04-26 15:37:55,：沙田多石街**號瓏珀山,一星期2堂,每堂1.5小時,"：星期四 15:45-17:15, 星期日 10:45-12:15","： dse成績5或以上,不接受視像",0-5位導師,26/4/2026 下午4:39:30
218803,小四,"英文,常識(英文)",每小時$180 - 220,荃灣(上門補習),2026-04-26 15:37:50,：海之戀,一星期2堂,每堂2小時,"：星期一 1700-1900, 星期日 1700-1900, 導師必須在以上時段補習","： 需補小學的英文及科學和人文科；要三大導師；期望最快上課時間:7天內,粵語授課,不接受視像",0-5位導師,26/4/2026 下午4:39:32
218802,中五,西史(英文),每小時$200,視像補習,2026-04-26 15:31:47,,一星期1堂,每堂1.5小時,"：星期一 2030-2230, 星期二 2030-2230, 星期三 2030-2230, 星期四 2030-2230, 星期五 2030-2230, 星期六 1100-1230, 導師必須在以上時段補習","： 有耐性, 提供筆記, 提供練習／試題, 可接受視像補習,期望最快上課時間:7天內,粵語授課",0-5位導師,26/4/2026 下午4:39:33
218801,中一,數學(英文),每小時$300 - 400,天后(上門補習),2026-04-26 15:09:51,：富輝閣,一星期1堂,每堂2小時,"：星期六 1200-1800, 時間可再商議","： 有愛心, prefer English over Cantonese；doesnt end after 6pm；期望最快上課時間:2星期內,全英文授課為佳,不接受視像",11-15位導師,26/4/2026 下午4:39:35
218813,中二,英文,每小時$290 - 300,天水圍(上門補習),2026-04-26 17:06:45,：tin yau court,一星期1堂,每堂1.5小時,,"： 主攻英文寫作及閱讀理解技巧,不接受視像",0-5位導師,26/4/2026 下午5:37:37
218812,小二,全科(英文),每小時$130 - 160,視像補習,2026-04-26 16:42:21,,一星期3堂,每堂1小時,,： 同學英文較弱，想導師跟進同學全科預備6月初有考試,6-10位導師,26/4/2026 下午5:37:39
218818,小二,"中文,英文",每小時$140 - 240,天水圍(上門補習),2026-04-26 18:28:26,：天澤邨,一星期2堂,每堂1.5小時,"：星期三 1530, 星期四 1530, 導師必須在以上時段補習","： 時間必須穩定及可長補固定上堂，考試期間需加堂，補中英文閱讀理解和寫作,不接受視像",0-5位導師,26/4/2026 下午6:29:50
218817,小二 (2人),拼音 Phonics(英文),每小時$230 - 270,將軍澳(上門補習),2026-04-26 18:07:42,：將軍澳中心,一星期2堂,每堂2小時,"：星期一 1700-1800, 星期二 1700-1800, 星期三 1700-1800, 星期四 1700-1800, 星期五 1700-1800, 時間可再商議","： 細心, 遊戲教學, 針對學生弱項, 期望最快上課時間:7天內,不接受視像",0-5位導師,26/4/2026 下午6:29:51
218816,中四,全科.,每小時$180 - 220,視像補習,2026-04-26 17:45:56,,一星期2堂,每堂2小時,"：星期一 1500-1600, 星期二 1500-1600, 星期四 1500-1600, 星期六 1500-1600, 時間可再商議","： 有耐性, 有讀寫障礙.,期望最快上課時間:7天內,有特殊學習需要",0-5位導師,26/4/2026 下午6:29:52
218814,中二,數學(英文),每小時$180 - 220,竹園(公眾地方),2026-04-26 17:29:40,：麥當勞,一星期1堂,每堂1.5小時,"：星期一 1645-1815, 星期二 1645-1815, 時間可再商議","： 有耐性, 提供練習／試題, 緊貼學校進度, 期望最快上課時間:7天內,粵語授課、全英文授課,不接受視像",6-10位導師,26/4/2026 下午6:29:53
218815,中二,綜合科學(英文),每小時$180 - 220,竹園(公眾地方),2026-04-26 17:29:40,：麥當勞,一星期1堂,每堂1.5小時,"：星期一 1645-1815, 星期二 1645-1815, 時間可再商議","： 有耐性, 提供練習／試題, 緊貼學校進度, 期望最快上課時間:7天內,粵語授課、全英文授課,不接受視像",0-5位導師,26/4/2026 下午6:29:54
218821,大專或以上 Mu lipace,Ielts,每小時$310 - 350,青衣(上門或視像皆可),2026-04-26 19:10:57,：綠悠雅苑,一星期2堂,每堂2小時,"：星期一 1700, 星期二 1700, 星期三 1700, 星期四 1700, 星期五 1700, 星期六 1700, 星期日 1700, 時間可再商議",： 期望最快上課時間:一個月內,0-5位導師,26/4/2026 下午7:23:58
218820,小四,"數學(中文),中文",每小時$200 - 230,鴨脷洲(公眾地方),2026-04-26 18:41:51,,一星期2堂,每堂1.5小時,：,"： 需要Year3或以上年級導師, 有專注力不足、輕微讀寫障礙,不接受視像，時間需要逢星期一四，考試前補埋星期六",0-5位導師,26/4/2026 下午7:24:00
218819,中三,中文,每小時$160 - 220,大埔(上門補習),2026-04-26 18:40:39,：悠然山莊,一星期1堂,每堂1.5小時,：,"： 粵語授課,不接受視像，時間星期日下午",0-5位導師,26/4/2026 下午7:24:01
218823,K3,英文,每小時$160 - 200,黃埔(上門補習),2026-04-26 19:56:32,：黄埔花园,一星期2堂,每堂1.5小時,"：星期一 1800-2000, 星期二 1800-2000, 星期三 1800-2000, 星期四 1800-2000, 星期五 1800-2000, 時間可再商議","： 有耐性, 長補, 有經驗, 期望最快上課時間:7天內,全英文授課、普通話授課,不接受視像",0-5位導師,26/4/2026 下午8:04:05
218822,小一,中文,每小時$190 - 230,天水圍(公眾地方),2026-04-26 19:31:53,：東華三院,一星期1堂,每堂1.5小時,"：星期六 1500-1600, 導師必須在以上時段補習","： 有耐性, 提供練習／試題, 有愛心, 期望最快上課時間:3天內,粵語授課,不接受視像",0-5位導師,26/4/2026 下午8:04:06
218826,小三,全科(英文),每小時$150 - 200,香港仔(上門補習),2026-04-26 21:21:02,,一星期1堂,每堂1.5小時,：星期日,： 不接受視像，需提供筆記練習教學,0-5位導師,26/4/2026 下午9:39:27
218825,中五,中文,每小時$200 - 600,大圍(上門補習),2026-04-26 20:43:17,：富嘉花園,一星期2堂,每堂2小時,"：星期一 1730-2200, 星期三 1730-2200, 星期日 1000-2200, 時間可再商議","： 期望最快上課時間:2星期內,粵語授課,不接受視像",0-5位導師,26/4/2026 下午9:39:28
218824,中四,中文,每小時$180 - 200,鑽石山(公眾地方),2026-04-26 20:31:39,：荷里活,一星期1堂,每堂1.5小時,"：星期六 4-5, 導師必須在以上時段補習","： 有耐性, 提供筆記, 提供練習／試題, 期望最快上課時間:7天內,粵語授課,有特殊學習需要,不接受視像",0-5位導師,26/4/2026 下午9:39:29
218827,中四,數學(中文),每小時$180 - 220,視像補習,2026-04-26 22:01:50,,一星期2堂,每堂2小時,"：星期一 1500-1600, 時間可再商議","： 有耐性, 期望最快上課時間:1個月後,粵語授課,有特殊學習需要",0-5位導師,26/4/2026 下午10:28:45
218829,小一,數學(中文),每小時$130 - 240,油麻地(上門補習),2026-04-26 23:14:30,：地鐵站行5分鐘,一星期2堂,每堂1.5小時,"：星期三 1500-1600, 星期四 1600-1700, 時間可再商議","： 有耐性, 提供練習／試題, 全職導師, 期望最快上課時間:2星期內,粵語授課,不接受視像",0-5位導師,26/4/2026 下午11:23:24
218828,中五,英文,每小時$200 - 240,坑口(公眾地方),2026-04-26 22:59:05,：海悅豪園(地鐵站對面),一星期1堂,每堂2小時,,"： 期望最快上課時間:3天內,粵語授課,不接受視像",0-5位導師,26/4/2026 下午11:23:25
218831,國際學校 year12,Chemistry(英文),每小時$430,將軍澳(上門補習),2026-04-26 23:58:08,：The Wings,一星期1堂,每堂1.5小時,"：星期一 1100-2200, 星期二 1100-2200, 星期三 1100-2200, 星期四 1100-2200, 星期五 1100-2200, 星期六 1100-2200, 星期日 1100-2200, 時間可再商議","： 期望最快上課時間:3天內,不接受視像",0-5位導師,27/4/2026 上午12:05:54
218830,中五,生物(英文),每小時$200 - 240,第一城(上門補習),2026-04-26 23:54:02,：愉翠苑,一星期2堂,每堂2小時,"：星期二 1630-1900, 星期三 1630-1900, 星期四 1630-1900, 星期五 1630-1900, 時間可再商議","： 期望最快上課時間:1個月後,粵語授課,不接受視像",0-5位導師,27/4/2026 上午12:05:55
218832,小一,全科(英文),每小時$140 - 250,康城(上門補習),2026-04-27 00:10:18,：領凱,一星期2堂,每堂1.5小時,"：星期一 1800, 星期三 1800, 導師必須在以上時段補習","： 有耐性, 提供練習／試題, 有愛心, 懂得用教小朋友方法令佢深入易明,期望最快上課時間:3天內,全英文授課,不接受視像",0-5位導師,27/4/2026 上午1:01:19
218835,K2,拼音 Phonics(英文),每小時$230 - 270,西灣河(上門補習),2026-04-27 07:09:24,：東旭苑,一星期2堂,每堂1小時,"：星期一 1500-1600, 星期三 1400-1600, 星期四 1400-1600, 星期五 1400-1600, 時間可再商議","： 有耐性, 期望最快上課時間:3天內,不接受視像",0-5位導師,27/4/2026 上午7:24:36
218834,小六,全科(英文),每小時$150 - 270,視像補習,2026-04-27 07:06:33,,一星期3堂,每堂2小時,"：星期日 1500-1600, 時間可再商議","： 嚴格, 补基础部分,期望最快上課時間:3天內,全英文授課、普通話授課",0-5位導師,27/4/2026 上午7:24:37
218833,小五,全科(中文),每小時$150 - 190,長沙灣(上門補習),2026-04-27 06:51:10,：長沙灣,一星期2堂,每堂1.5小時,"：星期一 1730-1900, 星期二 1730-1900, 星期三 1730-1900, 星期五 1730-1900, 時間可再商議","： 期望最快上課時間:3天內,粵語授課、普通話授課",0-5位導師,27/4/2026 上午7:24:39
218844,year7,數學(英文),每小時$280 - 350,馬鞍山(上門補習),2026-04-27 11:45:31,：西沙路瓦窰頭,一星期1堂,每堂1.5小時,"：星期四 1700-1800, 時間可再商議","： 期望最快上課時間:7天內,粵語授課、全英文授課,不接受視像",0-5位導師,27/4/2026 上午11:58:33
218843,中四,物理(中文),每小時$400 - 480,"上水,粉嶺,大埔(公眾地方)",2026-04-27 11:30:30,：粉嶺花都,一星期1堂,每堂1.5小時,"：星期一 1600-1730, 星期三 1600-1730, 導師必須在以上時段補習","： 全職導師, 有經驗, 提升解題技巧, 願意支付額外交通金額(HKD): 50.00, 期望最快上課時間:7天內,粵語授課,不接受視像",0-5位導師,27/4/2026 上午11:58:34
218841,小五,數學(英文),每小時$150 - 180,視像補習,2026-04-27 11:12:55,,一星期2堂,每堂1小時,,"： 本地私校, 小五呈分, 每星期1-2堂, 每堂1-1.5小時",6-10位導師,27/4/2026 上午11:58:35
218840,國際學校 year10,Chemistry(英文),每小時$330 - 400,北角(上門補習),2026-04-27 10:43:01,：慧雅閣,一星期1堂,每堂2小時,"：星期二 1730-1930, 星期四 1640-1930, 星期六 1000-1400, 星期日 1000-1400, 時間可再商議","： 期望最快上課時間:2星期內,不接受視像",0-5位導師,27/4/2026 上午11:58:37
218839,中五,地理(英文),每小時$270,"南昌,元朗(公眾地方)",2026-04-27 10:29:15,,一星期1堂,每堂1.5小時,"：星期一 1630-1830, 星期四 1600-1800, 星期五 1700-1900, 時間可再商議","： 有耐性, 提供筆記, 長補, 期望最快上課時間:7天內,粵語授課、全英文授課,不接受視像",0-5位導師,27/4/2026 上午11:58:38
218838,中五,商業管理(英文),每小時$250,"南昌,元朗(公眾地方)",2026-04-27 10:23:11,,一星期1堂,每堂1.5小時,"：星期一 1630-1830, 星期四 1600-1800, 星期五 1700-1900, 時間可再商議","： 有耐性, 提供筆記, 長補, 學校老師靠唔住，想追返進度,期望最快上課時間:7天內,粵語授課、全英文授課,不接受視像",0-5位導師,27/4/2026 上午11:58:40
218837,中二,英文,每小時$180 - 220,"大窩口,荃灣(上門補習)",2026-04-27 09:34:36,：富麗花園,一星期2堂,每堂2小時,"：星期二 1800-2000, 星期四 1800-2000, 星期六 1000-1200, 時間可再商議","： 期望最快上課時間:7天內,粵語授課、全英文授課,不接受視像",0-5位導師,27/4/2026 上午11:58:41
218836,小一,全科(中文),每小時$190 - 230,屯門(上門補習),2026-04-27 09:21:37,：愛琴海岸,一星期3堂,每堂1.5小時,"：星期一 1700-1800, 星期二 1700-1800, 星期三 1700-1800, 星期四 1700-1800, 星期五 1700-1800, 時間可再商議","： 有耐性, 有經驗, 引起學生學習興趣, 期望最快上課時間:3天內,粵語授課,不接受視像",0-5位導師,27/4/2026 上午11:58:42
218853,小五,英文,每小時$200,大圍(上門補習),2026-04-27 13:47:11,：雲疊花園,一星期1堂,每堂1.5小時,"：星期日 2:00-3:30pm, 導師必須在以上時段補習","： 不接受視像, 性格開朗",0-5位導師,27/4/2026 下午2:38:41
218851,中一,英文,每小時$180 - 190,大圍(上門補習),2026-04-27 13:35:16,：文禮閣,一星期1堂,每堂1.5小時,"：星期五 1700-1900, 星期六 1400-1800, 導師必須在以上時段補習","： 期望最快上課時間:7天內,粵語授課、全英文授課,不接受視像",0-5位導師,27/4/2026 下午2:38:42
218852,中五,英文,每小時$220 - 260,九龍城(上門補習),2026-04-27 13:29:58,：启德一号（II）,一星期2堂,每堂2小時,"：星期一 1700-2100, 星期二 1700-2100, 星期三 1700-2100, 星期四 1700-2100, 星期五 1700-2100, 星期六 0900-2100, 星期日 0900-2100, 時間可再商議","： 有經驗, 期望最快上課時間:3天內,全英文授課、普通話授課",0-5位導師,27/4/2026 下午2:38:43
218850,中二,英文,每小時$180 - 210,天后(上門補習),2026-04-27 13:29:46,：天後廟道**號傲龍軒,一星期1堂,每堂1.5小時,"：星期日 0900-1030, 時間可再商議","： 期望最快上課時間:7天內,普通話授課,不接受視像",0-5位導師,27/4/2026 下午2:38:44
218849,中五,經濟(英文),每小時$200 - 240,視像補習,2026-04-27 13:12:05,,一星期1堂,每堂1.5小時,"：星期四 2000-2130, 時間可再商議","： 提供筆記, 期望最快上課時間:7天內,粵語授課、全英文授課",6-10位導師,27/4/2026 下午2:38:46
218848,小四,英文,每小時$170 - 210,康城(上門補習),2026-04-27 13:00:49,：峻瀅,一星期1堂,每堂1.5小時,"：星期日 1000-1100, 時間可再商議","： 有耐性, 針對學生弱項, 提升寫作能力, 期望最快上課時間:2星期內,粵語授課,不接受視像",0-5位導師,27/4/2026 下午2:38:47
218847,小五,英文,每小時$170 - 280,旺角(上門補習),2026-04-27 12:44:35,：新麟閣,一星期1堂,每堂2小時,"：星期日 0900-1100, 導師必須在以上時段補習","： 期望最快上課時間:7天內,粵語授課,急單補習(需要在兩天內開始上第一堂課),不接受視像",0-5位導師,27/4/2026 下午2:38:48
218845,小五,中文,每小時$150,烏溪沙(上門補習),2026-04-27 12:30:21,：烏溪沙地鐵行5分鐘,一星期1堂,每堂1.5小時,,"： 中文普通話老師,不接受視像",0-5位導師,27/4/2026 下午2:38:49
218846,中一,英文,每小時$180 - 300,西環(上門補習),2026-04-27 12:18:18,：地鐵出口行5分鐘,一星期1堂,每堂2小時,"：星期六 1000-1900, 星期日 1000-1900, 時間可再商議","： 提供練習／試題, 長補, 現職/曾任中小學教師, 期望最快上課時間:2星期內,粵語授課、全英文授課,不接受視, 如果導師係熟識聖保羅書院教程更佳,不接受視像",0-5位導師,27/4/2026 下午2:38:51
218867,中四,數學(英文),每小時$180 - 200,彩虹(上門補習),2026-04-27 17:08:01,：采頤花園,一星期1堂,每堂1.5小時,"：星期日 4-5, 時間可再商議","： 有耐性, 提供筆記, 試堂1小時，期望最快上課時間:7天內,粵語授課、全英文授課,不接受視像",0-5位導師,27/4/2026 下午5:09:05
218866,中四,生物(英文),每小時$180 - 250,杏花邨(上門補習),2026-04-27 16:42:21,：杏花邨,一星期1堂,每堂1.5小時,"：星期三 1700-1900, 星期六 15-18, 時間可再商議","： 提供練習／試題, 長補, 生物科DSE 5* 或以上,期望最快上課時間:7天內,粵語授課,不接受視像",0-5位導師,27/4/2026 下午5:09:06
218862,中五,生物(英文),每小時$130 - 250,紅磡(上門補習),2026-04-27 16:29:48,：紅磡灣中心,一星期1堂,每堂1.5小時,：,"： 嚴格, 有耐性, 提供練習／試題, 不接受視像",0-5位導師,27/4/2026 下午5:09:07
218861,中四,英文,每小時$200 - 240,深水埗(上門補習),2026-04-27 16:28:13,：李鄭屋邨,一星期1堂,每堂1.5小時,"：星期五 1700-1830, 導師必須在以上時段補習","： 住附近,不接受視像",0-5位導師,27/4/2026 下午5:09:08
218863,year9,Mathematics SL(英文),每小時$330 - 400,又一村(上門補習),2026-04-27 16:21:52,：又一村花園,一星期2堂,每堂2小時,"：星期一 1600-1800, 星期二 1630-1800, 星期三 1630-1730, 星期五 1630-1730, 時間可再商議","： 針對學生弱項, 提升解題技巧, 期望最快上課時間:3天內,會考慮HKDSE導師,會考慮HKDSE導師,不接受視像",0-5位導師,27/4/2026 下午5:09:10
218864,year9,English(A)SL(英文),每小時$330 - 400,又一村(上門補習),2026-04-27 16:21:52,：又一村花園,一星期2堂,每堂2小時,"：星期一 1600-1800, 星期二 1630-1800, 星期三 1630-1730, 星期五 1630-1730, 時間可再商議","： 針對學生弱項, 提升解題技巧, 期望最快上課時間:3天內,會考慮HKDSE導師,會考慮HKDSE導師,不接受視像",0-5位導師,27/4/2026 下午5:09:11
218865,year9,English(B)(英文),每小時$330 - 400,又一村(上門補習),2026-04-27 16:21:52,：又一村花園,一星期2堂,每堂2小時,"：星期一 1600-1800, 星期二 1630-1800, 星期三 1630-1730, 星期五 1630-1730, 時間可再商議","： 針對學生弱項, 提升解題技巧, 期望最快上課時間:3天內,會考慮HKDSE導師,會考慮HKDSE導師,不接受視像",0-5位導師,27/4/2026 下午5:09:12
218860,中三,生物(英文),每小時$150 - 200,西營盤(上門補習),2026-04-27 15:31:48,：**號德輔道西,一星期1堂,每堂1小時,：,"： 7pm. 需要大學生導師 導師需要懂得教導講解,不接受視像",0-5位導師,27/4/2026 下午5:09:14
218859,小六,數學(英文),每小時$190,元朗(上門補習),2026-04-27 15:26:48,：溱柏,一星期1堂,每堂2小時,"：星期四 1730, 導師必須在以上時段補習","： 期望最快上課時間:一個月內,粵語授課、全英文授課,不接受視像",0-5位導師,27/4/2026 下午5:09:15
218858,小五,英文,每小時$170 - 230,九龍城(上門補習),2026-04-27 15:25:33,：啟德 啟晴邨,一星期2堂,每堂1.5小時,"：星期一 1700-1830, 星期五 1700-1830, 星期六 1400-1530, 時間可再商議","： 提供練習／試題, 期望最快上課時間:3天內,粵語授課,不接受視像",0-5位導師,27/4/2026 下午5:09:17
218857,大專或以上,鋼琴,每小時$300,荃灣(上門補習),2026-04-27 14:57:09,：柏傲灣,一星期1堂,每堂1小時,"：, 導師必須在以上時段補習","： 有耐性, 約5-7級 懂彈琴 不熟五線譜 已畢業導師 ，經驗10年以上,不接受視像",0-5位導師,27/4/2026 下午5:09:18
218856,中三,中文,每小時$180 - 230,沙田(上門補習),2026-04-27 14:45:50,：帝堡城,一星期1堂,每堂1.5小時,"：星期一 7:30-9:00, 星期二 7:30-9:00, 星期三 7:30-9:00, 星期四 7:30-9:00, 星期五 7:30-9:00, 時間可再商議",： 不接受視像,0-5位導師,27/4/2026 下午5:09:19
218855,year8,Mathematics HL(英文),每小時$280 - 350,馬鞍山(上門補習),2026-04-27 14:43:51,：西沙路瓦窰頭,一星期1堂,每堂1.5小時,,"： 期望最快上課時間:7天內,粵語授課、全英文授課,不接受視像",0-5位導師,27/4/2026 下午5:09:20
218854,小五 (2人),"英文,數學(英文)",每小時$250 - 300,天水圍(上門補習),2026-04-27 14:40:56,：天水圍碧翠華庭,一星期1堂,每堂2小時,：,"： 一位小三, 一位小五, 每位小朋友輪流各補1小時，主要教英數，導師要英文強",0-5位導師,27/4/2026 下午5:09:22
218873,小四,英文,每小時$170 - 200,大圍(上門補習),2026-04-27 18:48:17,：新翠邨,一星期1堂,每堂1.5小時,"：星期一 1700-1830, 導師必須在以上時段補習","： 嚴格, 提供練習／試題, 有經驗, 期望最快上課時間:7天內,全英文授課,不接受視像",0-5位導師,27/4/2026 下午7:18:31
218871,中五,物理(中文),每小時$250 - 500,洪水橋(上門補習),2026-04-27 17:57:51,：尚城,一星期2堂,每堂2小時,"：星期六 1500-1800, 星期日 1500-1800, 時間可再商議","： 期望最快上課時間:2星期內,粵語授課,不接受視像",0-5位導師,27/4/2026 下午7:18:32
218870,中三,生物(英文),每小時$170 - 210,寶琳(上門補習),2026-04-27 17:34:42,：怡心園,一星期1堂,每堂1.5小時,"：星期五 1700-1900, 星期六 1700-1900, 星期日 1700-1900, 導師必須在以上時段補習",,0-5位導師,27/4/2026 下午7:18:34
218868,中一,英文,每小時$200 - 260,香港仔(上門補習),2026-04-27 17:33:44,：田灣嘉和大廈A座,一星期1堂,每堂1.5小時,,： 不接受視像,0-5位導師,27/4/2026 下午7:18:35
218869,31-34歲,英語,每小時$180,"土瓜灣,南昌,寶琳(公眾地方)",2026-04-27 17:23:17,：-,一星期2堂,每堂1.5小時,"：星期一 1900-2000, 星期四 1900-2000, 時間可再商議","： 有耐性, 有愛心, 引起學生學習興趣, 女老師，學生也可,期望最快上課時間:3天內,不接受視像",0-5位導師,27/4/2026 下午7:18:36
218875,中五,英文,每小時$220 - 340,視像補習,2026-04-27 20:22:59,,一星期1堂,每堂2小時,"：星期一 1700-1900, 星期三 1700-1900, 星期四 1700-1900, 時間可再商議","： 期望最快上課時間:一個月內,粵語授課、普通話授課",0-5位導師,27/4/2026 下午8:57:00
218874,小一,全科(中文),每小時$200 - 250,太古城(上門補習),2026-04-27 19:55:27,：康怡花園,一星期2堂,每堂1.5小時,"：星期三 1630-1830, 星期四 1730-1830, 時間可再商議","： 有耐性, 有經驗, 指導功課, 期望最快上課時間:2星期內,粵語授課,不接受視像",0-5位導師,27/4/2026 下午8:57:01
218891,小四,全科(中文),每小時$200 - 220,黃竹坑(公眾地方),2026-04-27 22:55:23,：Southside,一星期1堂,每堂1.5小時,"：星期六 11-12, 時間可再商議","： 有耐性, 提供筆記, 提供練習／試題, 期望最快上課時間:2星期內,粵語授課,不接受視像",0-5位導師,27/4/2026 下午11:12:21
218890,小三,全科(英文),每小時$140 - 160,斧山(上門補習),2026-04-27 22:44:12,：嘉峰臺,一星期2堂,每堂1.5小時,,"： 嚴格, 有耐性, 有愛心, 粵語授課、全英文授課、普通話授課,不接受視像",0-5位導師,27/4/2026 下午11:12:22
218889,中三,數學(英文),每小時$180 - 270,筲箕灣(上門補習),2026-04-27 22:23:27,：明華大廈,一星期1堂,每堂1.5小時,"：星期日 1000-1130, 時間可再商議","： 有耐性, 提供練習／試題, 有愛心, 期望最快上課時間:7天內,粵語授課、全英文授課,不接受視像",6-10位導師,27/4/2026 下午11:12:23
218888,小一,英文,每小時$160 - 200,視像補習,2026-04-27 22:22:59,,一星期2堂,每堂1.5小時,"：星期日 1000-1100, 時間可再商議","： 外國回流導師, 細心, 提升寫作能力, 期望最快上課時間:1個月後,全英文授課",0-5位導師,27/4/2026 下午11:12:24
218887,小三,全科(中文),每小時$190 - 250,屯門(上門補習),2026-04-27 22:20:14,：掃管笏村,一星期4堂,每堂2小時,"：星期一 1600-1800, 星期二 1600-1800, 星期四 1600-1800, 星期五 1600-1800, 時間可再商議","： 有耐性, 有經驗, 提升閱讀能力, 願意支付額外交通金額(HKD): 17.00, 期望最快上課時間:7天內,粵語授課,不接受視像",0-5位導師,27/4/2026 下午11:12:26
218885,小五,英文,每小時$170 - 440,九龍城(公眾地方),2026-04-27 22:19:16,：Ii,一星期1堂,每堂2小時,"：星期五 1600, 時間可再商議","： 嚴格, 期望最快上課時間:7天內,粵語授課、全英文授課,不接受視像",0-5位導師,27/4/2026 下午11:12:26
218884,中二,中文,每小時$160 - 200,沙田(上門補習),2026-04-27 22:14:35,：沙田碩門邨,一星期1堂,每堂1.5小時,"：星期二 4:30pm, 星期三 4:30pm, 星期六 morning",： 不接受視像,0-5位導師,27/4/2026 下午11:12:27
218882,中五,"化學(英文),經濟(英文),M2(英文)",每小時$300 - 350,青衣(上門補習),2026-04-27 22:02:57,：大王下村,一星期1堂,每堂1.5小時,：星期日,"： 粵語授課、普通話授課,不接受視像",0-5位導師,27/4/2026 下午11:12:29
218883,中二,數學(英文),每小時$210 - 230,香港仔(上門補習),2026-04-27 21:59:57,：舊大街,一星期1堂,每堂1.5小時,"：星期四 1700-1830, 導師必須在以上時段補習","： 有耐性, 針對學生弱項, 提升解題技巧, 期望最快上課時間:7天內,粵語授課,不接受視像",0-5位導師,27/4/2026 下午11:12:30
218881,中一,中文,每小時$160 - 200,紅磡(上門補習),2026-04-27 21:37:59,：黃埔花園,一星期2堂,每堂1.5小時,"：星期一 1700-1900, 星期二 1700-1900, 時間可再商議","： 有耐性, 期望最快上課時間:3天內,粵語授課,不接受視像",0-5位導師,27/4/2026 下午11:12:31
218886,小二,全科(中文),每小時$300 - 500,尖沙咀(上門補習),2026-04-27 21:36:53,：凱旋門,一星期2堂,每堂2小時,"：星期六 1500-1600, 星期日 1500-1600, 導師必須在以上時段補習","： 有耐性, 有愛心, 細心, 只接受上門補習老師,期望最快上課時間:7天內,普通話授課,急單補習(需要在兩天內開始上第一堂課),不接受視像",0-5位導師,27/4/2026 下午11:12:32
218880,中一,英文,每小時$180,美孚(上門補習),2026-04-27 21:24:46,：美孚新邨,一星期2堂,每堂1.5小時,"：星期三 1730-1830, 星期六 1500-1600, 導師必須在以上時段補習","： 期望最快上課時間:3天內,粵語授課,不接受視像",0-5位導師,27/4/2026 下午11:12:34
218879,中三,英文,每小時$180,石硤尾(上門補習),2026-04-27 21:11:43,：美菖樓 地鐵步行*-10分鐘,一星期2堂,每堂1.5小時,"：星期五 1700-1800, 時間可再商議","： 提供筆記, 提供練習／試題, 有經驗, 期望最快上課時間:7天內,粵語授課、全英文授課,不接受視像",0-5位導師,27/4/2026 下午11:12:35
218878,小四,數學(中文),每小時$190 - 230,屯門(上門補習),2026-04-27 21:00:51,：屯門站,一星期1堂,每堂1.5小時,,,0-5位導師,27/4/2026 下午11:12:37
218877,小四,全科(中文),每小時$150 - 180,火炭(上門補習),2026-04-27 20:53:49,：駿洋邨,一星期2堂,每堂1.5小時,"：星期二 1700-1900, 星期五 1700-1900, 時間可再商議","： 願意支付額外交通金額(HKD): 15.00, 期望最快上課時間:7天內,粵語授課,不接受視像",0-5位導師,27/4/2026 下午11:12:38
218876,中一,中文,每小時$160 - 300,荃灣(上門補習),2026-04-27 20:46:13,：朗逸峰,一星期2堂,每堂1.5小時,"：星期一 1700-1900, 星期二 1700-1900, 星期六 1100-1600, 時間可再商議","： 有耐性, 提供筆記, 指導功課, 專注力弱，抗拒沉悶教學，需要補底課程,期望最快上課時間:7天內,粵語授課,不接受視像",6-10位導師,27/4/2026 下午11:12:39
218894,小二,英文,每小時$160,視像補習,2026-04-28 00:15:16,,一星期1堂,每堂1小時,"：星期一 1800-1930, 星期二 1800-1930, 星期三 1800-1900, 星期四 1800-1930, 星期五 1800-1930, 導師必須在以上時段補習","： 嚴格, ASD, ADHD0,期望最快上課時間:7天內,粵語授課,有特殊學習需要",0-5位導師,28/4/2026 上午12:57:47
218893,大專或以上 year1,中文,每小時$180 - 200,視像補習,2026-04-27 23:31:34,,一星期2堂,每堂1小時,"：星期一 1900-2300, 星期二 1900-2300, 星期三 1900-2300, 星期四 1900-2300, 星期五 1900-2300, 星期六 1900-2300, 星期日 1900-2300, 時間可再商議","： 有耐性, 有經驗, 幫助操練, 國家語委普通話水平測試，要考過,期望最快上課時間:3天內,普通話授課",0-5位導師,28/4/2026 上午12:57:48
218892,中三,數學(英文),每小時$210 - 220,元朗(上門補習),2026-04-27 23:07:42,：元朗朗城匯(西鐵站步行一分鐘),一星期2堂,每堂1.5小時,"：星期六 1500-1600, 時間可再商議","： 提供筆記, 期望最快上課時間:一個月內,粵語授課,不接受視像",6-10位導師,28/4/2026 上午12:57:49
218896,中四,經濟(中文),每小時$180 - 240,火炭(上門補習),2026-04-28 07:16:57,：駿洋邨,一星期2堂,每堂2小時,"：星期二 1730-1900, 星期四 1730-1900, 時間可再商議","： 專注力不足，過度活躍症，理解問題較弱,期望最快上課時間:一個月內,粵語授課,有特殊學習需要,不接受視像",0-5位導師,28/4/2026 上午7:39:22
218895,小二,全科(英文),每小時$140 - 180,彩虹(上門補習),2026-04-28 06:42:27,： 牛池灣消防宿舍,一星期2堂,每堂2小時,"：星期五 1500-1800, 時間可再商議","： 期望最快上課時間:7天內,粵語授課,不接受視像",0-5位導師,28/4/2026 上午7:39:23
218898,中五,生物(英文),每小時$300 - 400,視像補習,2026-04-28 09:03:09,,一星期1堂,每堂1.5小時,"：星期一 2030-2200, 時間可再商議","： 有耐性, 提供筆記, 全職導師, 期望最快上課時間:2星期內,粵語授課",0-5位導師,28/4/2026 上午9:23:32
218897,中二,"中文,英文",每小時$230 - 270,天水圍(上門補習),2026-04-28 07:34:10,：天富苑,一星期2堂,每堂2小時,"：星期一 1800-2000, 星期二 1800-2000, 星期三 1800-2000, 星期六 1030-1900, 星期日 1030-1900, 時間可再商議","： 提供練習／試題, 有經驗, 針對學生弱項, 學生掌握唔到答題技巧,期望最快上課時間:7天內,粵語授課,不接受視像",0-5位導師,28/4/2026 上午9:23:33
218908,自修生,中文,每小時$450,視像補習,2026-04-28 11:57:10,,一星期1堂,每堂1.5小時,"：星期二 0900-1200,1700-2130, 星期三 0900-1200,1700-2130, 星期四 0900-1200,1700-2130, 星期五 0900-1200,1700-2130, 導師必須在以上時段補習","： 提供練習／試題, 已大學畢業導師，主修中文，主要補作文，實用文及命題寫作 2028考,期望最快上課時間:7天內,粵語授課",0-5位導師,28/4/2026 下午12:56:00
218912,中一,全科,每小時$180 - 420,將軍澳(上門補習),2026-04-28 12:52:53,：寶盈花園,一星期2堂,每堂2小時,"：星期六 900-1800, 星期日 900-1800, 時間可再商議","： 期望最快上課時間:一個月內,不接受視像",0-5位導師,28/4/2026 下午12:56:01
218913,小三,功課(英文),每小時$140 - 230,灣仔(上門補習),2026-04-28 12:51:59,：駱克道,一星期4堂,每堂2小時,"：星期一 400600, 星期二 400-600, 星期四 400-600, 星期六 200-400, 導師必須在以上時段補習","： 期望最快上課時間:7天內,全英文授課,不接受視像",0-5位導師,28/4/2026 下午12:56:02
218911,K3,廣東話,每小時$180 - 220,旺角(公眾地方),2026-04-28 12:38:40,：Dash Living on Argyle,一星期1堂,每堂1小時,,"： 學生大概五歲半係美國讀書，返嚟香港一個月左右（大概六月尾七月頭至七月尾）。主要同佢練習廣東話同寫簡體字,不接受視像",0-5位導師,28/4/2026 下午12:56:03
218910,year10,global politics,每小時$300 - 350,南昌(上門補習),2026-04-28 12:38:01,,一星期1堂,每堂2小時,,： 不接受視像,0-5位導師,28/4/2026 下午12:56:05
218907,中三,地理(英文),每小時$200 - 240,沙田(上門或視像皆可),2026-04-28 11:48:29,：沥源,一星期1堂,每堂2小時,,"： 有耐性, 提供筆記, 提供練習／試題, 一周補一次或者兩次，期望最快上課時間:3天內,粵語授課、普通話授課",0-5位導師,28/4/2026 下午12:56:06
218905,中四,Art(英文),每小時$300,油塘(上門補習),2026-04-28 11:32:54,：油塘鯉灣天下,一星期1堂,每堂2小時,：,"： 其他, 5**導師,視藝SBA；不接受視像",0-5位導師,28/4/2026 下午12:56:07
218906,中四,中文 化學,每小時$230 - 500,上水(上門補習),2026-04-28 11:30:32,：奕翠園 港鐵行10分鐘,一星期2堂,每堂1.5小時,"：星期一 1700-2200, 星期三 1700-2200, 星期五 1700-2200, 星期日 1000-2000, 導師必須在以上時段補習","： 有經驗, 提升解題技巧, 期望最快上課時間:7天內",0-5位導師,28/4/2026 下午12:56:08
218904,中三,英文,每小時$430 - 500,視像補習,2026-04-28 11:25:22,,一星期2堂,每堂2小時,,"： 有耐性, 提供筆記, 提供練習／試題",16-20位導師,28/4/2026 下午12:56:09
218909,中五 (2人),化學(中文),每小時$250 - 350,"屯門,元朗,天水圍(公眾地方)",2026-04-28 10:56:59,,一星期2堂,每堂2小時,"：星期一 1730-1930, 星期三 1730-1930, 時間可再商議","： 提供練習／試題, 可,期望最快上課時間:2星期內,粵語授課,不接受視像",0-5位導師,28/4/2026 下午12:56:11
218903,中五,"中文,數學(中文)",每小時$230 - 260,沙田(上門補習),2026-04-28 10:51:24,：九肚村,一星期1堂,每堂2小時,：星期六 2:30-4:30,： 不接受視像,0-5位導師,28/4/2026 下午12:56:12
218902,中二,數學(英文),每小時$200 - 250,馬鞍山(上門補習),2026-04-28 10:14:19,：海典灣,一星期1堂,每堂1.5小時,：星期一 1700,"： 不接受視像,能教數概較差的學生",6-10位導師,28/4/2026 下午12:56:14
218901,小一,全科(英文),每小時$200 - 250,西營盤(上門補習),2026-04-28 09:44:11,：兆禧閣,一星期1堂,每堂1.5小時,"：星期一 1400-1500, 星期四 1400-1700, 時間可再商議","： 有經驗, 曾經教過西營盤救恩小學導師或教活學教學的學校例如港同導師,期望最快上課時間:一個月內,不接受視像",6-10位導師,28/4/2026 下午12:56:15
218899,小二,英文,每小時$180 - 1080,彩虹(上門補習),2026-04-28 09:15:55,：牛池灣永定道,一星期2堂,每堂2小時,"：星期五 ,1500-1700, 時間可再商議","： 期望最快上課時間:7天內,不接受視像",6-10位導師,28/4/2026 下午12:56:17
218900,小五,全科(中文),每小時$190,九龍灣(上門補習),2026-04-28 09:15:42,：麗晶花園,一星期4堂,每堂1.5小時,"：星期一 1700-1830, 星期二 1700-1830, 星期四 1700-1830, 星期五 1700-1830, 時間可再商議","： 有耐性, 細心, 指導功課, 期望最快上課時間:2星期內,粵語授課,不接受視像",0-5位導師,28/4/2026 下午12:56:18
218917,小五,功課(中文),每小時$150 - 180,大埔(上門補習),2026-04-28 13:51:58,：天鑽（大埔火車站附近）,一星期2堂,每堂2.5小時,"：星期一 1715-1945, 星期二 1800-2030, 星期三 1715-1945, 星期四 1715-1945, 導師必須在以上時段補習","： 有愛心, 上課不可以玩手機, 願意支付額外交通金額(HKD): 20.00, 【一星期補4日，可分兩位導師各補2日，請申請時註明可補幾多天】期望最快上課時間:7天內,粵語授課,不接受視像",0-5位導師,28/4/2026 下午3:33:45
218924,中五,數學(英文),每小時$200 - 240,將軍澳(上門補習),2026-04-28 15:27:07,：天晉*期,一星期2堂,每堂1.5小時,"：星期一 1800-1930, 星期六 1200-1330, 時間可再商議","： 有耐性, 提供筆記, 提供練習／試題, 期望最快上課時間:7天內,粵語授課、全英文授課,不接受視像",0-5位導師,28/4/2026 下午3:33:46
218922,中三,英文,每小時$190 - 230,視像補習,2026-04-28 15:08:58,,一星期1堂,每堂1.5小時,"：星期一 1700-1900, 星期三 1700-1900, 星期四 1700-1900, 星期五 1700-1900, 導師必須在以上時段補習","： 期望最快上課時間:一個月內,粵語授課、全英文授課",0-5位導師,28/4/2026 下午3:33:47
218921,中三,"物理(英文),化學(英文),生物(英文)",每小時$200 - 240,視像補習,2026-04-28 15:05:00,,一星期2堂,每堂1小時,,"： 提供練習／試題, 長補, 有經驗, 不接受視像課, Band1A中學現時3科最弱chem，要加強。",0-5位導師,28/4/2026 下午3:33:49
218920,中五,中文,每小時$200 - 240,視像補習,2026-04-28 14:30:52,,一星期2堂,每堂2小時,"：星期一 1500-1700, 星期二 1500-1700, 星期三 1500-1700, 星期四 1500-1700, 星期五 1500-1700, 星期六 1500-1700, 星期日 1500-1700, 時間可再商議","： 期望最快上課時間:一個月內,粵語授課、普通話授課",6-10位導師,28/4/2026 下午3:33:50
218919,中四,物理(英文),每小時$180,粉嶺(上門補習),2026-04-28 14:18:55,：粉嶺和隆街**號地下,一星期1堂,每堂1.5小時,,"： 應屆DSE生或現職大學生皆可,不接受視像",0-5位導師,28/4/2026 下午3:33:52
218918,小二,"中文,英文",每小時$140 - 240,天水圍(上門補習),2026-04-28 14:17:42,：天澤邨,一星期2堂,每堂1.5小時,"：星期三 1530, 星期四 1530, 導師必須在以上時段補習","： 時間必須穩定及可長補固定上堂，考試期間需加堂，補中英文閱讀理解和寫作,不接受視像",0-5位導師,28/4/2026 下午3:33:53
218915,自修生,經濟(英文),每小時$200,"北角,鰂魚涌(公眾地方)",2026-04-28 13:09:52,,一星期1堂,每堂2小時,"：星期一 1000-1800, 星期四 1000-1800, 星期五 1000-1800","： retake2027DSE,港島沿線任何地方也可 （東區最好）【請導師備註可補地點】,不接受視像",0-5位導師,28/4/2026 下午3:33:54
218914,year10,鋼琴,每小時$350 - 450,東涌(上門補習),2026-04-28 13:06:11,：Caribbean Coast,一星期1堂,每堂1小時,"：星期三 4:45-5:45, 5-6, 星期四 4:45-5:45, 5-6, 星期五 4:45-5:45, 5-6","： 不接受視像,學生考完了8級，準備學演奏級",0-5位導師,28/4/2026 下午3:33:56
218916,中四,數學(中文),每小時$180 - 220,視像補習,2026-04-28 13:00:59,,一星期2堂,每堂1小時,"：星期六 1000-12001500-1700, 星期日 1000-1200, 時間可再商議","： 有耐性, 期望最快上課時間:3天內,普通話授課,急單補習(需要在兩天內開始上第一堂課),家長需以wechat聯絡",11-15位導師,28/4/2026 下午3:33:57
218940,小一,拼音 Phonics(英文),每小時$230 - 270,筲箕灣(上門補習),2026-04-28 17:50:08,：香岛,一星期1堂,每堂1.5小時,"：星期一 1600-1700, 星期二 1600-1700, 星期三 1600-1700, 星期五 1700-1800, 時間可再商議","： 期望最快上課時間:2星期內,不接受視像",0-5位導師,28/4/2026 下午5:59:23
218939,中四,中文,每小時$180 - 1200,鑽石山(上門補習),2026-04-28 17:46:31,：鳳禮苑,一星期1堂,每堂2小時,"：星期一 1600-1800, 星期二 1600-1800, 星期三 1600-1800, 星期日 1600-1800, 時間可再商議","： 提供練習／試題, 期望最快上課時間:7天內,粵語授課,不接受視像",0-5位導師,28/4/2026 下午5:59:24
218936,小一,普通話,每小時$230 - 260,青衣(上門補習),2026-04-28 17:45:16,：青衣美景花園,一星期1堂,每堂1.5小時,：,"： 需要嚴格有耐性同埋有經驗的,不接受視像",0-5位導師,28/4/2026 下午5:59:25
218938,小四,中文,每小時$250 - 350,大埔(上門補習),2026-04-28 17:42:13,：比華利山別墅,一星期2堂,每堂1.5小時,"：星期五 1630-1930, 星期六 1300-1500, 星期日 1500-1800, 時間可再商議","： 期望最快上課時間:7天內,粵語授課,不接受視像",0-5位導師,28/4/2026 下午5:59:26
218937,小六,數學(中文),每小時$190,粉嶺(上門補習),2026-04-28 17:41:22,：昌盛苑,一星期1堂,每堂1.5小時,"：星期六 1400-1530, 導師必須在以上時段補習","： 有耐性, 提供練習／試題, 長補, 期望最快上課時間:7天內,粵語授課,不接受視像",0-5位導師,28/4/2026 下午5:59:27
218935,中六,英文,每小時$300 - 320,旺角(公眾地方),2026-04-28 17:27:54,：starbusk,一星期2堂,每堂1.5小時,"：星期五 1800-2000, 時間可再商議","： 有耐性, 提供筆記, 提供練習／試題, 【準備2027DSE】英文5以上、HKU畢業或者讀書；有教過retake學生升grade 尤其reading份卷 大學在讀或者畢業、幫助升grade，已經連續報考3年DSE，冇進步過。粵語授課,不接受視像",0-5位導師,28/4/2026 下午5:59:29
218934,小四,英文,每小時$170 - 210,慈雲山(公眾地方),2026-04-28 17:26:40,：圖書館,一星期1堂,每堂1小時,：,： 不接受視像,0-5位導師,28/4/2026 下午5:59:30
218933,中三,英文,每小時$200 - 230,油塘(上門補習),2026-04-28 17:02:24,：油美苑,一星期1堂,每堂1.5小時,"：星期六 1000-1500, 星期日 1100-1900, 時間可再商議","： 有耐性, 針對學生弱項, 學校成績麻麻,期望最快上課時間:7天內,全英文授課,有特殊學習需要,不接受視像",0-5位導師,28/4/2026 下午5:59:32
218932,中五,生物(英文),每小時$250 - 290,元朗(上門補習),2026-04-28 16:58:09,：千色,一星期2堂,每堂2小時,"：星期五 1700, 星期六 1300, 星期日 1300, 時間可再商議","： 提供筆記, 期望最快上課時間:3天內,粵語授課,不接受視像",0-5位導師,28/4/2026 下午5:59:33
218931,中四,物理(中文),每小時$230 - 270,青衣(視像補習),2026-04-28 16:43:06,：東涌,一星期3堂,每堂1.5小時,,,0-5位導師,28/4/2026 下午5:59:34
218929,小二,中文,每小時$150 - 170,鑽石山(公眾地方),2026-04-28 16:26:55,：采頤花園,一星期1堂,每堂1.5小時,：,"： 有耐性, 有愛心, 不接受視像,【要Pgde/ 主修中文/ 中文教育系既老師】",0-5位導師,28/4/2026 下午5:59:36
218930,中五,生物(英文),每小時$200 - 240,九龍灣(上門補習),2026-04-28 16:23:48,：德福花園,一星期1堂,每堂1.5小時,"：星期六 1300-1700, 時間可再商議","： 長補, 期望最快上課時間:7天內,粵語授課,不接受視像",0-5位導師,28/4/2026 下午5:59:37
218927,小二,"英文,數學(英文)",每小時$140 - 230,"大埔,太和(上門補習)",2026-04-28 15:57:02,：目前在康樂園；之後會搬去淺月灣（在教大附近）,一星期3堂,每堂1.5小時,：,： 不接受視像，數學英文卷；教大/中大導師，有耐心,0-5位導師,28/4/2026 下午5:59:38
218928,小一,英文,每小時$160 - 200,跑馬地(上門補習),2026-04-28 15:43:31,：華翠臺**B,一星期2堂,每堂2小時,"：星期三 1930-2130, 星期五 1930-2130, 時間可再商議","： 期望最快上課時間:2星期內,粵語授課、全英文授課,不接受視像",0-5位導師,28/4/2026 下午5:59:39
218926,中四,會計(英文),每小時$230 - 290,火炭(上門補習),2026-04-28 15:38:33,：駿洋邨,一星期1堂,每堂1小時,：,"： 提供筆記, 提供練習／試題, 有經驗, 【短補到考試 6月中考】,不接受視像",0-5位導師,28/4/2026 下午5:59:41
218925,中二,英文,每小時$180,視像補習,2026-04-28 15:33:31,,一星期1堂,每堂1.5小時,"：星期六 1100-1230, 星期日 1100-1230, 導師必須在以上時段補習","： 有耐性, 提供練習／試題, 有經驗, 補底，要有視像補習經驗，,期望最快上課時間:7天內,粵語授課",6-10位導師,28/4/2026 下午5:59:42
218945,中四,中文,每小時$180 - 220,視像補習,2026-04-28 19:50:54,,一星期1堂,每堂2小時,"：星期一 1700-1900, 時間可再商議","： 期望最快上課時間:3天內,粵語授課,有特殊學習需要",0-5位導師,28/4/2026 下午7:56:40
218943,中四,經濟(英文),每小時$230 - 270,屯門(上門補習),2026-04-28 18:28:11,：瓏門,一星期1堂,每堂1.5小時,"：星期六 930-1100, 星期日 930-1100, 導師必須在以上時段補習","： 有耐性, 提供筆記, 提供練習／試題, 期望最快上課時間:7天內,全英文授課、粵語授課,不接受視像",0-5位導師,28/4/2026 下午7:56:41
218941,中五,化學(英文),每小時$250 - 320,東涌(視像補習),2026-04-28 17:54:12,,一星期1堂,每堂1.5小時,"：星期三 2000-2130, 星期六 1100-1230, 時間可再商議","： 提供練習／試題, 有經驗, 了解學生不足, 最好会讲普通话,期望最快上課時間:7天內,全英文授課、普通話授課",11-15位導師,28/4/2026 下午7:56:42
218942,小五,英文,每小時$170 - 220,調景嶺(上門補習),2026-04-28 17:53:08,：彩明苑,一星期1堂,每堂1.5小時,"：星期六 1000-1100, 導師必須在以上時段補習","： 期望最快上課時間:7天內,粵語授課,不接受視像",0-5位導師,28/4/2026 下午7:56:43
218962,N班,日語,每小時$160 - 200,大角咀(上門補習),2026-04-28 23:10:47,：One SilverSea,一星期1堂,每堂1小時,,"： 有耐性, 有愛心, 長補, 教3歲，無基礎的，星期三 3:30-4:30,不接受視像",0-5位導師,29/4/2026 上午12:25:43
218961,小三,全科(中文),每小時$140 - 160,坑口(上門補習),2026-04-28 23:02:57,：東港城,一星期2堂,每堂1.5小時,"：星期三 1630, 星期四 1630, 時間可再商議","： 有耐性, 提供練習／試題, 期望最快上課時間:2星期內,粵語授課,不接受視像",0-5位導師,29/4/2026 上午12:25:45
218960,小三,全科(中文),每小時$140 - 180,柴灣(上門補習),2026-04-28 22:25:38,：KOWAY court,一星期1堂,每堂2小時,"：星期六 0800-1000, 星期日 0800-1800, 導師必須在以上時段補習","： 期望最快上課時間:2星期內,粵語授課,不接受視像",0-5位導師,29/4/2026 上午12:25:46
218959,小一,功課(英文),每小時$150 - 300,佐敦(上門補習),2026-04-28 22:21:31,：grand Austin,一星期4堂,每堂1小時,"：星期一 7-8pm, 星期二 7-8pm, 星期三 7-8pm, 星期四 7-8pm, 導師必須在以上時段補習","： 嚴格, 有耐性, 提供練習／試題, 期望最快上課時間:2星期內,全英文授課,不接受視像",0-5位導師,29/4/2026 上午12:25:47
218958,K2,全科(中文),每小時$140,馬頭圍(上門補習),2026-04-28 21:32:36,：雅士花園,一星期3堂,每堂1小時,"：星期一 1530-1630, 星期二 1530-1630, 星期三 1600-1700, 星期四 1700-1800, 導師必須在以上時段補習","： 有耐性, 有愛心, 有經驗, 期望最快上課時間:7天內,粵語授課,不接受視像",0-5位導師,29/4/2026 上午12:25:49
218957,中一,羽毛球,每小時$180 - 220,美孚(公眾地方),2026-04-28 21:24:41,,一星期1堂,每堂2小時,"：星期六 1200-1300, 導師必須在以上時段補習","： 期望最快上課時間:7天內,不接受視像",0-5位導師,29/4/2026 上午12:25:50
218956,中五,生物(英文),每小時$350-500,視像補習,2026-04-28 21:20:46,,一星期1堂,每堂1小時,：,"： 全職導師, 有經驗, 首堂試堂皆為半小時。要求有多年經驗的現職band 1 中學老師，生物要求有多年經驗現職band 1生物科老師。生物科要求幫助學生concept，針對薄弱部分提供課後練習。",0-5位導師,29/4/2026 上午12:25:51
218954,grade4,中文,每小時$150 - 170,九龍塘(上門補習),2026-04-28 20:58:05,：香港九龙塘广播道**号尚御*座,一星期2堂,每堂1.5小時,,： 不接受視像,0-5位導師,29/4/2026 上午12:25:53
218951,小五,數學(英文),每小時$150 - 200,視像補習,2026-04-28 20:52:53,,一星期1堂,每堂1.5小時,,,11-15位導師,29/4/2026 上午12:25:54
218950,小五,全科(中文),每小時$150 - 200,大坑(上門補習),2026-04-28 20:49:40,：大坑道*號,一星期1堂,每堂2小時,"：星期一 1600-1800, 星期二 1600-1800, 星期三 1600-1800, 星期四 1600-1800, 時間可再商議","： 提供練習／試題, 指導功課, 期望最快上課時間:2星期內,粵語授課,不接受視像",0-5位導師,29/4/2026 上午12:25:55
218948,小六,數學(中文),每小時$120 - 200,柴灣(上門補習),2026-04-28 20:47:16,：新翠花園,一星期2堂,每堂1.5小時,：,"： 其他, 不接受視像",0-5位導師,29/4/2026 上午12:25:57
218953,中五,英文,每小時$220,油塘(公眾地方),2026-04-28 20:42:17,：油塘大本營M記,一星期1堂,每堂2小時,"：星期一 1700-1800, 時間可再商議","： 期望最快上課時間:3天內,全英文授課,不接受視像",6-10位導師,29/4/2026 上午12:25:58
218955,中三,數學(英文),每小時$200 - 280,紅磡(上門補習),2026-04-28 20:38:20,：半島豪庭,一星期1堂,每堂2小時,"：星期一 1700-1900, 星期二 1700-1900, 星期日 1700-1900, 時間可再商議","： 有耐性, 提供練習／試題, 神科生優先($250/hr 起), 期望最快上課時間:7天內,粵語授課,不接受視像",11-15位導師,29/4/2026 上午12:25:59
218947,中五,英文,每小時$350-500,視像補習,2026-04-28 20:25:25,,一星期1堂,每堂1小時,"：星期六 4-5/7-9, 星期日 4-5/7-9, 導師必須在以上時段補習","： 全職導師, 有經驗, 首堂試堂皆為半小時。要求有多年經驗的現職band 1 中學老師，曾擔任英文卷二改卷員經驗。",6-10位導師,29/4/2026 上午12:26:01
218946,中五,生物(英文),每小時$200 - 240,柴灣(公眾地方),2026-04-28 20:07:10,：青年廣場,一星期1堂,每堂2小時,"：星期一 1630-2030, 星期二 1630-2030, 星期日 11620-2030, 時間可再商議","： 期望最快上課時間:7天內,粵語授課,有特殊學習需要,不接受視像",0-5位導師,29/4/2026 上午12:26:02
218963,小四,全科(中文),每小時$150 - 190,北角(上門補習),2026-04-29 02:41:01,：楓林花園,一星期3堂,每堂2小時,"：星期一 1800-2000, 星期二 1800-2000, 星期三 1800-2000, 星期四 1800-2000, 星期六 1800-2000, 星期日 1800-2000, 導師必須在以上時段補習","： 嚴格, 有耐性, 有愛心, 中文能力較差,期望最快上課時間:2星期內,粵語授課,不接受視像",0-5位導師,29/4/2026 上午3:56:06
218964,中四,數學(中文),每小時$230 - 350,屯門(上門補習),2026-04-29 07:18:51,：帝濤灣,一星期1堂,每堂2小時,"：星期二 1700-1830, 星期四 1700-1830, 星期五 1700-1830, 時間可再商議","： 期望最快上課時間:7天內,粵語授課",0-5位導師,29/4/2026 上午8:10:11
218980,小五,中文,每小時$150 - 260,西營盤(上門補習),2026-04-29 11:59:18,：銀行大廈,一星期1堂,每堂1.5小時,"：星期一 1600-1750, 星期三 1600-1730, 星期四 1600-1730, 星期日 10-12, 導師必須在以上時段補習","： 期望最快上課時間:3天內,粵語授課,不接受視像",0-5位導師,29/4/2026 下午12:04:00
218979,中一,地理(英文),每小時$180 - 220,將軍澳(上門或視像皆可),2026-04-29 11:55:26,：將軍澳廣場,一星期1堂,每堂1.5小時,"：星期二 1800-1900, 導師必須在以上時段補習","： 有耐性, 期望最快上課時間:一個月內,粵語授課",0-5位導師,29/4/2026 下午12:04:01
218978,中一,英文,每小時$180,荃灣(上門補習),2026-04-29 11:47:17,：海之戀,一星期2堂,每堂2小時,：,"： band 1學校，a-b牛津教材 ，主要英文，考前復習各科目；要三大導師；期望最快上課時間:7天內,粵語授課,不接受視像",0-5位導師,29/4/2026 下午12:04:02
218976,grade10,西史(英文),每小時$200 - 300,視像補習,2026-04-29 11:20:16,,一星期1堂,每堂1.5小時,,"： 提供筆記, 有經驗, 導師要補開國際學校",0-5位導師,29/4/2026 下午12:04:03
218975,小二,全科(中文),每小時$140-180,葵涌(上門補習),2026-04-29 11:16:48,：葵涌和宜合道,一星期1堂,每堂1.5小時,"：星期二 1700-1800, 時間可再商議","： 有耐性, 有經驗, 期望最快上課時間:7天內,粵語授課,有特殊學習需要,不接受視像",0-5位導師,29/4/2026 下午12:04:05
218977,中二,數學(英文),每小時$160 - 200,鑽石山(公眾地方),2026-04-29 11:15:45,：荷里活商場,一星期1堂,每堂1.5小時,"：星期日 1045-1215, 時間可再商議","： 期望最快上課時間:7天內,粵語授課,不接受視像",6-10位導師,29/4/2026 下午12:04:06
218974,小三,中文,每小時$200 - 300,大圍(上門補習),2026-04-29 11:07:48,：新翠邨,一星期2堂,每堂1.5小時,"：星期一 1900-2000, 星期二 1900-2000, 星期三 1900-2000, 時間可再商議","： 有耐性, 提供練習／試題, 長補, 乖巧但不專心, 英文好中文差，導師如果英文好可以英中翻譯會比較輕鬆,期望最快上課時間:2星期內,粵語授課,有特殊學習需要,不接受視像",0-5位導師,29/4/2026 下午12:04:07
218973,小五,全科(中文),每小時$150 - 250,西營盤(上門補習),2026-04-29 10:48:19,：銀行大廈,一星期1堂,每堂1.5小時,"：星期一 1630-1800, 星期四 1600-1730, 星期日 10-1130, 導師必須在以上時段補習","： 全職導師, 緊貼學校進度, 提升閱讀能力, 期望最快上課時間:3天內,粵語授課,不接受視像",0-5位導師,29/4/2026 下午12:04:08
218972,小一,拼音 Phonics(英文),每小時$230 - 270,火炭(上門補習),2026-04-29 10:38:00,：星凱堤岸,一星期1堂,每堂1.5小時,"：星期一 1600-1700, 星期二 1600-1700, 星期三 1600-1700, 星期四 1600-1700, 星期五 1600-1700, 星期六 1000-1100, 星期日 1000-1100, 時間可再商議","： 期望最快上課時間:7天內,不接受視像",0-5位導師,29/4/2026 下午12:04:10
218971,中一,數學(英文),每小時$160 - 200,牛池灣(上門補習),2026-04-29 10:36:21,：嘉峰臺,一星期2堂,每堂1.5小時,"：星期二 2000-2130, 星期四 2000-2130, 導師必須在以上時段補習","： 期望最快上課時間:3天內,粵語授課,不接受視像",0-5位導師,29/4/2026 下午12:04:11
218969,中四,物理(英文),每小時$180 - 220,九龍城(上門補習),2026-04-29 10:35:40,：窝打老道*号,一星期2堂,每堂1.5小時,,： 不接受視像,0-5位導師,29/4/2026 下午12:04:13
218970,K2,英文,每小時$200 - 240,清水灣(上門補習),2026-04-29 10:22:14,：*** clear water bay,一星期2堂,每堂1小時,"：星期四 1400-1800, 星期日 1100-1800, 時間可再商議","： 有耐性, 願意支付額外交通金額(HKD): 30.00, 期望最快上課時間:一個月內,全英文授課,不接受視像",0-5位導師,29/4/2026 下午12:04:14
218968,K1,中文,每小時$140 - 250,馬鞍山(上門補習),2026-04-29 09:47:01,：錦豐苑,一星期1堂,每堂1小時,"：星期一 1700-1800, 星期二 1700-1800, 星期三 1700-1800, 星期四 1700-1800, 星期五 1700-1800, 時間可再商議","： 有愛心, 有經驗, 互動教學, 期望最快上課時間:一個月內,粵語授課,不接受視像",0-5位導師,29/4/2026 下午12:04:16
218965,國際學校 year12,Biology(英文),每小時$430,將軍澳(上門補習),2026-04-29 08:56:38,：The Wings,一星期1堂,每堂1.5小時,"：星期一 1100-2200, 星期二 1100-2200, 星期三 1100-2200, 星期四 1100-2200, 星期五 1100-2200, 星期六 1100-2200, 星期日 1100-2200, 時間可再商議","： 期望最快上課時間:3天內,不接受視像",0-5位導師,29/4/2026 下午12:04:17
218966,中二,英文,每小時$180 - 350,土瓜灣(上門補習),2026-04-29 08:41:45,：欣荣花园,一星期2堂,每堂1.5小時,"：星期三 1700-1800, 星期五 1830-1930, 導師必須在以上時段補習","： 有耐性, 提供練習／試題, 期望最快上課時間:3天內,粵語授課,不接受視像",6-10位導師,29/4/2026 下午12:04:18
218967,中二,數學(英文),每小時$180 - 350,土瓜灣(上門補習),2026-04-29 08:41:45,：欣荣花园,一星期2堂,每堂1.5小時,"：星期三 1700-1800, 星期五 1830-1930, 導師必須在以上時段補習","： 有耐性, 提供練習／試題, 期望最快上課時間:3天內,粵語授課,不接受視像",6-10位導師,29/4/2026 下午12:04:20
218994,中二,英文,每小時$150 - 300,觀塘(公眾地方),2026-04-29 16:44:21,：靠近觀塘區的公眾地方,一星期1堂,每堂1.5小時,,"： 希望教師能用中文和英文混合教學 不可以視像補習 最好公眾地方 上門是次要選擇 上門的話是樂華邨,不接受視像",0-5位導師,29/4/2026 下午4:59:53
218993,中三,英文,每小時$250 - 370,紅磡(上門補習),2026-04-29 16:34:04,：紅磡海逸豪園,一星期1堂,每堂1.5小時,"：, 時間可再商議","： 有耐性, 提供筆記, 粵語授課、全英文授課,不接受視像，除咗星期一同埋星期三之外，其他時間全部都得",0-5位導師,29/4/2026 下午4:59:54
218992,小二,英文,每小時$120 - 150,深水埗(上門補習),2026-04-29 16:17:34,：睿峰,一星期2堂,每堂1.5小時,：,"： 最少1年以上教學經驗，可以教自然拼读的 帮忙小朋友记住单词,不接受視像",0-5位導師,29/4/2026 下午4:59:56
218991,小一,數學(英文),每小時$180 - 220,元朗(上門補習),2026-04-29 15:34:58,：山下村,一星期2堂,每堂2小時,"：星期一 1500-1600, 星期二 1500-1600, 星期三 1700-1800, 星期四 1700-1800, 星期五 1700-1800, 時間可再商議","： 有耐性, 有愛心, 上課不可以玩手機, 期望最快上課時間:1個月後,粵語授課、全英文授課,不接受視像",0-5位導師,29/4/2026 下午4:59:57
218990,小三,"英文,數學(英文)",每小時$230,屯門(上門補習),2026-04-29 15:20:21,：Oma by the sea,一星期2堂,每堂2小時,"：星期一 1600-1800, 星期二 1600-1800, 星期三 1400-1800, 星期四 1600-1800, 星期五 1600-1800, 星期六 1500-1800, 時間可再商議","： 有耐性, 提供練習／試題, 針對學生弱項, 期望最快上課時間:3天內,不接受視像",0-5位導師,29/4/2026 下午4:59:57
218989,中一,中文,每小時$250 - 300,(上門補習),2026-04-29 14:31:48,：海怡半島,一星期1堂,每堂1.5小時,"：星期日 1100-1230, 導師必須在以上時段補習","： 【全職補習女導師】,不接受視像",0-5位導師,29/4/2026 下午4:59:59
218988,中一,綜合科學(英文),每小時$200 - 300,葵盛(上門補習),2026-04-29 14:20:51,：葵盛東邨盛富樓樓,一星期1堂,每堂1.5小時,"：星期日 1300-1800, 導師必須在以上時段補習","： 有耐性, 提供練習／試題, 有經驗, 5**，期望最快上課時間:3天內,急單補習(需要在兩天內開始上第一堂課),不接受視像",0-5位導師,29/4/2026 下午5:00:00
218987,小一,中文,每小時$230 - 330,炮台山(上門補習),2026-04-29 14:00:29,：Le Sommet,一星期1堂,每堂1.5小時,"：星期一 1700-1800, 星期六 1530-1700, 星期日 1530-1700, 時間可再商議","： 提供練習／試題, 長補, 有經驗, 中文專科老師，有教授寫作和閱讀理解經驗,期望最快上課時間:7天內,粵語授課,不接受視像",0-5位導師,29/4/2026 下午5:00:01
218986,中一,數學(英文),每小時$160 - 180,斧山(上門補習),2026-04-29 13:44:19,：嘉峰臺,一星期1堂,每堂1.5小時,,"： 嚴格, 有耐性, 有愛心, 不接受視像",0-5位導師,29/4/2026 下午5:00:03
218985,中三,英文,每小時$120 - 300,視像補習,2026-04-29 13:26:52,,一星期1堂,每堂1小時,：,"： 有耐性, 有經驗；讀英文系",11-15位導師,29/4/2026 下午5:00:04
218984,K3,英文,每小時$200 - 250,南昌(上門補習),2026-04-29 13:14:06,：凱樂苑,一星期1堂,每堂1小時,"：星期一 1400-1800, 星期四 1400-1800, 導師必須在以上時段補習","： 有耐性, 提供筆記, 提供練習／試題, 需要導師教phonics/拼音, 一直都有學緊,期望最快上課時間:7天內,粵語授課、全英文授課,不接受視像",0-5位導師,29/4/2026 下午5:00:05
218983,中五,生物(英文),每小時$250 - 400,九龍城(上門補習),2026-04-29 13:07:50,：九龍城,一星期1堂,每堂2小時,：,"： 長補, 其他, 希望找全職導師,不接受視像，有經驗",0-5位導師,29/4/2026 下午5:00:06
218982,中二,數學(英文),每小時$180 - 220,荃灣(上門補習),2026-04-29 12:39:13,：汀九青山公路***號（轉小巴）,一星期1堂,每堂1小時,"：星期四 6-7pm, 導師必須在以上時段補習","： 長補；暑假時想加較多堂，能夠補埋中三理科預習更好,不接受視像",0-5位導師,29/4/2026 下午5:00:08
218981,小一,英文,每小時$160 - 200,火炭(上門補習),2026-04-29 12:32:58,：星凱堤岸,一星期1堂,每堂1.5小時,"：星期一 1600-1730, 星期二 1600-1730, 星期三 1600-1730, 星期四 1600-1730, 星期五 1600-1730, 星期六 1000-1130, 星期日 1000-1130, 時間可再商議","： 有耐性, 提供筆記, 有愛心, Grammar 主要，外冷內熱，性格慢熱，怕講英文。,期望最快上課時間:7天內,粵語授課、全英文授課,不接受視像",6-10位導師,29/4/2026 下午5:00:09
218999,K2,英文,每小時$400 - 500,葵涌(上門補習),2026-04-29 18:34:30,：嘉翠園,一星期1堂,每堂1小時,,： 不接受視像【只需要NET導師】,0-5位導師,29/4/2026 下午7:02:56
219000,小五,數學(英文),每小時$170,火炭(上門補習),2026-04-29 18:32:34,：駿洋邨,一星期2堂,每堂1.5小時,"：星期一 1630-1800, 星期三 1630-1800, 星期五 1630-1800, 導師必須在以上時段補習","： 有耐性, 提供練習／試題, 針對學生弱項, 期望最快上課時間:7天內,粵語授課、全英文授課,不接受視像",0-5位導師,29/4/2026 下午7:02:57
219001,小五,英文,每小時$170,火炭(上門補習),2026-04-29 18:32:34,：駿洋邨,一星期2堂,每堂1.5小時,"：星期一 1630-1800, 星期三 1630-1800, 星期五 1630-1800, 導師必須在以上時段補習","： 有耐性, 提供練習／試題, 針對學生弱項, 期望最快上課時間:7天內,全英文授課,不接受視像",0-5位導師,29/4/2026 下午7:02:58
218998,中四,英文,每小時$200 - 240,北角(上門補習),2026-04-29 18:30:57,：益新洋樓,一星期1堂,每堂2小時,"：星期一 5:00pm, 星期二 5:00pm, 星期三 5:00pm, 星期四 5:00pm, 星期五 5:00pm, 星期六 All day, 星期日 All day","： 需要專業經驗豐富的導師,不接受視像",0-5位導師,29/4/2026 下午7:02:59
218997,K1,cambridge starter,每小時$160 - 250,紅磡(上門補習),2026-04-29 18:12:36,：半島豪庭,一星期3堂,每堂1小時,,"： 暑假升K2，家長有書，有教cambridge starter經驗，想暑假搵導師教同操cambridge starter卷，英文5或以上成績,不接受視像",0-5位導師,29/4/2026 下午7:03:00
218996,小一,法語,每小時$230 - 300,西灣河(上門補習),2026-04-29 18:03:49,：嘉哼湾,一星期1堂,每堂1.5小時,,"： 期望最快上課時間:一個月內,粵語授課、普通話授課,不接受視像",0-5位導師,29/4/2026 下午7:03:02
218995,中六,經濟(英文),每小時$230,視像補習,2026-04-29 17:41:34,,一星期2堂,每堂2小時,"：星期五 1330, 時間可再商議","： 期望最快上課時間:3天內,粵語授課,【中六DSE只收取一堂費用】",0-5位導師,29/4/2026 下午7:03:03
219003,中四 (3人),英文,每小時$300 - 400,炮台山(公眾地方),2026-04-29 19:44:41,,一星期3堂,每堂2小時,"：星期三 1600-1900, 導師必須在以上時段補習","： 長補, 期望最快上課時間:7天內,粵語授課,不接受視像",6-10位導師,29/4/2026 下午8:22:47
219002,小五,英文,每小時$170 - 210,視像補習,2026-04-29 19:33:52,,一星期1堂,每堂1小時,"：星期二 1500-1900, 星期四 1500-1900, 星期五 1700-1900, 星期日 1500-1800, 時間可再商議","： 嚴格, 提供練習／試題, 期望最快上課時間:7天內,全英文授課",0-5位導師,29/4/2026 下午8:22:48
219012,K1,全科(中文),每小時$140 - 180,大埔(上門補習),2026-04-29 22:23:02,：新峰花園,一星期2堂,每堂1.5小時,"：星期一 1730, 星期二 1730, 星期三 1730, 星期四 1730, 星期日 1000-1200, 時間可再商議","： 提供筆記, 提供練習／試題, 有愛心, 期望最快上課時間:3天內,粵語授課,急單補習(需要在兩天內開始上第一堂課),不接受視像",0-5位導師,29/4/2026 下午10:37:18
219011,中五,數學(英文),每小時$290,屯門(上門補習),2026-04-29 22:00:32,：金子山莊（藍地輕鐵站步行約*至10分鐘）,一星期3堂,每堂2小時,"：星期一 1915-2115, 星期二 1915-2115, 星期三 1915-2115, 時間可再商議","： 期望最快上課時間:7天內,粵語授課,不接受視像",0-5位導師,29/4/2026 下午10:37:19
219010,中一,數學(英文),每小時$180 - 220,灣仔(上門補習),2026-04-29 21:35:50,：Henessy road,一星期1堂,每堂1小時,"：星期一 6-7, 星期三 6-7, 時間可再商議","： 有耐性, Full English授課, 不接受視像,期望最快上課時間:7天內",0-5位導師,29/4/2026 下午10:37:20
219009,中一,功課(英文),每小時$180 - 200,灣仔(上門補習),2026-04-29 21:30:02,：Henessy road,一星期1堂,每堂1小時,"：星期一 6-7, 星期三 6-7, 時間可再商議","： 有耐性, Full English授課, 不接受視像,期望最快上課時間:7天內",0-5位導師,29/4/2026 下午10:37:21
219008,中五,英文,每小時$270 - 310,小西灣(公眾地方),2026-04-29 21:25:43,：蓝湾半岛,一星期2堂,每堂1.5小時,"：星期一 1800-1900, 星期六 1400-1530, 時間可再商議","： 針對學生弱項, 期望最快上課時間:一個月內,粵語授課,不接受視像",0-5位導師,29/4/2026 下午10:37:23
219007,小一,全科(英文),每小時$140 - 200,西環(上門補習),2026-04-29 21:22:02,：寶翠園,一星期3堂,每堂2小時,,"： 有耐性, 期望最快上課時間:3天內,,本地學校, 主要英文教學,不接受視像",0-5位導師,29/4/2026 下午10:37:24
219006,中一,功課(英文),每小時$150 - 200,灣仔(上門補習),2026-04-29 21:19:55,：Henessy road,一星期1堂,每堂1小時,"：星期一 6-7, 星期三 6-7, 時間可再商議","： 有耐性, 提供練習／試題, 外籍老師, Full English授課, 不接受視像,期望最快上課時間:7天內",0-5位導師,29/4/2026 下午10:37:25
219005,中五,會計(英文),每小時$200 - 250,坑口(公眾地方),2026-04-29 21:13:10,,一星期1堂,每堂1.5小時,"：星期一 1630-1930, 星期三 1630-1930, 星期四 1630-1940, 星期六 1400-1600, 時間可再商議","： 提供筆記, 提供練習／試題, 有經驗, 期望最快上課時間:7天內,粵語授課,不接受視像",0-5位導師,29/4/2026 下午10:37:27
219004,中五,數學(英文),每小時$200 - 250,"沙田,烏溪沙(上門或視像皆可)",2026-04-29 20:26:28,：Starbucks,一星期2堂,每堂2小時,"：星期四 1730-1900, 時間可再商議","： 有耐性，需要可以無限問數,期望最快上課時間:3天內,粵語授課,不接受視像",16-20位導師,29/4/2026 下午10:37:28
219015,中一,數學(英文),每小時$200 - 300,九龍城(上門補習),2026-04-29 23:57:04,：Parc Inverness,一星期2堂,每堂2小時,"：星期日 1000-1200, 時間可再商議","： 全職導師, 程度弱,期望最快上課時間:1個月後,粵語授課,不接受視像",0-5位導師,30/4/2026 上午12:19:06
219014,中四,生物(英文),每小時$230 - 940,赤柱(上門補習),2026-04-29 23:28:13,：東頭灣里**號L座*樓E室,一星期2堂,每堂1.5小時,"：星期六 1000-1100, 導師必須在以上時段補習","： 全職導師, 期望最快上課時間:7天內,粵語授課,不接受視像",0-5位導師,30/4/2026 上午12:19:07
219013,中五,英文,每小時$220 - 250,坑口(公眾地方),2026-04-29 22:42:22,,一星期1堂,每堂1.5小時,"：星期一 1630-1930, 星期三 1630-1930, 星期四 1630-1930, 星期六 1400-1630, 時間可再商議","： 提供筆記, 提供練習／試題, 幫助操練, 期望最快上課時間:7天內,粵語授課,不接受視像",0-5位導師,30/4/2026 上午12:19:08
219016,中五,經濟(英文),每小時$200 - 240,荃灣(公眾地方),2026-04-30 00:37:40,,一星期2堂,每堂2小時,"：星期一 1630, 星期二 1630, 星期日 1500, 時間可再商議","： 期望最快上課時間:3天內,粵語授課、全英文授課,不接受視像",0-5位導師,30/4/2026 上午1:54:12
219020,中四,化學(英文),每小時$180 - 200,視像補習,2026-04-30 08:38:44,,一星期2堂,每堂2小時,"：星期一 1630-1830, 星期四 1630-1830, 星期五 1630-1830, 導師必須在以上時段補習","： 有經驗, 化學程度基本為0,期望最快上課時間:7天內,粵語授課",0-5位導師,30/4/2026 上午9:23:44
219018,小四,"中文,數學(中文)",每小時$200,屯門(上門補習),2026-04-30 08:21:12,：掃管笏,一星期2堂,每堂1.5小時,"：星期三 1700-1800, 星期五 1700-1800, 時間可再商議","： 期望最快上課時間:7天內,粵語授課,不接受視像",0-5位導師,30/4/2026 上午9:23:45
219019,中五,化學(英文),每小時$200 - 240,荃灣(公眾地方),2026-04-30 08:20:57,,一星期2堂,每堂1.5小時,"：星期二 1730-1900, 星期四 1730-1900, 時間可再商議","： 期望最快上課時間:7天內,粵語授課、全英文授課,不接受視像",0-5位導師,30/4/2026 上午9:23:46
219017,中五,中文,每小時$210,大埔(上門補習),2026-04-30 07:44:45,：倚龍山莊,一星期1堂,每堂1.5小時,"：星期一 1730-1900, 時間可再商議","： 有耐性, 長補, 有經驗, 期望最快上課時間:2星期內,粵語授課,不接受視像",0-5位導師,30/4/2026 上午9:23:47
219032,小三,全科(英文),每小時$200 - 300,"九龍城,太子(上門補習)",2026-04-30 12:29:40,：太子道西 (近聖德肋撒醫院) 文蔚閣 (太子站 或 旺角東站),一星期1堂,每堂1.5小時,：星期二 1900-2030,"： 要已經大學畢業的導師；補逢星期二晚 7:00-8:30pm (考試前時段會加堂),不接受視像",0-5位導師,30/4/2026 下午12:55:12
219031,中一,中文,每小時$160 - 250,九龍灣(上門或視像皆可),2026-04-30 11:21:42,：淘大花園,一星期1堂,每堂1.5小時,"：星期一 2100-2230, 星期二 2100-2230, 星期三 2100-2230, 星期日 1300-1730, 時間可再商議","： 期望最快上課時間:7天內,粵語授課",0-5位導師,30/4/2026 下午12:55:13
219030,K3,數學(中文),每小時$180 - 190,將軍澳(上門補習),2026-04-30 11:18:40,：Monterey (將軍澳地鐵站行8分鐘),一星期1堂,每堂1小時,"：星期一 1600-1830, 時間可再商議","： 嚴格, 提供練習／試題, 期望最快上課時間:2星期內,粵語授課,不接受視像",0-5位導師,30/4/2026 下午12:55:14
219028,中三,物理(英文),每小時$170 - 300,北角(上門補習),2026-04-30 10:37:31,：港运城,一星期1堂,每堂2小時,"：星期二 1600-2000, 星期六 0900-2000, 星期日 0900-2000, 導師必須在以上時段補習","： 提供筆記, 提供練習／試題, 期望最快上課時間:7天內,粵語授課、全英文授課、普通話授課,不接受視像",6-10位導師,30/4/2026 下午12:55:16
219029,中三,生物(英文),每小時$170 - 300,北角(上門補習),2026-04-30 10:37:31,：港运城,一星期1堂,每堂2小時,"：星期二 1600-2000, 星期六 0900-2000, 星期日 0900-2000, 導師必須在以上時段補習","： 提供筆記, 提供練習／試題, 期望最快上課時間:7天內,粵語授課、全英文授課、普通話授課,不接受視像",0-5位導師,30/4/2026 下午12:55:17
219027,中五,生物(英文),每小時$130 - 250,紅磡(上門補習),2026-04-30 10:32:00,：紅磡灣中心,一星期1堂,每堂1.5小時,：,"： 嚴格, 有耐性, 提供練習／試題, 不接受視像",0-5位導師,30/4/2026 下午12:55:18
219025,中五,生物(英文),每小時$130 - 250,紅磡(上門補習),2026-04-30 10:31:03,：紅磡灣中心,一星期1堂,每堂1.5小時,：,"： 嚴格, 有耐性, 提供練習／試題, 不接受視像",0-5位導師,30/4/2026 下午12:55:20
219026,小五,中文,每小時$150 - 230,小瀝源(上門補習),2026-04-30 10:27:19,：綠怡雅苑,一星期1堂,每堂1.5小時,"：星期五 1545-1700, 時間可再商議","： 提供筆記, 提供練習／試題, 有愛心, 期望最快上課時間:2星期內,粵語授課,不接受視像",0-5位導師,30/4/2026 下午12:55:21
219024,中三,"物理(英文),化學(英文),生物(英文)",每小時$210 - 280,寶琳(上門補習),2026-04-30 10:12:36,：疊翠軒,一星期1堂,每堂1.5小時,：,"： 嚴格, 提供練習／試題, 長補, 不接受視像, 需要導師三科都補到，成績LV5以上,每堂1.5-2小時",0-5位導師,30/4/2026 下午12:55:22
219023,小四,全科(中文),每小時$200 - 300,青衣(上門補習),2026-04-30 09:37:56,：青華苑,一星期3堂,每堂1.5小時,"：星期一 1600-1700, 星期三 1600-1700, 星期六 1000-1100, 時間可再商議","： 期望最快上課時間:7天內,粵語授課,不接受視像",0-5位導師,30/4/2026 下午12:55:24
219022,中四,數學(英文),每小時$180 - 200,視像補習,2026-04-30 09:28:21,,一星期2堂,每堂2小時,"：星期一 1630-1830, 星期四 1630-1830, 星期五 1630-1830, 導師必須在以上時段補習","： 有經驗, 期望最快上課時間:7天內,粵語授課",16-20位導師,30/4/2026 下午12:55:25
219021,中一,英文,每小時$180 - 220,九龍城(上門補習),2026-04-30 09:09:28,：启德一号一期,一星期1堂,每堂2小時,"：星期日 1000-1200, 時間可再商議","： 期望最快上課時間:3天內,普通話授課,不接受視像",0-5位導師,30/4/2026 下午12:55:27
219038,中四,生物(英文),每小時$180 - 220,視像補習,2026-04-30 15:15:54,,一星期1堂,每堂1.5小時,"：星期四 2100-2230, 星期五 1800-1930, 時間可再商議","： 期望最快上課時間:7天內,粵語授課、全英文授課",0-5位導師,30/4/2026 下午3:29:52
219037,中二,中文,每小時$160 - 300,九龍灣(上門補習),2026-04-30 15:14:15,：德福大廈,一星期1堂,每堂1.5小時,"：星期四 1800-1930, 時間可再商議","： 有耐性, 提供筆記, 提供練習／試題, 同學為內地新來港學生，需要普通話授課,期望最快上課時間:7天內,粵語授課、普通話授課,不接受視像",0-5位導師,30/4/2026 下午3:29:53
219036,中四,經濟(中文),每小時$180 - 200,視像補習,2026-04-30 14:58:25,,一星期1堂,每堂2小時,"：星期一 1630-1830, 星期四 1630-1830, 星期五 1630-1830, 導師必須在以上時段補習","： 有經驗, 期望最快上課時間:7天內,粵語授課",6-10位導師,30/4/2026 下午3:29:54
219035,中二,數學(英文),每小時$170-200,屯門(公眾地方),2026-04-30 14:44:21,：屯門市中心,一星期1堂,每堂1.5小時,：,"： 有耐性, 提供練習／試題, 有經驗, 不接受視像，導師需要熟悉英文數學題目。如果導師可以用中文講解題目、但睇得明英文卷，咁就最理想。女兒比較內向慢熱，需要溫柔、有耐性、鼓勵型的導師，但必須係溫柔，謝絕嚴肅大聲嗰種。",0-5位導師,30/4/2026 下午3:29:55
219034,中二,英文,每小時$170-200,屯門(公眾地方),2026-04-30 14:43:46,：屯門市中心,一星期1堂,每堂1.5小時,：,"： 有耐性, 提供練習／試題, 有經驗, 不接受視像，女兒比較內向慢熱，需要溫柔、有耐性、鼓勵型的導師，但必須係溫柔，謝絕嚴肅大聲嗰種。",0-5位導師,30/4/2026 下午3:29:56
219033,小三,中文,每小時$180,觀塘(上門補習),2026-04-30 14:29:07,：凱滙（Grand Central）,一星期1堂,每堂1.5小時,：,"： 提供筆記, 提供練習／試題, 提升解題技巧,希望導師HKDSE中文成績5*或以上，其他科的分數無要求, 基礎扎實，希望能力拔高，技巧精進。,期望最快上課時間:2星期內,粵語授課、普通話授課,不接受視像",0-5位導師,30/4/2026 下午3:29:58
219049,中五,化學(英文),每小時$200 - 240,視像補習,2026-04-30 17:29:58,,一星期1堂,每堂1.5小時,"：星期五 2100-2230, 星期六 2000-2130, 星期日 1600-1730, 時間可再商議","： 有耐性, 提供練習／試題, 有經驗, 期望最快上課時間:3天內,粵語授課、全英文授課",0-5位導師,30/4/2026 下午5:36:39
219047,中四,數學(英文),每小時$180 - 220,杏花邨(上門補習),2026-04-30 17:26:53,：地鐵步行5分鐘,一星期1堂,每堂1.5小時,"：星期一 1730, 星期二 1730, 星期三 1730, 星期四 1730, 星期五 1730, 時間可再商議","： 有耐性, 提供筆記, 提供練習／試題, 期望最快上課時間:7天內,全英文授課,不接受視像",0-5位導師,30/4/2026 下午5:36:40
219048,中五,生物(英文),每小時$200 - 320,油塘(上門補習),2026-04-30 17:24:07,：油美苑,一星期1堂,每堂1.5小時,"：星期二 1600-2200, 星期四 1600-2200, 星期六 1400-2200, 星期日 1400-2200, 時間可再商議","： 期望最快上課時間:7天內,粵語授課、全英文授課",0-5位導師,30/4/2026 下午5:36:41
219046,小四,英文,每小時$220 - 260,天水圍(上門補習),2026-04-30 17:22:50,：景湖居,一星期2堂,每堂2小時,"：星期六 1-2, 導師必須在以上時段補習","： 期望最快上課時間:3天內,粵語授課,不接受視像",0-5位導師,30/4/2026 下午5:36:43
219045,中四,中文,每小時$180 - 220,杏花邨(上門補習),2026-04-30 17:22:39,：地鐵步行5分鐘,一星期1堂,每堂1.5小時,"：星期一 1730, 星期二 1730, 星期三 1730, 星期四 1730, 星期五 1730, 時間可再商議","： 有耐性, 期望最快上課時間:2星期內,粵語授課,不接受視像",0-5位導師,30/4/2026 下午5:36:44
219044,中五,數學(英文),每小時$200 - 240,藍田(上門補習),2026-04-30 16:20:34,：平田邨,一星期2堂,每堂2.5小時,"：星期一 1600-1800, 星期三 1600-1800, 星期日 1000-1200, 時間可再商議","： 有耐性, 提供筆記, 有經驗, 期望最快上課時間:3天內,全英文授課,不接受視像",0-5位導師,30/4/2026 下午5:36:45
219042,小五,數學(中文),每小時$180 - 210,將軍澳(上門補習),2026-04-30 16:17:09,：寶盈花園,一星期1堂,每堂1.5小時,,"： 有耐性, 提供筆記, 期望最快上課時間:7天內,粵語授課,不接受視像",0-5位導師,30/4/2026 下午5:36:46
219043,中五,物理(英文),每小時$200 - 240,九龍城(公眾地方),2026-04-30 16:14:58,,一星期1堂,每堂2小時,"：星期五 2000, 星期日 1100, 時間可再商議","： 期望最快上課時間:7天內,粵語授課、全英文授課,不接受視像",0-5位導師,30/4/2026 下午5:36:48
219041,中三,"物理(英文),化學(英文),生物(英文)",每小時$180 - 220,視像補習,2026-04-30 16:07:37,,一星期2堂,每堂1.5小時,,"： 有耐性, 提供筆記, 可接受視像補習,期望最快上課時間:7天內,粵語授課,不接受視像",0-5位導師,30/4/2026 下午5:36:49
219040,小五,中文,每小時$170 - 220,視像補習,2026-04-30 15:57:53,,一星期1堂,每堂1小時,：星期六 10:30-12:00,"： 提供筆記, 提供練習／試題, 要提供練習， 筆記， 改作文， 教技巧 ， 主修中文， dse 中文5*",0-5位導師,30/4/2026 下午5:36:51
219039,year6,Chinese(A)SL(中文),每小時$330 - 350,薄扶林(上門或視像皆可),2026-04-30 15:26:59,：Bel-Air,一星期2堂,每堂1.5小時,"：星期一 1800-1900, 星期二 1800-1900, 星期三 1800-1900, 星期五 1800-1900, 時間可再商議","： 提升閱讀能力, 期望最快上課時間:2星期內,會考慮HKDSE導師",0-5位導師,30/4/2026 下午5:36:52
219057,小五,"英文,數學(中文),中文",每小時$170 - 180,沙田(上門補習),2026-04-30 18:07:15,：嘉徑苑,一星期1堂,每堂2小時,"：星期六 1100-1300, 時間可再商議","： 有耐性, 期望最快上課時間:3天內,粵語授課、全英文授課,不接受視像",0-5位導師,30/4/2026 下午7:18:41
219056,中四,經濟(英文),每小時$250 - 300,啟德(上門補習),2026-04-30 18:06:18,：啟德海灣*B座,一星期1堂,每堂1.5小時,,： 有补习经验的不接受視像 不会讲粤语 希望老师会普通话讲课；老师准时的上课 尽量不请假的; 要有5*,0-5位導師,30/4/2026 下午7:18:42
219054,中三,"物理(英文),化學(英文),生物(英文)",每小時$200 - 240,視像補習,2026-04-30 17:58:23,,一星期2堂,每堂1小時,：,"： 提供練習／試題, 長補, 有經驗, Band1A中學現時3科最弱chem，要加強。；傳統直資私校Band1A, chem, phy, bio, math, eng 5*或5以上",0-5位導師,30/4/2026 下午7:18:43
219053,K2,畫畫,每小時$150,馬頭圍(上門補習),2026-04-30 17:44:08,：雅士花園,一星期2堂,每堂1小時,"：星期一 1530-1630, 星期二 1530-1630, 星期三 1600-1700, 星期四 1700-1800, 導師必須在以上時段補習","： 有耐性, 有愛心, 有經驗, 期望最快上課時間:7天內,粵語授課,不接受視像",0-5位導師,30/4/2026 下午7:18:44
219052,中四,數學(中文),每小時$220-240,深水埗(上門補習),2026-04-30 17:43:12,：長沙灣道文裔大廈**樓,一星期1堂,每堂2小時,：,： 不接受視像,0-5位導師,30/4/2026 下午7:18:45
219050,小三,數學(中文),每小時$150 - 200,鑽石山(上門補習),2026-04-30 17:38:55,：瓊山苑,一星期1堂,每堂1.5小時,,"： 每星期1～2堂,粵語授課,不接受視像",6-10位導師,30/4/2026 下午7:18:47
219051,小二,數學(中文),每小時$130 - 200,大埔(上門補習),2026-04-30 17:35:04,：富蝶邨,一星期2堂,每堂1.5小時,"：星期三 1600-1700, 星期五 1600-1700, 時間可再商議","： 願意支付額外交通金額(HKD): 9.00, 期望最快上課時間:3天內,粵語授課,不接受視像",0-5位導師,30/4/2026 下午7:18:48
219060,中二,英文,每小時$180 - 220,大角咀(上門補習),2026-04-30 20:47:10,：中原樓,一星期1堂,每堂1.5小時,"：星期六 11-12, 時間可再商議","： 願意支付額外交通金額(HKD): 300.00, 期望最快上課時間:一個月內,全英文授課,不接受視像",0-5位導師,30/4/2026 下午8:59:43
219059,中四,物理(英文),每小時$230 - 350,薄扶林(上門補習),2026-04-30 19:32:24,：貝沙灣,一星期2堂,每堂1.5小時,"：星期三 1700, 星期六 1700, 時間可再商議","： 有經驗, 針對學生弱項, 提升解題技巧, 期望最快上課時間:2星期內,全英文授課,不接受視像",0-5位導師,30/4/2026 下午8:59:44
219058,小三,功課(中文),每小時$150 - 180,大埔(上門補習),2026-04-30 19:25:32,：雲滙,一星期5堂,每堂1.5小時,：,"： 其他, 請導師申請時備註可上堂時間，星期一至五4點後，7點前要完堂，可以分開2位導師分別補2-3日。要有責任感，在大學站要轉272A巴士，跟功課、每天溫習內容、擅長溝通,功課很多時在學校己做完，教他自己檢查反功課錯漏(不小心計錯)，老師教他溫習反當日老師教的,不接受視像",0-5位導師,30/4/2026 下午8:59:45
219070,中一,羽毛球,每小時$250,美孚(公眾地方),2026-04-30 23:00:15,,一星期1堂,每堂2小時,,： 不接受視像,0-5位導師,30/4/2026 下午11:19:41
219071,中三,數學(英文),每小時$160 - 200,葵芳(上門補習),2026-04-30 22:54:17,：葵芳邨,一星期2堂,每堂1.5小時,"：星期二 1630-1800, 星期六 1400-1700, 時間可再商議","： 期望最快上課時間:7天內,粵語授課,不接受視像",0-5位導師,30/4/2026 下午11:19:42
219069,國際學校 year6,英文,每小時$350,大圍(上門補習),2026-04-30 22:49:04,：名城,一星期2堂,每堂1.5小時,"：星期二 1630-1830, 星期五 1630-1830, 導師必須在以上時段補習","： 有耐性, 提供練習／試題, 提升寫作能力, 想針對學習及提升英文說服文寫作,期望最快上課時間:1個月後,粵語授課、全英文授課,會考慮HKDSE導師,不接受視像",0-5位導師,30/4/2026 下午11:19:43
219068,中五,英文,每小時$220 - 260,柴灣(公眾地方),2026-04-30 22:34:13,：青年广场,一星期1堂,每堂2小時,"：星期三 1700-1900, 時間可再商議","： 有耐性, 提供練習／試題, 有經驗, 理解能力较差，小小语言障碍,期望最快上課時間:7天內,粵語授課,有特殊學習需要,不接受視像",0-5位導師,30/4/2026 下午11:19:45
219067,N班,普通話,每小時$180 - 300,堅尼地城(上門補習),2026-04-30 22:04:37,：Townplace,一星期1堂,每堂1.5小時,"：星期一 1600-1700, 星期二 1600-1700, 星期三 1600-1700, 星期四 1600-1700, 星期五 1600-1700, 星期六 1600-1700, 時間可再商議","： 期望最快上課時間:一個月內,不接受視像",0-5位導師,30/4/2026 下午11:19:46
219066,中三,數學(中文),每小時$210 - 250,屯門(上門補習),2026-04-30 21:49:07,：兆康苑,一星期1堂,每堂1.5小時,"：星期六 1000-1100, 時間可再商議","： 期望最快上課時間:2星期內,粵語授課,不接受視像",0-5位導師,30/4/2026 下午11:19:47
219065,中四,中文,每小時$180 - 400,將軍澳(上門補習),2026-04-30 21:32:00,：都會駅,一星期1堂,每堂1.5小時,：,： 不接受視像,0-5位導師,30/4/2026 下午11:19:48
219064,小六,phonics,每小時$230 - 270,灣仔(上門補習),2026-04-30 21:25:09,：駱克道,一星期4堂,每堂1.5小時,"：星期一 430-630, 星期二 430-630, 星期四 430-630, 星期五 430-630, 導師必須在以上時段補習","： 嚴格, 有耐性, 一星期3-4堂。期望最快上課時間:2星期內,不接受視像",0-5位導師,30/4/2026 下午11:19:50
219062,中三,物理(中文),每小時$170 - 210,大埔(上門補習),2026-04-30 21:16:34,：大埔火車站,一星期1堂,每堂1小時,,,0-5位導師,30/4/2026 下午11:19:51
219063,中四,地理(英文),每小時$250 - 290,赤柱(上門補習),2026-04-30 21:05:37,：懲教署宿舍,一星期2堂,每堂2小時,"：星期六 1000-1300, 時間可再商議","： 願意支付額外交通金額(HKD): 40.00, 期望最快上課時間:2星期內,粵語授課,不接受視像",0-5位導師,30/4/2026 下午11:19:53
219061,中三,數學(英文),每小時$160 - 260,視像補習,2026-04-30 21:03:49,,一星期1堂,每堂1.5小時,"：星期四 1800-1900, 時間可再商議","： 提供練習／試題, 學生有輕度自閉症及 ADHD，需要一位溫柔、有耐性、不會給予語言壓力的導師。,期望最快上課時間:7天內,粵語授課,有特殊學習需要",16-20位導師,30/4/2026 下午11:19:54
219072,中五,物理(英文),每小時$200 - 300,第一城(上門補習),2026-04-30 23:28:40,：愉翠苑,一星期1堂,每堂2小時,"：星期五 1800-2000, 導師必須在以上時段補習","： 提供練習／試題, 長補, 提升解題技巧, 期望最快上課時間:7天內,粵語授課,不接受視像",0-5位導師,1/5/2026 上午12:53:23
219073,小三,英文,每小時$160 - 200,大埔(上門補習),2026-05-01 07:17:12,：大埔墟富蝶邨凤蝶楼,一星期2堂,每堂2小時,"：星期五 1800-1900, 時間可再商議","： 願意支付額外交通金額(HKD): 20.00, 期望最快上課時間:7天內,粵語授課、普通話授課,家長需以wechat聯絡,不接受視像",0-5位導師,1/5/2026 上午7:37:45
219074,中一,綜合科學(英文),每小時$180 - 240,視像補習,2026-05-01 09:11:12,,一星期2堂,每堂1小時,"：星期三 1830-1930, 星期六 1200-1300, 導師必須在以上時段補習","： 期望最快上課時間:7天內,粵語授課、全英文授課",0-5位導師,1/5/2026 上午9:27:36
219090,中三,物理(中文),每小時$170 - 210,荃灣(上門補習),2026-05-01 13:08:55,：荃灣石圍角石桃樓***室,一星期1堂,每堂1小時,,,0-5位導師,1/5/2026 下午1:26:39
219091,中四,數學(英文),每小時$230 - 240,香港仔(上門補習),2026-05-01 13:07:11,：香港仔中心,一星期1堂,每堂2小時,"：星期六 1100-1300, 時間可再商議","： 期望最快上課時間:7天內,粵語授課,不接受視像",0-5位導師,1/5/2026 下午1:26:40
219089,中五,中文,每小時$200 - 240,荃灣(公眾地方),2026-05-01 12:53:40,,一星期1堂,每堂2小時,"：星期一 1630, 星期二 1630, 星期六 1400, 星期日 1400, 時間可再商議","： 提供筆記, 提供練習／試題, 期望最快上課時間:2星期內,粵語授課,不接受視像",0-5位導師,1/5/2026 下午1:26:41
219088,中五,數學(英文),每小時$200 - 230,大埔(公眾地方),2026-05-01 12:47:53,：地鐵Starbucks,一星期1堂,每堂2小時,"：星期一 1800-2000, 星期二 1800-2000, 星期三 1800-2000, 時間可再商議","： 有耐性, 提供練習／試題, 幫助操練, 期望最快上課時間:2星期內,粵語授課,不接受視像",6-10位導師,1/5/2026 下午1:26:42
219087,中二,英文,每小時$200 - 240,鑽石山(公眾地方),2026-05-01 12:32:10,,一星期1堂,每堂1.5小時,,"： 有耐性, 提供練習／試題, 不接受視像",0-5位導師,1/5/2026 下午1:26:44
219086,小二,英文,每小時$190 - 230,大坑(上門補習),2026-05-01 12:30:48,：莊苑,一星期1堂,每堂1小時,：,"： 提供筆記, 有經驗, 粵語授課、全英文授課,不接受視像",0-5位導師,1/5/2026 下午1:26:45
219085,小四,全科(中文),每小時$300 - 350,何文田(上門補習),2026-05-01 12:28:19,：俊民苑,一星期1堂,每堂1小時,"：星期三 1600, 星期四 1600, 導師必須在以上時段補習","： 年紀25-35歲 不要大學生 有小學教書經驗，可準備教材, 需要成績5*或以上的導師,不接受視像",0-5位導師,1/5/2026 下午1:26:46
219084,小四,全科(中文),每小時$200 - 300,元朗(上門補習),2026-05-01 12:15:23,：翹翠峰,一星期3堂,每堂2小時,"：星期二 1600-1700, 星期五 1400-1500, 星期日 1600-1700, 導師必須在以上時段補習","： 上課不可以玩手機, 期望最快上課時間:3天內,粵語授課,不接受視像",0-5位導師,1/5/2026 下午1:26:48
219083,中五,數學(英文),每小時$200,將軍澳(上門或視像皆可),2026-05-01 12:11:17,：香港将军澳唐俊街The Parkside 第*座The Parkside,一星期1堂,每堂1小時,：,： 如導師能面授上門最好，可以請備注,0-5位導師,1/5/2026 下午1:26:49
219082,,N/A(英文),每小時$180 - 270,康城(上門補習),2026-05-01 12:04:42,：LP*,一星期1堂,每堂null小時,"：星期一 0900-1800, 星期二 0900-1800, 星期三 0900-1800, 星期四 0900-1800, 星期五 0900-1800, 星期六 0900-1800, 星期日 0900-1800, 時間可再商議","： 期望最快上課時間:2星期內,有特殊學習需要：想找特殊幼兒教育資格的老師/有訓練大肌肉的老師 ,不接受視像",0-5位導師,1/5/2026 下午1:26:51
219081,中三,物理(英文),每小時$220 - 250,元朗(上門補習),2026-05-01 11:49:29,：賞湖居,一星期1堂,每堂1.5小時,"：星期四 1700-1830, 時間可再商議","： 期望最快上課時間:7天內,粵語授課、全英文授課,不接受視像",0-5位導師,1/5/2026 下午1:26:52
219080,中一,全科,每小時$180 - 220,馬鞍山(上門補習),2026-05-01 11:39:02,：大水坑村,一星期2堂,每堂1.5小時,"：星期三 1630-1930, 星期六 0800-1800, 導師必須在以上時段補習","： 有耐性, 提供練習／試題, 長補, 導師DSE中英數成績4或以上,期望最快上課時間:2星期內,不接受視像",0-5位導師,1/5/2026 下午1:26:53
219079,小一,全科(英文),每小時$150,旺角(上門補習),2026-05-01 11:17:10,：花園街,一星期1堂,每堂2小時,,"： 有愛心, 期望最快上課時間:2星期內,不接受視像",6-10位導師,1/5/2026 下午1:26:55
219078,國際學校 year7,綜合科學(英文),每小時$280 - 400,大埔(上門補習),2026-05-01 11:09:45,：汀角路䃟頭角村,一星期2堂,每堂2小時,"：星期一 1900-2100, 星期二 1900-2100, 星期三 1530-1800, 時間可再商議","： 有耐性, 長補, 細心, 期望最快上課時間:7天內,粵語授課、全英文授課,會考慮HKDSE導師,不接受視像",0-5位導師,1/5/2026 下午1:26:56
219077,中四,物理(英文),每小時$180 - 400,美孚(公眾地方),2026-05-01 10:46:27,,一星期1堂,每堂1.5小時,"：星期四 1700-1830, 導師必須在以上時段補習","： 有耐性, 提供筆記, 提供練習／試題, 期望最快上課時間:一個月內,粵語授課,不接受視像",0-5位導師,1/5/2026 下午1:26:58
219076,小一,英文,每小時$150,香港仔(上門補習),2026-05-01 10:23:38,：香港仔華富邨華珍樓,一星期2堂,每堂2小時,,： 不接受視像,0-5位導師,1/5/2026 下午1:26:59
219075,中三,化學(英文),每小時$220 - 350,薄扶林(上門補習),2026-05-01 10:04:18,：碧瑤灣,一星期1堂,每堂1.5小時,"：星期一 1630-1800, 星期二 1630-1800, 星期三 1630-1800, 星期四 1630-1800, 星期五 1630-1800, 時間可再商議","： 期望最快上課時間:3天內,粵語授課、全英文授課,不接受視像",0-5位導師,1/5/2026 下午1:27:00
219103,中一,"數學(英文),綜合科學(英文)",每小時$160 - 200,黃大仙(上門或視像皆可),2026-05-01 15:38:47,：九龍黃大仙盈鳳里*號消防處黃大仙員佐級已婚人員宿舍B座 *樓E室（地鐵站行5分鐘）,一星期1堂,每堂1小時,：,： 以主科為重,0-5位導師,1/5/2026 下午3:42:31
219102,小四,中文,每小時$170 - 290,西營盤(上門補習),2026-05-01 15:28:17,：縉城峰,一星期1堂,每堂1.5小時,"：星期一 1630-1800, 星期三 1630-1800, 星期六 1400-1800, 時間可再商議","： 期望最快上課時間:一個月內,粵語授課,不接受視像",0-5位導師,1/5/2026 下午3:42:32
219101,大專或以上 year1,國家語委普通話水平測試,每小時$180 - 200,視像補習,2026-05-01 15:24:59,,一星期3堂,每堂1小時,"：星期一 1600-2359, 星期二 0000-2359, 星期三 0000-1400, 星期五 0000-2359, 星期六 0000-2359, 星期日 1600-2359, 時間可再商議","： 短補, 有經驗, 幫助操練, 要考過國家語委普通話水平測試，時間ok可以每日補，補到6號,期望最快上課時間:3天內",0-5位導師,1/5/2026 下午3:42:33
219100,中五,英文,每小時$220,視像補習,2026-05-01 15:16:50,,一星期1堂,每堂1小時,"：星期四 1800-1900, 導師必須在以上時段補習","： 提供筆記, 提供練習／試題, 期望最快上課時間:3天內,粵語授課",0-5位導師,1/5/2026 下午3:42:34
219099,中三,物理(英文),每小時$200 - 250,視像補習,2026-05-01 15:12:57,,一星期1堂,每堂1.5小時,,"： 提供練習／試題, 彈性上堂 ,期望最快上課時間:7天內,粵語授課",0-5位導師,1/5/2026 下午3:42:35
219098,中一,"中文,中史,地理(英文)",每小時$160 - 200,黃大仙(上門或視像皆可),2026-05-01 14:38:09,：九龍黃大仙盈鳳里*號消防處黃大仙員佐級已婚人員宿舍B座 *樓E室（地鐵站行5分鐘）,一星期1堂,每堂1小時,：,： 以主科為重,0-5位導師,1/5/2026 下午3:42:37
219097,中三,"物理(英文),化學(英文),生物(英文)",每小時$160 - 230,荃灣(上門補習),2026-05-01 14:32:23,：石圍角邨,一星期1堂,每堂1.5小時,,： 不接受視像,0-5位導師,1/5/2026 下午3:42:38
219096,中三,英文,每小時$190 - 250,沙田(上門補習),2026-05-01 14:20:50,：碩門邨,一星期1堂,每堂1.5小時,"：星期二 1700-1830, 星期三 1830-2000, 星期五 1730-1900, 時間可再商議","： 嚴格, 有耐性, 提供練習／試題, 期望最快上課時間:7天內,粵語授課、全英文授課,不接受視像",0-5位導師,1/5/2026 下午3:42:40
219095,國際學校 year3,英文,每小時$310 - 380,元朗(上門補習),2026-05-01 14:12:56,：Yoho midtown,一星期2堂,每堂1.5小時,"：星期一 1730-1830, 星期二 1730-1830, 星期四 1730-1830, 星期五 1730-1830, 時間可再商議","： 有耐性, 有愛心, 全英語上堂, 期望最快上課時間:3天內,全英文授課,不接受視像",0-5位導師,1/5/2026 下午3:42:41
219093,中三,化學(英文),每小時$170 - 210,北角(上門補習),2026-05-01 13:58:35,：慧雲峯,一星期1堂,每堂2小時,"：星期五 1700-2000, 導師必須在以上時段補習","： 提供筆記, 提供練習／試題, 期望最快上課時間:3天內,全英文授課,不接受視像",0-5位導師,1/5/2026 下午3:42:42
219094,中三,生物(英文),每小時$170 - 210,北角(上門補習),2026-05-01 13:58:35,：慧雲峯,一星期1堂,每堂2小時,"：星期五 1700-2000, 導師必須在以上時段補習","： 提供筆記, 提供練習／試題, 期望最快上課時間:3天內,全英文授課,不接受視像",0-5位導師,1/5/2026 下午3:42:44
219092,中五,中文,每小時$300 - 350,坑口(上門補習),2026-05-01 13:27:36,：清水灣半島第三座**樓,一星期1堂,每堂1.5小時,：星期二 1800-2200,"： 【全職導師】,不接受視像",0-5位導師,1/5/2026 下午3:42:45
219106,中三,"化學(英文),生物(英文)",每小時$170 - 210,北角(上門補習),2026-05-01 16:47:10,：慧雲峯,一星期1堂,每堂2小時,,"： 提供筆記, 提供練習／試題, 主要是化學，期望最快上課時間:3天內,全英文授課,不接受視像",0-5位導師,1/5/2026 下午5:22:33
219105,中二,數學(英文),每小時$210 - 520,元朗(上門補習),2026-05-01 16:01:58,：朗城匯,一星期1堂,每堂2小時,"：星期六 1500-1800, 星期日 1500-1800, 時間可再商議","： 期望最快上課時間:一個月內,粵語授課、全英文授課,不接受視像",6-10位導師,1/5/2026 下午5:22:34
219104,中一,綜合科學(中文),每小時$180,視像補習,2026-05-01 15:45:52,,一星期1堂,每堂1.5小時,"：星期三 1800-2000, 時間可再商議","： 有耐性, 提供筆記, 短補, 主要大考前溫習,期望最快上課時間:一個月內,粵語授課",0-5位導師,1/5/2026 下午5:22:35
219112,中三,中文,每小時$280 - 300,"中環,上環,半山,灣仔(公眾地方)",2026-05-01 18:45:52,,一星期1堂,每堂1.5小時,"：星期六 10-12/16-19, 星期日 10-18, 時間可再商議","： 嚴格, 有耐性, 提供練習／試題, 提升對中文的興趣 特別是文言文,期望最快上課時間:一個月內,粵語授課,不接受視像",0-5位導師,1/5/2026 下午6:52:04
219111,中四,物理(英文),每小時$180 - 220,小瀝源(上門補習),2026-05-01 18:29:07,：沙田廣源邨,一星期1堂,每堂1.5小時,"：星期二 1700-1830, 導師必須在以上時段補習","： 長補, 針對學生弱項, 提升解題技巧, 有讀寫障礙,期望最快上課時間:7天內,粵語授課、全英文授課,有特殊學習需要,不接受視像",0-5位導師,1/5/2026 下午6:52:05
219107,小三,英文,每小時$160 - 190,油塘(上門補習),2026-05-01 17:31:23,：油麗邨卓麗樓,一星期3堂,每堂1.5小時,"：星期五 1700-1830, 星期日 1030-1330, 導師必須在以上時段補習","： 提供筆記, 提供練習／試題, 針對學生弱項, 期望最快上課時間:7天內,全英文授課,不接受視像",0-5位導師,1/5/2026 下午6:52:06
219108,小三,數學(英文),每小時$160 - 190,油塘(上門補習),2026-05-01 17:31:23,：油麗邨卓麗樓,一星期3堂,每堂1.5小時,"：星期五 1700-1830, 星期日 1030-1330, 導師必須在以上時段補習","： 提供筆記, 提供練習／試題, 針對學生弱項, 期望最快上課時間:7天內,全英文授課,不接受視像",0-5位導師,1/5/2026 下午6:52:08
219109,小三,中文,每小時$160 - 190,油塘(上門補習),2026-05-01 17:31:23,：油麗邨卓麗樓,一星期3堂,每堂1.5小時,"：星期五 1700-1830, 星期日 1030-1330, 導師必須在以上時段補習","： 提供筆記, 提供練習／試題, 針對學生弱項, 期望最快上課時間:7天內,粵語授課,不接受視像",0-5位導師,1/5/2026 下午6:52:09
219117,中一,數學(英文),每小時$180 - 220,柴灣(上門補習),2026-05-01 20:30:04,：柴灣翠灣街**號,一星期2堂,每堂1.5小時,"：星期二 1800-1930, 星期五 1800-1930, 時間可再商議","： 有耐性, 有愛心, 長補, 期望最快上課時間:7天內,粵語授課,不接受視像",0-5位導師,1/5/2026 下午9:26:52
219118,中一,綜合科學(英文),每小時$180 - 220,柴灣(上門補習),2026-05-01 20:30:04,：柴灣翠灣街**號,一星期2堂,每堂1.5小時,"：星期二 1800-1930, 星期五 1800-1930, 時間可再商議","： 有耐性, 有愛心, 長補, 期望最快上課時間:7天內,粵語授課,不接受視像",0-5位導師,1/5/2026 下午9:26:53
219116,中五,數學(英文),每小時$200 - 240,荔枝角(公眾地方),2026-05-01 20:03:13,：Starbucks或其他,一星期1堂,每堂1.5小時,"：星期六 1700-1830, 星期日 1700-1830, 時間可再商議","： 有耐性, 提供筆記, 提供練習／試題, 最好會講普通話,期望最快上課時間:7天內,全英文授課、普通話授課,不接受視像",0-5位導師,1/5/2026 下午9:26:54
219115,中五,M2(英文),每小時$200 - 350,荔枝角(公眾地方),2026-05-01 20:00:11,：Starbucks或其他公眾地方,一星期2堂,每堂1.5小時,"：星期一 1700-1830, 星期二 1700-1830, 星期三 1700-1830, 星期四 1700-1830, 星期五 1700-1830, 時間可再商議","： 有耐性, 提供筆記, 提供練習／試題, 最好會講普通話,期望最快上課時間:7天內,全英文授課、普通話授課,不接受視像",0-5位導師,1/5/2026 下午9:26:55
219113,中三,物理(英文),每小時$170 - 210,火炭(上門補習),2026-05-01 19:53:11,：星凯堤岸,一星期2堂,每堂1.5小時,"：星期三 1800-1930, 時間可再商議","： 提供練習／試題, 期望最快上課時間:3天內,粵語授課、全英文授課、普通話授課,有特殊學習需要,不接受視像",0-5位導師,1/5/2026 下午9:26:57
219114,中三,數學(英文),每小時$170 - 210,火炭(上門補習),2026-05-01 19:53:11,：星凯堤岸,一星期2堂,每堂1.5小時,"：星期三 1800-1930, 時間可再商議","： 提供練習／試題, 期望最快上課時間:3天內,粵語授課、全英文授課、普通話授課,有特殊學習需要,不接受視像",0-5位導師,1/5/2026 下午9:26:58
219121,中一,數學(中文),每小時$160 - 200,將軍澳(上門補習),2026-05-01 22:25:37,：廣明苑,一星期1堂,每堂1.5小時,"：星期三 1700-1830, 時間可再商議","： 期望最快上課時間:7天內,粵語授課,不接受視像",0-5位導師,1/5/2026 下午10:38:47
219120,小五,功課(中文),每小時$150 - 180,大埔(上門補習),2026-05-01 22:20:08,：天鑽（大埔火車站附近）,一星期2堂,每堂2.5小時,"：星期一 1715-1945, 星期三 1715-1945, 導師必須在以上時段補習","： 有愛心, 上課不可以玩手機, 願意支付額外交通金額(HKD): 20.00, 【一星期補4日，可分兩位導師各補2日，請申請時註明可補幾多天】期望最快上課時間:7天內,粵語授課,不接受視像",0-5位導師,1/5/2026 下午10:38:48
219122,中四,英文,每小時$250,元朗(上門補習),2026-05-01 22:14:19,：朗屏西鐵站行3分鐘,一星期1堂,每堂1.5小時,"：星期一 1800-2000, 星期五 1730-2000, 時間可再商議","： 提供筆記, 引起學生學習興趣, 提升解題技巧, 期望最快上課時間:一個月內,粵語授課,不接受視像",0-5位導師,1/5/2026 下午10:38:49
219119,中五,數學(中文),每小時$250 - 290,天水圍(上門補習),2026-05-01 21:42:56,：.,一星期1堂,每堂1.5小時,,,6-10位導師,1/5/2026 下午10:38:50
219124,中五,M2(英文),每小時$200 - 240,銅鑼灣(公眾地方),2026-05-01 23:29:59,：禮頓中心starbucks,一星期1堂,每堂1.5小時,"：星期一 1630-, 星期二 1630-, 星期三 1630-, 星期六 1600-, 星期日 1000-, 時間可再商議","： 期望最快上課時間:3天內,粵語授課、全英文授課,不接受視像",0-5位導師,1/5/2026 下午11:39:23
219123,中三,"中文,中史",每小時$170,新蒲崗(上門補習),2026-05-01 22:42:32,：九龍彩虹道***號彩頤花園*座**樓E室,一星期1堂,每堂2小時,"：星期二 1900-2100, 星期四 1900-2100, 星期日 1300-2100, 時間可再商議","： 嚴格, 有耐性, 提供練習／試題, 期望最快上課時間:7天內,粵語授課,不接受視像",0-5位導師,1/5/2026 下午11:39:24
219126,中五,化學(英文),每小時$200 - 240,銅鑼灣(公眾地方),2026-05-02 00:00:51,：禮頓道starbucks,一星期1堂,每堂1.5小時,"：星期一 1630-, 星期二 1630-, 星期三 1630-, 星期六 1600-, 星期日 1000-, 時間可再商議","： 期望最快上課時間:3天內,粵語授課、全英文授課,不接受視像",0-5位導師,2/5/2026 上午12:39:04
219125,中五,英文,每小時$220 - 260,"銅鑼灣,灣仔(公眾地方)",2026-05-01 23:52:44,,一星期1堂,每堂1.5小時,"：星期五 1630-1800, 星期六 1400-1600, 時間可再商議","： 有耐性, 提供筆記, 提升解題技巧, 對英文十分抗拒，不清楚自己不會什麼，需要以中文教英文,期望最快上課時間:2星期內,粵語授課,不接受視像",0-5位導師,2/5/2026 上午12:39:06
219127,中四,經濟(英文),每小時$180 - 250,大埔(上門補習),2026-05-02 01:46:09,：富亨村,一星期1堂,每堂1.5小時,"：星期一 0, 星期二 0, 星期三 0, 星期四 0, 星期五 1800-2100, 星期六 1600-2100, 星期日 1500-1900, 時間可再商議","： 有耐性, 長補, 有經驗, 補底,期望最快上課時間:3天內,粵語授課,不接受視像",0-5位導師,2/5/2026 上午2:48:02
219128,中五 (3人),英文,每小時$220,柴灣(公眾地方),2026-05-02 03:50:28,：青年廣場,一星期2堂,每堂1.5小時,"：星期一 1800-2000, 星期三 1800-2000, 星期四 1800-2000, 星期六 1800-2000, 時間可再商議","： 長補, 幫助操練, 期望最快上課時間:7天內,粵語授課、全英文授課、普通話授課,不接受視像",0-5位導師,2/5/2026 上午3:57:29
219129,中一,中文,每小時$160 - 200,北角(上門補習),2026-05-02 05:23:09,：富澤花園,一星期2堂,每堂1.5小時,"：星期二 2000-2100, 星期六 2000-2100, 星期日 2000-2100, 時間可再商議","： 期望最快上課時間:7天內,粵語授課,不接受視像",0-5位導師,2/5/2026 上午6:02:00
219140,N班,英文,每小時$180 - 220,大角咀(上門補習),2026-05-02 11:37:47,：One SilverSea,一星期1堂,每堂1小時,"：星期六 830-930am, 星期日 830-930am, 導師必須在以上時段補習","： 有耐性, 有愛心, 長補, 教3歲，不接受視像",0-5位導師,2/5/2026 上午11:45:59
219139,N班,普通話,每小時$160 - 200,大角咀(上門補習),2026-05-02 11:35:55,：One SilverSea,一星期1堂,每堂1小時,"：星期二 345-445, 星期四 345-445, 導師必須在以上時段補習","： 有耐性, 有愛心, 長補, 教3歲,不接受視像",0-5位導師,2/5/2026 上午11:46:00
219136,小四,"英文,數學(英文)",每小時$150 - 180,荃灣(上門補習),2026-05-02 11:26:49,：海濱花園,一星期1堂,每堂3小時,"：星期六 11-1300, 導師必須在以上時段補習",： 不接受視像,0-5位導師,2/5/2026 上午11:46:01
219138,中二,中文,每小時$160 - 300,荃灣(上門補習),2026-05-02 11:26:14,：地鐵站5分鐘,一星期1堂,每堂1.5小時,"：星期六 0900-1030, 時間可再商議","： 提供練習／試題, 期望最快上課時間:3天內,粵語授課,不接受視像",0-5位導師,2/5/2026 上午11:46:02
219137,小二,英文,每小時$160 - 190,沙田(上門補習),2026-05-02 11:21:47,：禾輋村,一星期1堂,每堂1.5小時,"：星期一 1630-1900, 星期二 1630-1900, 星期三 1630-1900, 星期四 1630-1900, 星期五 1630-1900, 導師必須在以上時段補習","： 有耐性, 提供筆記, 提供練習／試題, 期望最快上課時間:7天內,粵語授課、全英文授課,不接受視像",0-5位導師,2/5/2026 上午11:46:04
219135,小五,中文,每小時$150 - 180,沙田(上門或視像皆可),2026-05-02 10:53:06,：恆峰花園,一星期2堂,每堂2小時,"：星期一 4:30PM, 星期六 10:30AM, 導師必須在以上時段補習",： 【視像的話請在申請時註明清楚】,0-5位導師,2/5/2026 上午11:46:05
219134,小一,英文,每小時$160 - 200,油麻地(上門補習),2026-05-02 10:36:22,：炮台街,一星期2堂,每堂1.5小時,"：星期五 1530-1430, 星期六 1530-1700, 星期日 1530-1700, 時間可再商議","： 有耐性, 學習後很容易遺忘,期望最快上課時間:3天內,粵語授課、全英文授課,急單補習(需要在兩天內開始上第一堂課),不接受視像",0-5位導師,2/5/2026 上午11:46:06
219133,中四,生物(英文),每小時$180 - 220,沙田(上門補習),2026-05-02 10:32:33,：大圍,一星期2堂,每堂1.5小時,,,0-5位導師,2/5/2026 上午11:46:08
219131,中四,中文,每小時$180 - 300,視像補習,2026-05-02 10:06:19,,一星期2堂,每堂1.5小時,"：星期二 1830-2000, 星期三 1830-2000, 星期四 1830-2000, 星期五 1830-2000, 星期日 0900-2000, 時間可再商議","： 提供練習／試題, 有經驗, 提升寫作能力, 期望最快上課時間:2星期內,粵語授課",6-10位導師,2/5/2026 上午11:46:09
219130,小一,中文,每小時$140 - 180,觀塘(上門補習),2026-05-02 08:33:24,：觀塘寶達邨,一星期1堂,每堂1.5小時,,,0-5位導師,2/5/2026 上午11:46:10
219151,中一,"中文,數學(英文)",每小時$170 - 250,屯門(上門補習),2026-05-02 13:46:12,：時代廣場,一星期1堂,每堂1.5小時,,"： 嚴格, 提供練習／試題, 長補, 不接受視像",0-5位導師,2/5/2026 下午1:57:26
219152,中三,物理(英文),每小時$170 - 400,奧運(上門補習),2026-05-02 13:41:14,：柏景灣,一星期1堂,每堂2小時,"：星期一 1700-1900, 星期六 1400-1700, 星期日 1100-1700, 時間可再商議","： 有耐性, 補底提分應付考試,期望最快上課時間:3天內,粵語授課、全英文授課,急單補習(需要在兩天內開始上第一堂課)",0-5位導師,2/5/2026 下午1:57:27
219150,小三,全科(中文),每小時$140 - 250,西營盤(上門補習),2026-05-02 13:40:30,：均益二期,一星期1堂,每堂1.5小時,"：星期一 1600-1830, 星期三 1600-1830, 星期四 1600-1830, 星期五 1600-1830, 星期六 1100-1400, 星期日 1100-1400, 時間可再商議","： 全職導師, 針對學生弱項,有經驗，有練習，主要係一年三考，考試前每一天都希望老師可以來補習第二日需要考試嘅科目,粵語授課,不接受視像",0-5位導師,2/5/2026 下午1:57:28
219148,小四,數學(中文),每小時$180 - 220,大窩口(上門補習),2026-05-02 13:24:57,：Kwan mun hau tsuen,一星期1堂,每堂1.5小時,"：星期一 1535, 星期二 1535, 星期四 1630, 星期五 1630, 時間可再商議","： 嚴格, 有耐性, 有經驗, 期望最快上課時間:7天內,粵語授課,不接受視像",0-5位導師,2/5/2026 下午1:57:29
219149,中五 (2人),生物(中文),每小時$200 - 250,馬鞍山(上門補習),2026-05-02 13:19:35,：耀安邨,一星期1堂,每堂1.5小時,"：星期五 1700-2000, 星期六 1700-2000, 星期日 1400-1900, 時間可再商議","： 提供筆記, 提供練習／試題, 有經驗, 期望最快上課時間:一個月內,粵語授課,不接受視像",0-5位導師,2/5/2026 下午1:57:30
219147,國際學校 year12,Economics SL(英文),每小時$430 - 500,北角(上門補習),2026-05-02 12:45:04,：慧雅閣,一星期1堂,每堂2小時,"：星期一 1630-2100, 星期二 1800-2100, 星期三 1600-2100, 星期四 1800-2100, 星期五 1630-2100, 星期六 0900-2000, 星期日 0900-2000, 時間可再商議","： 需全英上堂，期望最快上課時間:2星期內,不接受視像",0-5位導師,2/5/2026 下午1:57:31
219146,小三,全科(英文),每小時$150 - 200,東涌(上門補習),2026-05-02 12:34:10,：裕雅苑,一星期3堂,每堂1.5小時,：,"： 中文比較差,讀緊喇沙小學，成績一般/中游,導師需嚴肅但溫柔，不能太惡，不接受視像",0-5位導師,2/5/2026 下午1:57:32
219145,中四,西史(英文),每小時$180 - 230,九龍塘(上門補習),2026-05-02 12:23:54,,一星期1堂,每堂2小時,"：星期二 1700, 星期四 1700",： 不接受視像,0-5位導師,2/5/2026 下午1:57:34
219144,中五,M2(中文),每小時$200 - 230,銅鑼灣(上門或視像皆可),2026-05-02 12:13:42,：禮頓道,一星期2堂,每堂1.5小時,,,0-5位導師,2/5/2026 下午1:57:35
219143,小五,全科(中文),每小時$160 - 220,屯門(上門補習),2026-05-02 12:09:02,：時代廣場,一星期3堂,每堂1.5小時,"：星期一 1930-2100, 星期三 1930-2100, 星期五 1930-2100, 導師必須在以上時段補習","： 嚴格, 提供練習／試題, 長補, 不接受視像",0-5位導師,2/5/2026 下午1:57:37
219142,自修生,數學(中文),每小時$250,牛頭角(上門補習),2026-05-02 12:01:19,：百富閣,一星期1堂,每堂1.5小時,"：星期二 1500-1630, 時間可再商議","： 【必須是上門】retake2027DSE,暫定4月尾開始，不接受視像",0-5位導師,2/5/2026 下午1:57:37
219141,中五,"中文,公民與社會發展科(英文)",每小時$250,青衣(上門補習),2026-05-02 11:53:30,：Tsing Yi Garden,一星期1堂,每堂2小時,"：星期日 2-4, 時間可再商議","： 有耐性, 提供練習／試題, 有經驗, 中大/港大/科大的導師；粵語授課、全英文授課,不接受視像",0-5位導師,2/5/2026 下午1:57:39
219161,小六,全科(英文),每小時$170 - 180,牛頭角(上門補習),2026-05-02 15:51:28,：Lok Nga Court,一星期2堂,每堂1.5小時,,"： 補全科，導師需住附近，中英文成績較好，同學數學是英文卷,不接受視像",0-5位導師,2/5/2026 下午3:56:09
219160,小四,英文,每小時$170 - 210,沙田(上門補習),2026-05-02 15:32:23,：沙角邨,一星期1堂,每堂1.5小時,"：星期五 1600-1700, 星期六 1530-1630, 時間可再商議","： 有耐性, 提供練習／試題, 期望最快上課時間:7天內,粵語授課,不接受視像",0-5位導師,2/5/2026 下午3:56:10
219158,中二,中文,每小時$210 - 250,天水圍(公眾地方),2026-05-02 15:29:23,：嘉湖山莊會所（樂湖居）,一星期1堂,每堂1.5小時,"：星期日 1300, 時間可再商議","： 提供筆記, 提供練習／試題, 長補, 閱讀理解及文言文十分之弱,期望最快上課時間:3天內,粵語授課,不接受視像",0-5位導師,2/5/2026 下午3:56:11
219159,中二,數學(英文),每小時$210 - 250,天水圍(公眾地方),2026-05-02 15:29:23,：嘉湖山莊會所（樂湖居）,一星期1堂,每堂1.5小時,"：星期日 1300, 時間可再商議","： 提供筆記, 提供練習／試題, 長補, 閱讀理解及文言文十分之弱,期望最快上課時間:3天內,粵語授課,不接受視像",0-5位導師,2/5/2026 下午3:56:12
219157,中一,英文,每小時$230 - 270,天水圍(上門補習),2026-05-02 15:14:16,：嘉湖山莊,一星期1堂,每堂1.5小時,"：星期二 1700-1800, 星期四 1700-1800, 導師必須在以上時段補習","： 有耐性, 住附近導師，期望最快上課時間:一個月內,全英文授課,不接受視像",0-5位導師,2/5/2026 下午3:56:13
219156,小一,功課(英文),每小時$120 - 230,黃埔(上門補習),2026-05-02 15:05:12,：黃埔花園,一星期2堂,每堂2小時,"：星期一 1530-1730, 星期三 1530-1730, 導師必須在以上時段補習","： 有耐性, 提供筆記, 提供練習／試題, 粵語授課,不接受視像",0-5位導師,2/5/2026 下午3:56:15
219154,小二,"英文,數學(英文)",每小時$150 - 170,堅尼地城(上門補習),2026-05-02 14:47:32,,一星期1堂,每堂1.5小時,,： 住西環的導師，不接受視像,0-5位導師,2/5/2026 下午3:56:16
219155,year10,Chemistry(英文),每小時$380,薄扶林(上門補習),2026-05-02 14:45:34,：碧瑤灣,一星期1堂,每堂1.5小時,"：星期一 1630-1800, 星期二 1630-1800, 星期三 1630-1800, 星期四 1630-1800, 星期五 1630-1800, 時間可再商議","： , 學生懂得廣東話, 只需教授Chemistry 學科內容, 不需負責IGCSE考試,期望最快上課時間:3天內,會考慮HKDSE導師,不接受視像",0-5位導師,2/5/2026 下午3:56:18
219153,小四,英文,每小時$200 - 240,西營盤(上門補習),2026-05-02 14:34:45,：金陵閣,一星期1堂,每堂1.5小時,,"： 有耐性, 提供筆記, Level 5導師，星期六早上優先，次為星期六下午，期望最快上課時間:2星期內,粵語授課,不接受視像",0-5位導師,2/5/2026 下午3:56:19
219163,中四,M2(英文),每小時$180 - 310,觀塘(上門補習),2026-05-02 16:56:07,：安泰邨,一星期2堂,每堂2小時,"：星期六 1500-1700, 導師必須在以上時段補習","： 有耐性, 有愛心, 期望最快上課時間:7天內,粵語授課,不接受視像",0-5位導師,2/5/2026 下午5:13:33
219162,中三,數學(英文),每小時$210 - 250,屯門(上門補習),2026-05-02 16:55:59,：兆康苑,一星期1堂,每堂1小時,,"： 期望最快上課時間:2星期內,粵語授課,不接受視像",0-5位導師,2/5/2026 下午5:13:34
219165,中三,經濟(英文),每小時$250 - 300,啟德(上門補習),2026-05-02 18:03:23,：啟德MiAMIQUAY *座,一星期1堂,每堂1.5小時,,： 有补习经验的不接受視像 不会讲粤语 希望老师会普通话讲课；老师准时的上课 尽量不请假的;,0-5位導師,2/5/2026 下午6:12:29
219164,中三,英文,每小時$190 - 230,沙田(上門補習),2026-05-02 17:38:32,：Shatin,一星期1堂,每堂1.5小時,,,0-5位導師,2/5/2026 下午6:12:30
219166,40+歲,I would like to talk to Tutor in English.,每小時$280 - 600,尖沙咀(公眾地方),2026-05-02 18:28:24,,一星期2堂,每堂1小時,"：星期一 1900-2400, 星期二 1900-2400, 星期三 1900-2400, 星期四 1900-2400, 星期五 1900-2400, 星期六 1300-2400, 星期日 2100-2400, 時間可再商議","： 有愛心, 有特殊學習需要, 急單補習(需要在兩天內開始上第一堂課), 不接受視像,期望最快上課時間:2星期內",0-5位導師,2/5/2026 下午7:09:43
219168,year10,Chinese,每小時$330 - 400,旺角(上門補習),2026-05-02 19:24:58,：廣華街**號,一星期2堂,每堂1.5小時,"：星期二 1800-2100, 星期四 1900-2130, 星期日 1900-2130, 時間可再商議","： 提供練習／試題, 有經驗, 提升解題技巧, 期望最快上課時間:7天內,會考慮HKDSE導師,不接受視像",0-5位導師,2/5/2026 下午8:00:20
219167,中五,數學(英文),每小時$200 - 380,"深水埗,長沙灣,荔枝角,南昌,旺角,太子,奧運(公眾地方)",2026-05-02 19:12:13,,一星期2堂,每堂2小時,"：星期一 1700-2100, 星期二 1700-2100, 星期三 1700-2100, 星期四 1700-2100, 星期五 1700-2100, 星期六 1300-2100, 星期日 1300-2100, 時間可再商議","： 提供筆記, 提供練習／試題, 針對學生弱項, 期望最快上課時間:3天內,粵語授課,不接受視像",11-15位導師,2/5/2026 下午8:00:22
219170,中四,生物(英文),每小時$180 - 220,沙田(上門補習),2026-05-02 20:56:42,：大圍,一星期2堂,每堂1.5小時,,,0-5位導師,2/5/2026 下午9:42:42
219169,中四,數學(英文),每小時$230 - 240,香港仔(上門補習),2026-05-02 20:04:41,：香港仔中心,一星期1堂,每堂1.5小時,"：星期一 1615-2000, 星期二 1615-2000, 星期三 1615-2000, 星期五 1615-1900, 時間可再商議","： 期望最快上課時間:3天內,粵語授課,不接受視像",0-5位導師,2/5/2026 下午9:42:43
219171,40+歲,英文,每小時$220 - 600,尖沙咀(公眾地方),2026-05-02 22:00:32,,一星期2堂,每堂2小時,"：星期一 1900-2400, 星期二 1900-2400, 星期三 1900-2400, 星期四 1900-2400, 星期五 1900-2400, 星期六 1300-2400, 星期日 2100-2400, 時間可再商議","： 有愛心, Full English授課, 急單補習(需要在兩天內開始上第一堂課), 不接受視像,期望最快上課時間:2星期內",0-5位導師,2/5/2026 下午10:36:24
219172,中四,中文,每小時$180 - 220,筲箕灣(公眾地方),2026-05-02 21:57:15,,一星期2堂,每堂1.5小時,"：星期四 1730-1830, 時間可再商議","： 期望最快上課時間:7天內,粵語授課,不接受視像",0-5位導師,2/5/2026 下午10:36:25
219175,中四,地理(中文),每小時$200 - 260,九龍灣(公眾地方),2026-05-02 23:14:07,：九龍區地方都可以,一星期2堂,每堂2小時,"：星期二 1700-1900, 星期六 1700-1900, 星期日 1700-1900, 時間可再商議","： 有耐性, 提供筆記, 緊貼學校進度, 期望最快上課時間:3天內,粵語授課,不接受視像",0-5位導師,2/5/2026 下午11:30:36
219174,中五,英文,每小時$220 - 260,視像補習,2026-05-02 22:42:56,,一星期1堂,每堂2小時,"：星期一 1700-1900, 時間可再商議","： 提供筆記, 有經驗, 針對學生弱項, 導師DSE英文 5*/5**，兩年補習經驗或以上,期望最快上課時間:7天內,粵語授課、全英文授課",6-10位導師,2/5/2026 下午11:30:37
219173,小五,全科(英文),每小時$230 - 280,大埔(上門補習),2026-05-02 22:40:34,：富亨邨,一星期1堂,每堂1.5小時,,"： 主要幫中文記字，小朋友成績好穩固呈分試,不接受視像",0-5位導師,2/5/2026 下午11:30:38
219177,中四,數學(中文),每小時$180 - 300,西灣河(公眾地方),2026-05-02 23:57:46,,一星期2堂,每堂2小時,"：星期一 1700-1800, 時間可再商議","： 期望最快上課時間:7天內,粵語授課,不接受視像",0-5位導師,3/5/2026 上午12:27:14
219176,中四,物理(中文),每小時$180 - 220,視像補習,2026-05-02 23:48:33,,一星期1堂,每堂2小時,"：星期五 19002100, 星期六 14001600, 時間可再商議","： 有耐性, 有經驗, 可以WeChat沟通,期望最快上課時間:3天內,普通話授課",0-5位導師,3/5/2026 上午12:27:15
219178,小二,英文,每小時$160 - 200,觀塘(上門補習),2026-05-03 02:38:36,：翠屏北邨翠楊樓,一星期2堂,每堂1.5小時,,,0-5位導師,3/5/2026 上午3:29:03
219179,中四,英文,每小時$240,西灣河(上門補習),2026-05-03 04:30:02,：東熹苑,一星期1堂,每堂1.5小時,"：星期三 1730-1900, 星期六 1500-1999, 時間可再商議","： 提供筆記, 提供練習／試題, 幫助操練, 期望最快上課時間:1個月後,粵語授課",0-5位導師,3/5/2026 上午4:59:15
219180,中五,數學(中文),每小時$200 - 240,視像補習,2026-05-03 08:21:44,,一星期1堂,每堂1.5小時,"：星期日 1100-1200, 導師必須在以上時段補習","： 期望最快上課時間:7天內,粵語授課",6-10位導師,3/5/2026 上午9:19:32
219188,中一,數學(英文),每小時$120 - 230,兆康(上門補習),2026-05-03 12:25:07,：寶華花園三期,一星期1堂,每堂1.5小時,,"： 有經驗, 不接受視像, 需要5-10年補習經驗的導師",0-5位導師,3/5/2026 下午12:52:59
219187,中五,會計(中文),每小時$160 - 260,視像補習,2026-05-03 11:34:09,,一星期1堂,每堂1.5小時,,"： 嚴格, 有耐性, 提供筆記, 不要大學生導師 週末上堂, 需要5**導師【內地補習機構找視像補習導師教學，一對一補習（學生對象可能有變動），需流利普通話教學，會用到微信溝通，月繳為主(payment team可以商量)】，普通話授課",0-5位導師,3/5/2026 下午12:53:00
219186,中五,會計(英文),每小時$200 - 240,視像補習,2026-05-03 11:17:04,,一星期1堂,每堂1.5小時,"：星期一 2030-2200, 時間可再商議","： 提供筆記, 有經驗, 期望最快上課時間:7天內,粵語授課",0-5位導師,3/5/2026 下午12:53:02
219184,小三,中文,每小時$140 - 220,沙田(上門補習),2026-05-03 10:05:50,：愉翠苑,一星期2堂,每堂1.5小時,"：星期二 1615-1715, 星期五 1600-1700, 時間可再商議","： 期望最快上課時間:3天內,粵語授課,不接受視像",6-10位導師,3/5/2026 下午12:53:03
219183,中四,中文,每小時$180 - 220,九龍城(上門補習),2026-05-03 09:57:00,：豪門 近宋皇台地鐵站,一星期1堂,每堂2小時,"：星期六 1000-1200,1700-1800, 星期日 1000-1800, 時間可再商議","： 有經驗, 提升閱讀能力, 提升解題技巧, 期望最快上課時間:一個月內,粵語授課",0-5位導師,3/5/2026 下午12:53:04
219181,小四,數學(中文),每小時$140 - 240,荃灣(上門補習),2026-05-03 09:44:17,：海濱花園,一星期2堂,每堂2小時,"：星期一 1730-1900, 星期二 1730-1900, 星期三 1830-2000, 星期四 1830-2000, 星期五 1730-1900, 時間可再商議","： 有耐性, 提供筆記, 針對學生弱項, 期望最快上課時間:3天內,粵語授課,不接受視像",6-10位導師,3/5/2026 下午12:53:05
219194,自修生,Mathematics(英文),每小時$250 - 350,西環(上門或視像皆可),2026-05-03 15:11:01,：Starbucks,一星期1堂,每堂2小時,"：星期一 1000-1700, 星期二 1000-2200, 星期三 1000-1500, 星期四 1000-1500, 星期五 1000-1600, 星期日 1000-2200, 時間可再商議","： Currently studying in University, self-studying IAL,期望最快上課時間:2星期內,會考慮HKDSE導師,會考慮HKDSE導師",0-5位導師,3/5/2026 下午3:16:41
219195,自修生,Chemistry(英文),每小時$250 - 350,西環(上門或視像皆可),2026-05-03 15:11:01,：Starbucks,一星期1堂,每堂2小時,"：星期一 1000-1700, 星期二 1000-2200, 星期三 1000-1500, 星期四 1000-1500, 星期五 1000-1600, 星期日 1000-2200, 時間可再商議","： Currently studying in University, self-studying IAL,期望最快上課時間:2星期內,會考慮HKDSE導師,會考慮HKDSE導師",0-5位導師,3/5/2026 下午3:16:42
219196,自修生,Physics(英文),每小時$250 - 350,西環(上門或視像皆可),2026-05-03 15:11:01,：Starbucks,一星期1堂,每堂2小時,"：星期一 1000-1700, 星期二 1000-2200, 星期三 1000-1500, 星期四 1000-1500, 星期五 1000-1600, 星期日 1000-2200, 時間可再商議","： Currently studying in University, self-studying IAL,期望最快上課時間:2星期內,會考慮HKDSE導師,會考慮HKDSE導師",0-5位導師,3/5/2026 下午3:16:43
219193,小四,中文,每小時$150 - 190,將軍澳(上門補習),2026-05-03 14:29:11,：翠林邨,一星期2堂,每堂1.5小時,"：星期三 1600-1730, 星期六 1600-1800, 時間可再商議","： 有耐性, 願意支付額外交通金額(HKD): 20.00, 有中文讀寫障礙,期望最快上課時間:7天內,粵語授課,有特殊學習需要,不接受視像",0-5位導師,3/5/2026 下午3:16:44
219191,中三,英文,每小時$190 - 230,大坑(上門補習),2026-05-03 13:42:28,：莊苑,一星期1堂,每堂1.5小時,"：星期五 1800-1930, 星期六 1100-1800, 星期日 1100-1800","： 提供筆記, 有經驗, 粵語授課、全英文授課,不接受視像",0-5位導師,3/5/2026 下午3:16:46
219192,小二,英文,每小時$160 - 200,馬鞍山(上門補習),2026-05-03 13:41:31,：錦鞍苑,一星期3堂,每堂1.5小時,"：星期五 17-1800, 時間可再商議","： 期望最快上課時間:7天內,全英文授課,不接受視像",0-5位導師,3/5/2026 下午3:16:47
219190,小六,中文,每小時$150 - 190,康城(上門補習),2026-05-03 13:32:23,：Sea to sky,一星期1堂,每堂1.5小時,"：星期四 1900-2030, 時間可再商議","： 提供練習／試題, 針對學生弱項, 提升解題技巧, 期望最快上課時間:3天內,粵語授課,不接受視像",0-5位導師,3/5/2026 下午3:16:48
219189,中五,英文,每小時$220 - 350,寶琳(上門補習),2026-05-03 12:37:45,：新都城三期 地鐵行3分鐘,一星期1堂,每堂2小時,"：星期一 1630-1930, 星期五 1630-1930, 星期六 1300-1800, 時間可再商議","： 針對學生弱項, 提升解題技巧, 了解學生不足, 想補底 而家大概Level 2 目標上升4 有心讀 希望可以根據我嘅程度去教同埋比練習,期望最快上課時間:7天內,粵語授課,不接受視像",6-10位導師,3/5/2026 下午3:16:50
219197,中五,數學(中文),每小時$200 - 300,東涌(上門補習),2026-05-03 16:33:09,：東涌裕雅苑,一星期1堂,每堂1.5小時,"：星期六 2-5, 導師必須在以上時段補習",： 不接受視像,0-5位導師,3/5/2026 下午4:59:20
219201,中四,數學(英文),每小時$180 - 310,觀塘(上門補習),2026-05-03 18:05:27,：安泰邨,一星期2堂,每堂2小時,"：, 導師必須在以上時段補習","： 有耐性, 有愛心, 期望最快上課時間:7天內,粵語授課,不接受視像",0-5位導師,3/5/2026 下午6:13:15
219200,中四,"生物(英文),化學(英文)",每小時$230 - 270,屯門(上門補習),2026-05-03 18:03:35,：瓏門,一星期1堂,每堂1.5小時,"：星期六 930-1100, 星期日 930-1100, 導師必須在以上時段補習","： 有耐性, 提供筆記, 提供練習／試題, 期望最快上課時間:7天內,全英文授課、粵語授課,不接受視像",0-5位導師,3/5/2026 下午6:13:16
219198,中三,英文,每小時$190 - 380,視像補習,2026-05-03 16:55:02,,一星期2堂,每堂1.5小時,"：星期二 2000-2230, 星期五 2000-2300, 星期六 1300-2300, 星期日 1500-1830, 導師必須在以上時段補習","： 有耐性, 細心, 緊貼學校進度, 學生理解能力有限,期望最快上課時間:7天內,全英文授課",6-10位導師,3/5/2026 下午6:13:18
219204,中四,"地理(英文),經濟(英文)",每小時$250 - 350,赤柱(上門補習),2026-05-03 18:40:41,：東頭灣里**號L座,一星期1堂,每堂2小時,,"： 全職導師, 期望最快上課時間:7天內,粵語授課,不接受視像, 提供筆記，提供練習，有經驗",0-5位導師,3/5/2026 下午7:09:23
219203,中四,會計(中文),每小時$180 - 220,慈雲山(公眾地方),2026-05-03 18:31:51,：慈雲山中心,一星期2堂,每堂1.5小時,"：星期六 1500-1630, 時間可再商議","： 期望最快上課時間:3天內,粵語授課,不接受視像",0-5位導師,3/5/2026 下午7:09:24
219202,中四,經濟(中文),每小時$180 - 200,慈雲山(公眾地方),2026-05-03 18:27:30,：慈云山中心,一星期2堂,每堂1.5小時,"：星期五 1630-1800, 時間可再商議","： 期望最快上課時間:3天內,粵語授課,不接受視像",0-5位導師,3/5/2026 下午7:09:25
219205,中三,中文,每小時$170 - 1200,視像補習,2026-05-03 19:24:38,,一星期2堂,每堂2小時,"：星期一 1630-2100, 星期二 1630-2100, 星期三 1630-2100, 星期四 1630-2100, 星期日 1100-2100, 時間可再商議","： 有耐性, 提供筆記, 提供練習／試題, 期望最快上課時間:3天內,粵語授課",0-5位導師,3/5/2026 下午7:58:08
219206,中三,數學(英文),每小時$170 - 1200,視像補習,2026-05-03 19:24:38,,一星期2堂,每堂2小時,"：星期一 1630-2100, 星期二 1630-2100, 星期三 1630-2100, 星期四 1630-2100, 星期日 1100-2100, 時間可再商議","： 有耐性, 提供筆記, 提供練習／試題, 期望最快上課時間:3天內,粵語授課、全英文授課",0-5位導師,3/5/2026 下午7:58:09
219214,小五,英文,每小時$150,烏溪沙(上門補習),2026-05-03 21:23:41,：烏溪沙地鐵行5分鐘,一星期1堂,每堂1.5小時,,： 不接受視像,0-5位導師,3/5/2026 下午9:42:20
219213,中五,數學(英文),每小時$200 - 250,視像補習,2026-05-03 21:16:29,,一星期2堂,每堂1.5小時,"：星期一 1800-1930, 星期六 1800-1930, 時間可再商議","： 有耐性, 提供筆記, 有經驗, 期望最快上課時間:3天內,粵語授課,急單補習(需要在兩天內開始上第一堂課)",11-15位導師,3/5/2026 下午9:42:22
219212,year9,Biology(英文),每小時$180 - 430,康城(上門補習),2026-05-03 20:58:48,：Monrara,一星期1堂,每堂1.5小時,"：星期二 1700-1800, 星期四 1700-1800, 星期日 1000-1300, 時間可再商議","： 期望最快上課時間:3天內,會考慮HKDSE導師",0-5位導師,3/5/2026 下午9:42:23
219211,中二,數學(英文),每小時$160 - 180,油麻地(上門補習),2026-05-03 20:48:21,：寶亨大廈,一星期1堂,每堂1.5小時,"：星期四 1700-1830, 導師必須在以上時段補習","： 有耐性, 提供筆記, 提供練習／試題, 期望最快上課時間:7天內,粵語授課,不接受視像",0-5位導師,3/5/2026 下午9:42:24
219210,中三,經濟(英文),每小時$200 - 300,視像補習,2026-05-03 20:42:29,,一星期1堂,每堂2小時,"：星期日 1030-1230, 時間可再商議","： 期望最快上課時間:7天內,粵語授課、全英文授課",0-5位導師,3/5/2026 下午9:42:25
219209,小三,英文,每小時$160 - 200,荃灣(上門補習),2026-05-03 20:09:33,：綠楊新邨,一星期1堂,每堂1.5小時,,"： 星期六9:30至11點，期望最快上課時間:2星期內,粵語授課,不接受視像",0-5位導師,3/5/2026 下午9:42:26
219207,year11,Economics(英文),每小時$380 - 420,黃埔(上門補習),2026-05-03 19:55:14,：海逸豪園（步行8分鐘）,一星期2堂,每堂2小時,"：星期三 2000-2200, 星期四 1600-2200, 星期五 1600-2200, 星期六 1600-2200, 星期日 1400-2200, 時間可再商議","： 嚴格, 提供練習／試題, 有經驗, 期望最快上課時間:3天內",0-5位導師,3/5/2026 下午9:42:28
219208,year11,Chemistry(英文),每小時$380 - 420,黃埔(上門補習),2026-05-03 19:55:14,：海逸豪園（步行8分鐘）,一星期2堂,每堂2小時,"：星期三 2000-2200, 星期四 1600-2200, 星期五 1600-2200, 星期六 1600-2200, 星期日 1400-2200, 時間可再商議","： 嚴格, 提供練習／試題, 有經驗, 期望最快上課時間:3天內,粵語授課",0-5位導師,3/5/2026 下午9:42:29
219219,中六,英文,每小時$260,北角(公眾地方),2026-05-03 22:30:39,,一星期1堂,每堂2小時,"：星期日 1500-1600, 時間可再商議","： 有耐性, 提供筆記, 提供練習／試題, 期望最快上課時間:7天內,粵語授課,【中六DSE只收取一星期費用】,不接受視像",0-5位導師,3/5/2026 下午10:36:03
219218,中三,英文,每小時$190 - 220,荃灣(上門補習),2026-05-03 22:24:53,：麗城花園,一星期1堂,每堂2小時,"：星期日 1530-1730, 時間可再商議","： 期望最快上課時間:7天內,粵語授課、全英文授課,不接受視像",0-5位導師,3/5/2026 下午10:36:04
219217,中五,物理(中文),每小時$200 - 700,視像補習,2026-05-03 22:20:47,,一星期1堂,每堂1小時,"：星期二 1900-2000, 時間可再商議","： 提供筆記, 提升解題技巧, 物理在大陆有上到中三，中四开始还不错，第三学期开始之后就没怎么跟了,期望最快上課時間:2星期內,粵語授課、普通話授課",0-5位導師,3/5/2026 下午10:36:05
219215,中五,英文,每小時$250-300,屯門(上門或視像皆可),2026-05-03 22:03:47,：悅湖山莊,一星期1堂,每堂1.5小時,"：星期三 1800-1900, 時間可再商議","： 有耐性, 提供練習／試題, 長補, 期望最快上課時間:7天內,粵語授課",0-5位導師,3/5/2026 下午10:36:06
219216,中五,中文,每小時$200 - 500,視像補習,2026-05-03 21:39:28,,一星期1堂,每堂1小時,"：星期一 1900-2000, 時間可再商議","： 提供筆記, 幫助操練, 了解學生不足, 不能足够专心阅读，经常读着就分神，而且对阅读理解区域薄弱,期望最快上課時間:2星期內,普通話授課",0-5位導師,3/5/2026 下午10:36:08
219220,中五,生物(英文),每小時$200 - 240,鑽石山(上門補習),2026-05-03 22:38:59,：彩虹,一星期1堂,每堂1.5小時,,,0-5位導師,3/5/2026 下午11:29:03
219224,中四,資訊及通訊科技(英文),每小時$200 - 240,視像補習,2026-05-04 01:16:03,,一星期2堂,每堂2小時,"：星期一 1800-1900/2000-2300, 星期二 1800-1900/2000-2300, 星期三 1800-1900/2000-2300, 時間可再商議","： 有耐性, 短補, 有經驗, 期望最快上課時間:3天內,粵語授課,急單補習(需要在兩天內開始上第一堂課)",0-5位導師,4/5/2026 上午1:25:40
219221,國際學校 year8,數學(英文),每小時$280 - 300,又一村(上門補習),2026-05-04 00:20:56,：又一村花園,一星期1堂,每堂1.5小時,"：星期一 1600-1800, 星期二 1630-1800, 星期三 1630-1730, 星期五 1630-1730, 導師必須在以上時段補習","： 期望最快上課時間:3天內,粵語授課、全英文授課,不接受視像",0-5位導師,4/5/2026 上午1:25:41
219222,國際學校 year8,英文,每小時$280 - 300,又一村(上門補習),2026-05-04 00:20:56,：又一村花園,一星期1堂,每堂1.5小時,"：星期一 1600-1800, 星期二 1630-1800, 星期三 1630-1730, 星期五 1630-1730, 導師必須在以上時段補習","： 期望最快上課時間:3天內,全英文授課,不接受視像",0-5位導師,4/5/2026 上午1:25:42
219223,中五 (2人),會計(英文),每小時$250 - 300,"金鐘,赤柱,天后,銅鑼灣,灣仔(公眾地方)",2026-05-04 00:20:36,,一星期1堂,每堂2小時,"：星期二 1730-1900, 時間可再商議","： 提供筆記, 有經驗, 針對學生弱項, 期望最快上課時間:3天內,粵語授課,不接受視像",0-5位導師,4/5/2026 上午1:25:44
219225,小四,數學(中文),每小時$190 - 230,天水圍(上門補習),2026-05-04 01:45:43,：樂湖居**座,一星期2堂,每堂1小時,,,0-5位導師,4/5/2026 上午2:12:52
219226,中一,數學(英文),每小時$160 - 220,何文田(上門或視像皆可),2026-05-04 03:29:43,：常樂邨,一星期2堂,每堂2小時,"：星期一 1600-2200, 星期二 1600-2200, 星期三 1600-2200, 星期四 1600-2200, 星期五 1600-2200, 星期六 1600-2200, 星期日 1600-2200, 導師必須在以上時段補習","： 期望最快上課時間:一個月內,粵語授課、全英文授課、普通話授課",0-5位導師,4/5/2026 上午4:08:36
219229,中一,數學(中文),每小時$160 - 200,葵涌(上門補習),2026-05-04 07:15:28,：葵興村,一星期1堂,每堂1.5小時,,,0-5位導師,4/5/2026 上午7:52:15
219227,中三,物理(英文),每小時$190 - 230,西營盤(上門補習),2026-05-04 06:55:51,：均益二期隔離,一星期2堂,每堂1.5小時,"：星期一 1500-1900, 星期三 1500-1900, 星期五 1500-1900, 星期日 1300-1900, 時間可再商議","： 提供練習／試題, 有經驗, 期望最快上課時間:3天內,粵語授課,不接受視像",0-5位導師,4/5/2026 上午7:52:16
219228,中三,英文,每小時$190 - 230,西營盤(上門補習),2026-05-04 06:55:51,：均益二期隔離,一星期2堂,每堂1.5小時,"：星期一 1500-1900, 星期三 1500-1900, 星期五 1500-1900, 星期日 1300-1900, 時間可再商議","： 提供練習／試題, 有經驗, 期望最快上課時間:3天內,粵語授課,不接受視像",0-5位導師,4/5/2026 上午7:52:17
219232,小一,數學(中文),每小時$180 - 220,青衣(上門補習),2026-05-04 10:23:09,：青俊苑,一星期1堂,每堂1.5小時,,,0-5位導師,4/5/2026 上午10:29:04
219231,小三,全科(中文),每小時$150 - 200,美孚(上門補習),2026-05-04 09:52:06,：美孚,一星期2堂,每堂1.5小時,"：星期六 10-12, 時間可再商議","： 期望最快上課時間:7天內,粵語授課,不接受視像",0-5位導師,4/5/2026 上午10:29:05
219230,中二,英文,每小時$180 - 220,荔景(上門補習),2026-05-04 08:37:23,：浩景台,一星期1堂,每堂2小時,"：星期一 1800-2000, 星期三 1800-2000, 星期日 1600-1800, 導師必須在以上時段補習","： 期望最快上課時間:7天內,粵語授課、全英文授課,不接受視像",0-5位導師,4/5/2026 上午10:29:06
219243,小一 (2人),全科(中文),每小時$140 - 180,馬鞍山(上門補習),2026-05-04 13:40:47,：輋下村,一星期5堂,每堂1.5小時,"：星期一 1730-1900, 星期二 1730-1900, 星期三 1730-1900, 星期四 1730-1900, 星期五 1730-1900, 時間可再商議","： 期望最快上課時間:2星期內,粵語授課,不接受視像",0-5位導師,4/5/2026 下午1:50:18
219241,中一,英文,每小時$350 - 500,荃灣(公眾地方),2026-05-04 13:24:50,：綠楊坊,一星期2堂,每堂1.5小時,"：星期四 1645-, 時間可再商議","： 需要現職日校教師，或退休教師也可, 非教師請勿申請,不接受視像",0-5位導師,4/5/2026 下午1:50:19
219240,中五,中文,每小時$300 - 400,荃灣(公眾地方),2026-05-04 13:01:29,：樂悠居(荃灣/荃灣西/大窩口地鐵站步行**-15分鐘）,一星期1堂,每堂1.5小時,"：星期一 1800-2100, 星期二 1800-2100, 星期三 1800-2100, 星期四 1800-2100, 星期五 1800-2100, 星期六 1000-2100, 星期日 1000-2100, 時間可再商議","： 提供練習／試題, 長補, 有經驗, DSE中文5*或以上，現修讀大學學位學生，男導師，時候可夾,期望最快上課時間:2星期內,粵語授課,不接受視像",0-5位導師,4/5/2026 下午1:50:20
219239,中二,"中文,英文,數學(中文)",每小時$200 - 250,元朗(上門補習),2026-05-04 12:49:08,：錦繡花園,一星期1堂,每堂2小時,,"： 需要導師同時能補中英數,不接受視像",0-5位導師,4/5/2026 下午1:50:21
219238,小五,數學(英文),每小時$140 - 180,康城(上門補習),2026-05-04 12:08:23,：Malibu,一星期1堂,每堂1.5小時,,,0-5位導師,4/5/2026 下午1:50:22
219237,中五,數學(英文),每小時$200 - 250,元朗(上門補習),2026-05-04 11:36:29,：錦上路,一星期1堂,每堂1.5小時,：,"： 提供練習／試題, 可以上門或附近咖啡店上堂, 期望最快上課時間:2星期內,粵語授課,有特殊學習需要,不接受視像",0-5位導師,4/5/2026 下午1:50:24
219235,中三,"數學(英文),英文",每小時$250 - 300,啟德(上門補習),2026-05-04 11:26:28,：啟德海灣*B座,一星期1堂,每堂1.5小時,：,： 有补习经验的不接受視像 不会讲粤语 希望老师会普通话讲课；老师准时的上课 尽量不请假的; 要有5*,0-5位導師,4/5/2026 下午1:50:25
219234,中四,資訊及通訊科技(英文),每小時$180 - 350,何文田(上門補習),2026-05-04 11:25:13,：天鑄（出地鐵站步行5分鐘）,一星期1堂,每堂2小時,：,"： 有耐性, 提供筆記, 學校開課時期，補習時間無法更改。也可接受視像教學【如視像請註明】,期望最快上課時間:2星期內,粵語授課、普通話授課,不接受視像",0-5位導師,4/5/2026 下午1:50:27
219236,中四,地理(英文),每小時$250 - 280,黃大仙(上門補習),2026-05-04 11:23:21,：黃大仙中心南館附近(地鐵3分鐘),一星期1堂,每堂1.5小時,"：星期一 1700-1830, 時間可再商議","： 有耐性, 提供筆記, 提供練習／試題, DSE奪星,期望最快上課時間:7天內,粵語授課、全英文授課,有特殊學習需要,不接受視像",0-5位導師,4/5/2026 下午1:50:28
219233,中五,中文,每小時$200 - 450,"金鐘,中環,上環,西營盤,半山(上門或視像皆可)",2026-05-04 10:55:30,：年豐園 （半山）,一星期2堂,每堂2小時,"：星期一 1630-1800, 星期二 1630-1800, 星期五 1630-1800, 導師必須在以上時段補習","： 提供筆記, 提供練習／試題, 針對學生弱項, 願意支付額外交通金額(HKD): 7.60, 中文水平低,期望最快上課時間:3天內,粵語授課,急單補習(需要在兩天內開始上第一堂課)",6-10位導師,4/5/2026 下午1:50:30
219251,小一,功課(中文),每小時$140,美孚(上門補習),2026-05-04 16:02:11,：Lai Yan Court,一星期3堂,每堂1.5小時,"：星期一 1700-1830, 星期三 1700-1830, 星期五 1700-1830, 時間可再商議","： 現就讀港大/中大/科大/教大的大學生, 先進行zoom interview,期望最快上課時間:1個月後,粵語授課,不接受視像",0-5位導師,4/5/2026 下午4:16:24
219252,中三,英文,每小時$190 - 300,葵芳(上門補習),2026-05-04 16:00:17,：恒景花園,一星期1堂,每堂1.5小時,"：星期三 2000, 時間可再商議","： 有經驗, 期望最快上課時間:3天內,粵語授課,不接受視像",0-5位導師,4/5/2026 下午4:16:25
219250,中五,數學(英文),每小時$$200 - 380,深水埗(公眾地方),2026-05-04 15:40:53,,一星期2堂,每堂2小時,,： 不接受視像,11-15位導師,4/5/2026 下午4:16:26
219249,中一,英文,每小時$200-300,九龍城(上門補習),2026-05-04 15:11:36,：启德一号一期,一星期1堂,每堂1.5小時,：,"： 要求在職中學老師, 期望最快上課時間:3天內,普通話授課,不接受視像",0-5位導師,4/5/2026 下午4:16:27
219248,小五,功課(英文),每小時$190,九龍灣(上門補習),2026-05-04 14:37:50,：麗晶花園,一星期1堂,每堂1.5小時,"：星期四 1700-1830, 導師必須在以上時段補習","： 有耐性, 有經驗, 細心, 期望最快上課時間:2星期內,粵語授課,不接受視像",0-5位導師,4/5/2026 下午4:16:28
219247,K2,英文,每小時$150-250,黃埔(上門補習),2026-05-04 14:14:08,：黄埔花園,一星期1堂,每堂1小時,：,： 不接受視像,6-10位導師,4/5/2026 下午4:16:30
219246,小四,中文,每小時$150-250,黃埔(上門補習),2026-05-04 14:12:54,：黄埔花園,一星期1堂,每堂1小時,：,： 不接受視像,0-5位導師,4/5/2026 下午4:16:31
219245,中五,英文,每小時$220 - 400,"荔枝角,荔景,葵芳(公眾地方)",2026-05-04 14:08:43,,一星期1堂,每堂2小時,"：星期六 1000-1200, 時間可再商議","： 有耐性, 提供筆記, 提供練習／試題, 期望最快上課時間:一個月內,粵語授課,不接受視像",6-10位導師,4/5/2026 下午4:16:33
219244,中五,化學(英文),每小時$200 - 240,鰂魚涌(上門或視像皆可),2026-05-04 13:54:36,：逸樺園,一星期2堂,每堂2小時,"：星期一 1800-2100, 星期二 1800-2100, 星期三 1800-2100, 星期四 1800-2100, 星期五 1800-2100, 星期六 0900-2100, 星期日 0900-2100, 時間可再商議","： 提供練習／試題, 有經驗, 神科生優先($250/hr 起), 期望最快上課時間:7天內,粵語授課",6-10位導師,4/5/2026 下午4:16:34
219268,小五,中文,每小時$200 - 240,屯門(上門補習),2026-05-04 18:24:57,：業旺邨（屯門站）,一星期1堂,每堂1.5小時,,,0-5位導師,4/5/2026 下午6:27:54
219269,小四,全科(英文),每小時$150 - 200,銅鑼灣(上門補習),2026-05-04 18:21:36,：銅鑼灣廣場二期,一星期2堂,每堂1.5小時,"：星期二 330-430, 星期三 330-530, 星期四 330-630, 星期五 400-530, 時間可再商議","： 期望最快上課時間:7天內,粵語授課、全英文授課,不接受視像",0-5位導師,4/5/2026 下午6:27:55
219267,中三,英文,每小時$160,視像補習,2026-05-04 18:17:01,,一星期1堂,每堂1小時,,"： 有耐性, 提供練習／試題, 期望最快上課時間:3天內,粵語授課",0-5位導師,4/5/2026 下午6:27:57
219266,小六,數學(中文),每小時$140 - 180,沙田(上門補習),2026-05-04 18:11:03,：禾輋村,一星期2堂,每堂1.5小時,"：星期一 1630-1900, 星期三 1630-1900, 星期四 1630-1900, 星期六 1100-1930, 時間可再商議","： 有耐性, 提供練習／試題, 短補, 期望最快上課時間:3天內,粵語授課,不接受視像",0-5位導師,4/5/2026 下午6:27:58
219265,中一,數學(英文),每小時$210 - 250,元朗(上門補習),2026-05-04 17:53:38,：錦綉花園,一星期2堂,每堂1.5小時,"：星期二 1700-1830, 星期四 1700-1830, 時間可再商議","： 期望最快上課時間:3天內,粵語授課,不接受視像",0-5位導師,4/5/2026 下午6:27:59
219262,中四,生物(英文),每小時$200 - 250,調景嶺(上門補習),2026-05-04 17:49:34,"：Hong Kong, 維景灣畔",一星期1堂,每堂1.5小時,"：星期一 1800-2000, 星期三 1800-2000, 星期五 1800-2000, 星期六 0900-1030/1630-1900, 導師必須在以上時段補習","： 老師需提供練習，二、三、四、周末一日,不接受視像",0-5位導師,4/5/2026 下午6:28:01
219261,中四,數學(英文),每小時$200 - 250,調景嶺(上門補習),2026-05-04 17:47:59,"：Hong Kong, 維景灣畔",一星期1堂,每堂1.5小時,"：星期一 1800-2000, 星期三 1800-2000, 星期五 1800-2000, 星期六 0900-1030/1630-1900, 導師必須在以上時段補習","： 老師需提供練習，二、三、四、周末一日,不接受視像",0-5位導師,4/5/2026 下午6:28:02
219259,小四,數學(英文),每小時$150 - 200,何文田(上門補習),2026-05-04 17:45:38,：俊民苑,一星期2堂,每堂1.5小時,"：星期三 4:15-5:45pm, 星期五 4:15-5:45pm, 導師必須在以上時段補習","： 其他, Mon & Tue 4:30pm after,不接受視像",0-5位導師,4/5/2026 下午6:28:04
219258,小一,Coding,每小時$200 - 300,柯士甸(上門補習),2026-05-04 17:44:33,,一星期1堂,每堂1.5小時,：,"： 女老師，e.g. procreate，電腦相關,不接受視像",0-5位導師,4/5/2026 下午6:28:05
219257,中三,數學(英文),每小時$210,屯門(上門補習),2026-05-04 17:39:50,：Palm Cove,一星期1堂,每堂1.5小時,"：星期三 1700, 星期四 1700, 時間可再商議","： 有耐性, 期望最快上課時間:7天內,粵語授課,不接受視像",6-10位導師,4/5/2026 下午6:28:06
219256,中三,數學(中文),每小時$160 - 220,沙田(上門補習),2026-05-04 16:41:57,：碩門邨,一星期1堂,每堂1.5小時,"：星期二 1700-1830, 星期三 1830-2000, 星期五 1730-1900, 時間可再商議","： 有耐性, 提供練習／試題, 期望最快上課時間:7天內,粵語授課,不接受視像",6-10位導師,4/5/2026 下午6:28:08
219255,小三,英文,每小時$210 - 400,屯門(上門補習),2026-05-04 16:31:39,：翠林花園 (屯門站步行分鐘/ 巴士站步行2分鐘),一星期1堂,每堂1.5小時,"：星期三 1600-1900, 星期五 1300-1900, 時間可再商議","： 期望最快上課時間:2星期內,粵語授課、全英文授課",0-5位導師,4/5/2026 下午6:28:09
219254,小一,全科(英文),每小時$140 - 240,寶琳(上門補習),2026-05-04 16:31:29,：新都城,一星期2堂,每堂1.5小時,"：星期一 1600-1800, 星期二 1600-1800, 星期三 1600-1800, 星期四 1600-1800, 星期五 1600-1800, 星期日 1200-1500, 時間可再商議","： 有愛心, 長補, 上課不可以玩手機, 期望最快上課時間:7天內,粵語授課,不接受視像",6-10位導師,4/5/2026 下午6:28:11
219253,中五,英文,每小時$220 - 310,視像補習,2026-05-04 16:23:20,,一星期2堂,每堂1.5小時,"：星期二 2000-2130, 時間可再商議","： 針對學生弱項, 了解學生不足, 期望最快上課時間:7天內,粵語授課",11-15位導師,4/5/2026 下午6:28:12
219287,小一,功課(英文),每小時$120 - 230,黃埔(上門補習),2026-05-04 21:54:29,：黃埔花園,一星期2堂,每堂2小時,"：星期一 1530-1730, 星期三 1530-1730, 導師必須在以上時段補習","： 有耐性, 提供筆記, 提供練習／試題, 粵語授課,不接受視像",0-5位導師,4/5/2026 下午10:33:32
219285,中五,會計(英文),每小時$240 - 270,柴灣(公眾地方),2026-05-04 21:48:45,,一星期1堂,每堂1.5小時,,"： 提供筆記, 了解學生不足,一星期1-2堂，面授地點可以[紅線-太子至尖沙咀][藍線-金鐘至柴灣][綠線-油塘至觀塘]（東區優先）【請導師列明可補地點】, 系統自動關閉,不接受視像",0-5位導師,4/5/2026 下午10:33:33
219286,中五,中文,每小時$200 - 270,銅鑼灣(公眾地方),2026-05-04 21:46:12,,一星期1堂,每堂1.5小時,"：星期一 1430-1630, 星期二 1430-1630, 時間可再商議","： 提供練習／試題, 針對學生弱項, 提升閱讀能力, 期望最快上課時間:2星期內,粵語授課,不接受視像",0-5位導師,4/5/2026 下午10:33:35
219284,中五,生物(英文),每小時$200 - 280,銅鑼灣(公眾地方),2026-05-04 21:45:00,,一星期1堂,每堂2小時,"：星期三 1430-1830, 星期五 1430-1830, 星期六 1100-1300, 時間可再商議","： 有耐性, 提供筆記, 提供練習／試題, 期望最快上課時間:2星期內,粵語授課,不接受視像",0-5位導師,4/5/2026 下午10:33:36
219283,中五,化學(英文),每小時$200 - 280,銅鑼灣(公眾地方),2026-05-04 21:43:16,,一星期1堂,每堂2小時,"：星期三 1430-1830, 星期五 1430-1830, 星期六 1100-1300, 時間可再商議","： 有耐性, 提供筆記, 提供練習／試題, 期望最快上課時間:2星期內,粵語授課,不接受視像",6-10位導師,4/5/2026 下午10:33:37
219282,小六,數學(英文),每小時$160 - 220,沙田(上門補習),2026-05-04 21:27:43,：帝堡城,一星期1堂,每堂1.5小時,"：星期六 1300-2000, 星期日 1300-2000, 時間可再商議","： 有耐性, target 6-7月左右開始補習，主要prepare 為升中一作準備。專科補數學，DSE數學成績5*或以上，期望最快上課時間:1個月後,粵語授課,不接受視像, 9月才升中一英數",0-5位導師,4/5/2026 下午10:33:38
219281,小五,英文,每小時$150 - 170,堅尼地城(上門補習),2026-05-04 20:59:08,,一星期2堂,每堂1.5小時,"：星期二 , 星期五 , 導師必須在以上時段補習","： 住西環的導師，必須補星期二五放學後,不接受視像",0-5位導師,4/5/2026 下午10:33:40
219280,小五,數學(中文),每小時$140 - 180,佐敦(上門或視像皆可),2026-05-04 20:43:10,：創德樓,一星期2堂,每堂2小時,"：星期日 1300-1800, 時間可再商議","： 提供筆記, 提供練習／試題, 有愛心, 期望最快上課時間:7天內,粵語授課",6-10位導師,4/5/2026 下午10:33:41
219279,小一,全科(英文),每小時$150-250,火炭(上門補習),2026-05-04 20:34:10,：駿景園,一星期1堂,每堂1小時,"：星期一 5-6pm, 星期二 5-6pm, 星期三 5-6pm, 星期四 5-6pm",： 不接受視像,0-5位導師,4/5/2026 下午10:33:43
219276,中五,中文,每小時$150-250,元朗(公眾地方),2026-05-04 20:19:26,：元朗形点星巴克,一星期1堂,每堂2小時,：,： 不接受視像,0-5位導師,4/5/2026 下午10:33:44
219277,中二,中文,每小時$210,天水圍(上門補習),2026-05-04 20:14:10,：天盛苑,一星期1堂,每堂1.5小時,"：星期一 1800-2000, 星期三 1800-2000, 星期日 1200-2000, 時間可再商議","： 上課不可以玩手機, 中文差,期望最快上課時間:一個月內,粵語授課,不接受視像",0-5位導師,4/5/2026 下午10:33:45
219275,中五,化學(中文),每小時$200 - 350,長沙灣(上門補習),2026-05-04 20:03:19,：麗翠苑,一星期1堂,每堂2小時,"：星期六 1400-1800, 時間可再商議","： 有耐性, 提供練習／試題, 期望最快上課時間:7天內,粵語授課,不接受視像",0-5位導師,4/5/2026 下午10:33:46
219273,中四,數學(英文),每小時$180 - 200,"大圍,石門,馬鞍山,烏溪沙(公眾地方)",2026-05-04 19:33:51,：烏溪沙：迎海商場cafe/其他地方一律最近商場的cafe,一星期1堂,每堂1.5小時,"：星期二 1630-1900, 星期三 1630-1900, 星期四 1630-1900, 星期五 1630-1900, 導師必須在以上時段補習","： 有耐性, 有經驗, 針對學生弱項, 數學底子弱，學校考試不合格,期望最快上課時間:7天內,粵語授課,不接受視像",11-15位導師,4/5/2026 下午10:33:48
219272,中四,中文,每小時$180 - 220,視像補習,2026-05-04 19:30:30,,一星期2堂,每堂2小時,"：星期六 0900-1200, 導師必須在以上時段補習","： 有耐性, 提供筆記, 提供練習／試題, 期望最快上課時間:一個月內,粵語授課、普通話授課",6-10位導師,4/5/2026 下午10:33:49
219271,中三,化學(英文),每小時$250 - 300,堅尼地城(上門補習),2026-05-04 19:14:13,：采逸軒,一星期1堂,每堂1.5小時,"：星期六 1500-1600, 時間可再商議","： 有耐性, 提供筆記, 提供練習／試題, 期望最快上課時間:7天內,粵語授課,不接受視像",6-10位導師,4/5/2026 下午10:33:51
219270,中四,英文,每小時$200 - 280,"上環,西營盤,堅尼地城(公眾地方)",2026-05-04 18:42:12,,一星期1堂,每堂1.5小時,"：星期一 1800, 星期三 1800, 星期四 1800, 星期五 1800, 星期六 1800, 星期日 1800, 時間可再商議","： 有耐性, 有愛心, 提升解題技巧, 女老師,期望最快上課時間:7天內,粵語授課、普通話授課,不接受視像",6-10位導師,4/5/2026 下午10:33:52
219295,小一,中文,每小時$140 - 180,九龍城(公眾地方),2026-05-04 23:35:53,：啟德沐寧街*號天寰,一星期1堂,每堂1.5小時,"：星期三 1700-1830, 星期四 1700-1830, 星期六 0930-110, 時間可再商議","： 提供練習／試題, 提升閱讀能力, 提升寫作能力, 希望能提升小朋友的詞彙量跟閱讀理解能力,期望最快上課時間:3天內,粵語授課、普通話授課,不接受視像",0-5位導師,5/5/2026 上午12:21:26
219294,K2,中文,每小時$140 - 180,旺角(上門補習),2026-05-04 23:32:58,：大角咀,一星期1堂,每堂1.5小時,,,0-5位導師,5/5/2026 上午12:21:27
219293,中一,英文,每小時$180 - 240,筲箕灣(上門補習),2026-05-04 23:19:39,：耀東邨,一星期2堂,每堂2小時,"：星期一 1800-2000, 星期三 1800-2000, 時間可再商議","： 有耐性, 提供練習／試題, 針對學生弱項, 願意支付額外交通金額(HKD): 20.00, 期望最快上課時間:1個月後,粵語授課、全英文授課,不接受視像",0-5位導師,5/5/2026 上午12:21:28
219292,中四,英文,每小時$200 - 240,北角(公眾地方),2026-05-04 23:10:57,,一星期1堂,每堂1.5小時,"：星期六 1500-1600, 導師必須在以上時段補習","： 有耐性, 提供練習／試題, 長補, 期望最快上課時間:3天內,粵語授課、全英文授課,不接受視像",0-5位導師,5/5/2026 上午12:21:29
219291,小二,中文,每小時$140 - 180,沙田(上門或視像皆可),2026-05-04 23:09:55,：沙角,一星期2堂,每堂1.5小時,,,0-5位導師,5/5/2026 上午12:21:31
219290,K1,英文,每小時$230 - 250,粉嶺(上門補習),2026-05-04 23:00:09,：榮福中心,一星期1堂,每堂1.5小時,"：星期一 1700-1900, 星期二 1700-1900, 星期三 1700-1900, 星期四 1700-1900, 星期五 1700-1900, 星期六 0900-1900, 星期日 0900-1900, 時間可再商議","： 英文溝通陪玩，家中還有一個一歲妹妹，有機會一起玩。希望導師主動友善，家中有玩具和英語故事書可使用；期望最快上課時間:2星期內,不接受視像",0-5位導師,5/5/2026 上午12:21:32
219289,中四,英文,每小時$200 - 250,屯門(上門補習),2026-05-04 22:53:54,：藍地,一星期1堂,每堂1.5小時,,"： 有耐性, 提供練習／試題, 期望最快上課時間:7天內,粵語授課,不接受視像",0-5位導師,5/5/2026 上午12:21:34
219288,中五,英文,每小時$220 - 290,西灣河(公眾地方),2026-05-04 22:49:02,：西灣河地鐵站,一星期1堂,每堂1.5小時,"：星期一 18-20, 星期三 18-20, 導師必須在以上時段補習","： 提供練習／試題, dse,期望最快上課時間:7天內,全英文授課,急單補習(需要在兩天內開始上第一堂課),不接受視像",0-5位導師,5/5/2026 上午12:21:35
219298,小二,中文,每小時$140 - 180,馬鞍山(上門補習),2026-05-05 01:15:47,：富寶花園,一星期4堂,每堂2小時,,,0-5位導師,5/5/2026 上午1:58:00
219297,小二,功課(中文),每小時$140 - 180,馬鞍山(上門補習),2026-05-05 01:02:30,：富寶花園,一星期3堂,每堂2小時,"：星期一 1700-1900, 星期二 1700-1900, 星期三 1700-1900, 星期四 1700-1900, 星期五 1700-1900, 星期六 1700-1900, 星期日 1700-1900, 導師必須在以上時段補習","： 提供練習／試題, 指導功課, 提升寫作能力, 期望最快上課時間:7天內,粵語授課,不接受視像",0-5位導師,5/5/2026 上午1:58:01
219296,中二,數學(中文),每小時$160 - 200,將軍澳(上門補習),2026-05-05 00:50:34,：新都城,一星期1堂,每堂1.5小時,"：星期五 1700-1800, 星期六 1000-1800, 時間可再商議","： 有耐性, 提供練習／試題, 緊貼學校進度, 補底提升學業成績,期望最快上課時間:3天內,粵語授課,不接受視像",6-10位導師,5/5/2026 上午1:58:02
219299,中一,英文,每小時$180 - 200,黃大仙(上門補習),2026-05-05 03:44:05,：竹園南,一星期1堂,每堂1.5小時,"：星期五 1800-2000, 星期六 1500-1600, 星期日 1000-1600, 時間可再商議","： 期望最快上課時間:7天內,粵語授課,不接受視像",0-5位導師,5/5/2026 上午3:51:59
219300,中四,經濟(中文),每小時$230 - 270,天水圍(上門補習),2026-05-05 07:20:10,：yoho west,一星期2堂,每堂1.5小時,,,0-5位導師,5/5/2026 上午8:11:09
219310,小二,英文,每小時$160 - 200,荃灣(上門補習),2026-05-05 11:36:31,：海濱花園,一星期1堂,每堂1.5小時,"：星期二 17-20, 星期三 17-20, 星期四 17-20, 時間可再商議","： 有愛心, 期望最快上課時間:一個月內,全英文授課,不接受視像",0-5位導師,5/5/2026 上午11:51:38
219309,中五,數學(英文),每小時$250,華富(公眾地方),2026-05-05 11:24:55,：Starbucks,一星期1堂,每堂2小時,"：星期五 1800-2000, 時間可再商議","： 提供練習／試題, 緊貼學校進度, 針對學生弱項, 數學程度很差，有時英文卷看不明,期望最快上課時間:3天內,粵語授課,不接受視像",6-10位導師,5/5/2026 上午11:51:39
219308,小四,中文,每小時$150 - 190,九龍灣(上門補習),2026-05-05 11:21:44,：德福,一星期1堂,每堂1.5小時,,,0-5位導師,5/5/2026 上午11:51:40
219307,小一,"數學(中文),中文",每小時$140,鑽石山(上門補習),2026-05-05 10:08:54,：采頤花園,一星期1堂,每堂1.5小時,"：星期二 4-5, 時間可再商議","： 有耐性, 有愛心, 上課不可以玩手機, 期望最快上課時間:2星期內,粵語授課、普通話授課,不接受視像",0-5位導師,5/5/2026 上午11:51:42
219306,小一,全科(中文),每小時$150,香港仔(上門補習),2026-05-05 10:00:35,：香港仔華富邨華珍樓,一星期2堂,每堂2小時,：,： 補習中英數 不接受視像,0-5位導師,5/5/2026 上午11:51:42
219305,小一,全科(中文),每小時$140 - 180,將軍澳(上門補習),2026-05-05 09:40:53,：怡明邨,一星期2堂,每堂1.5小時,"：星期六 1100-1230, 星期日 1330-1500, 時間可再商議","： 提供筆記, 提供練習／試題, 期望最快上課時間:1個月後,粵語授課,不接受視像",6-10位導師,5/5/2026 上午11:51:44
219303,小二,數學(中文),每小時$130 - 200,黃大仙(上門補習),2026-05-05 09:20:06,：鵬程苑,一星期2堂,每堂1.5小時,"：星期一 1730-1830, 星期二 1730-1830, 時間可再商議","： 有教SEN經驗( $30/hr 起), 期望最快上課時間:3天內,粵語授課,有特殊學習需要,不接受視像",6-10位導師,5/5/2026 上午11:51:45
219302,小二,中文及數學,每小時$230 - 270,粉嶺(上門補習),2026-05-05 09:16:49,：馬尾下村,一星期2堂,每堂1.5小時,"：星期一 1700-1830, 星期三 1600-1730, 導師必須在以上時段補習","： 有耐性, 提升解題技巧, 期望最快上課時間:一個月內,不接受視像",0-5位導師,5/5/2026 上午11:51:47
219304,中五,數學(中文),每小時$200 - 230,葵興(公眾地方),2026-05-05 09:07:52,：KCC Starbucks,一星期1堂,每堂1.5小時,"：星期五 1730-1900, 星期六 1400-1900, 星期日 1400-1900, 導師必須在以上時段補習","： 有耐性, 提供練習／試題, 期望最快上課時間:7天內,粵語授課,不接受視像",6-10位導師,5/5/2026 上午11:51:48
219301,小二,中文,每小時$190 - 230,粉嶺(上門補習),2026-05-05 08:51:56,：馬尾下村,一星期2堂,每堂1.5小時,"：星期一 1700-1800, 星期三 1600-1700, 導師必須在以上時段補習","： 有耐性, 期望最快上課時間:一個月內,粵語授課,不接受視像",0-5位導師,5/5/2026 上午11:51:50
219317,中四,英文,每小時$250 - 350,葵興(上門補習),2026-05-05 14:04:39,：葵康苑(地鐵*分鐵),一星期1堂,每堂2小時,"：星期六 1500-1700, 時間可再商議","： 提供練習／試題, 全英語上堂, 期望最快上課時間:1個月後,全英文授課,不接受視像",0-5位導師,5/5/2026 下午2:11:23
219316,中四,中文,每小時$200 - 240,九龍灣(上門補習),2026-05-05 12:50:12,：淘大花園,一星期1堂,每堂1.5小時,"：星期二 1700-1800, 星期四 1700-1800, 時間可再商議","： 要有責任心；期望最快上課時間:2星期內,粵語授課,不接受視像",0-5位導師,5/5/2026 下午2:11:24
219314,中五,化學(英文),每小時$200 - 240,鰂魚涌(上門或視像皆可),2026-05-05 12:44:24,：逸樺園,一星期2堂,每堂2小時,"：星期一 1800-2100, 星期二 1800-2100, 星期三 1800-2100, 星期四 1800-2100, 星期五 1800-2100, 星期六 0900-2100, 星期日 0900-2100, 時間可再商議","： 提供練習／試題, 有經驗, 神科生優先($250/hr 起), 期望最快上課時間:7天內,粵語授課",0-5位導師,5/5/2026 下午2:11:25
219315,中五,英文,每小時$270 - 310,天水圍(公眾地方),2026-05-05 12:41:46,,一星期1堂,每堂1.5小時,"：星期六 1400-1600, 時間可再商議","： 有耐性, 期望最快上課時間:7天內,粵語授課、全英文授課,不接受視像",0-5位導師,5/5/2026 下午2:11:26
219313,國際學校 year9,Mathematics SL(英文),每小時$330 - 400,視像補習,2026-05-05 12:16:17,,一星期1堂,每堂1小時,"：星期三 2030-2130, 時間可再商議",： 期望最快上課時間:7天內,6-10位導師,5/5/2026 下午2:11:28
219312,國際學校 year10,Chemistry(英文),每小時$330 - 400,北角(上門補習),2026-05-05 12:06:57,：慧雅閣,一星期1堂,每堂2小時,"：星期二 1730-1930, 星期四 1640-1930, 星期六 1000-1400, 星期日 1000-1400, 時間可再商議","： 【全英語上堂】期望最快上課時間:2星期內,不接受視像",0-5位導師,5/5/2026 下午2:11:29
219328,小一,英文,每小時$150 - 220,太古城(上門補習),2026-05-05 16:22:20,：紫樺閣,一星期1堂,每堂1.5小時,,： 不接受視像,0-5位導師,5/5/2026 下午4:29:04
219327,中二,英文,每小時$220,屯門(上門補習),2026-05-05 16:13:51,：屯門時代廣場,一星期1堂,每堂1.5小時,"：星期二 1800-1900, 導師必須在以上時段補習","： 提供練習／試題, 有經驗, 緊貼學校進度, 同學英文不及格，需要導師幫她提昇英文的能力 不接受視像",0-5位導師,5/5/2026 下午4:29:05
219326,中一,數學(英文),每小時$160 - 400,紅磡(視像補習),2026-05-05 16:05:53,：黃埔站,一星期2堂,每堂1.5小時,：,： 全職導師,6-10位導師,5/5/2026 下午4:29:06
219325,中五,數學(英文),每小時$200 - 240,馬鞍山(上門補習),2026-05-05 15:44:44,：錦英苑,一星期1堂,每堂1.5小時,：,"： 6月1日考數學，第一個月可以每星期補兩堂，考完試便回復一堂,不接受視像",0-5位導師,5/5/2026 下午4:29:07
219324,小一,全科(中文),每小時$190 - 230,青衣(上門補習),2026-05-05 15:29:49,：宏福花園,一星期2堂,每堂1.5小時,"：星期三 1630-1730, 時間可再商議","： 期望最快上課時間:1個月後,粵語授課,不接受視像",0-5位導師,5/5/2026 下午4:29:09
219323,中四,經濟(英文),每小時$180 - 220,第一城(上門或視像皆可),2026-05-05 15:18:12,：愉翠苑,一星期2堂,每堂1.5小時,"：星期五 1800, 星期六 400, 星期日 1000, 時間可再商議","： 有耐性, 如上門補要女老師， 如視象無要求,期望最快上課時間:3天內,粵語授課",6-10位導師,5/5/2026 下午4:29:10
219322,中五,數學(英文),每小時$200 - 450,九龍城(上門補習),2026-05-05 15:06:08,：啟德一號二期,一星期2堂,每堂2小時,"：星期一 1700-2100, 星期二 1700-2100, 星期三 1700-2100, 星期四 1700-2100, 星期五 1700-2100, 星期六 1000-2100, 星期日 1000-2100, 時間可再商議","： 有耐性, 有經驗, 期望最快上課時間:3天內,普通話授課,不接受視像",16-20位導師,5/5/2026 下午4:29:11
219320,小五,中文,每小時$150 - 190,視像補習,2026-05-05 14:19:37,,一星期1堂,每堂1.5小時,,：,11-15位導師,5/5/2026 下午4:29:12
219319,中五,化學(中文),每小時$180 - 230,青衣(公眾地方),2026-05-05 14:18:17,：長亨邨,一星期1堂,每堂1.5小時,"：星期三 1630-1730, 星期四 1630-1730, 時間可再商議","： 有耐性, 提供筆記, 有經驗, 其他, DSE考試技巧,不接受視像",0-5位導師,5/5/2026 下午4:29:14
219318,中五,化學(英文),每小時$200 - 700,沙田(上門補習),2026-05-05 14:16:21,：大圍名城,一星期1堂,每堂1.5小時,：,"： 現職教師, 不接受視像，希望係教band1的導師",0-5位導師,5/5/2026 下午4:29:15
219321,中三,中文,每小時$260,屯門(上門補習),2026-05-05 14:02:17,：大興花園一期二座,一星期1堂,每堂1.5小時,"：星期六 1100-1230, 時間可再商議","： 針對學生弱項, 提升閱讀能力, 百周年或董玉睇中學畢業嘅導師 5**,期望最快上課時間:7天內,粵語授課,不接受視像",0-5位導師,5/5/2026 下午4:29:16
219340,小四,英文,每小時$220 - 260,屯門(上門或視像皆可),2026-05-05 17:37:08,：屯門藍地福亨邨,一星期2堂,每堂1.5小時,,,0-5位導師,5/5/2026 下午6:21:36
219339,中五,數學(英文),每小時$200 - 250,調景嶺(公眾地方),2026-05-05 17:34:52,：調景嶺站B出口Starbucks,一星期2堂,每堂2小時,"：星期一 1800, 星期二 1800, 星期三 1800, 星期四 1800, 星期五 1800, 星期六 1800, 時間可再商議","： 有耐性, 提供筆記, 提供練習／試題, 期望最快上課時間:3天內,粵語授課、普通話授課,不接受視像",11-15位導師,5/5/2026 下午6:21:37
219338,中五,化學(中文),每小時$200 - 240,調景嶺(公眾地方),2026-05-05 17:32:12,：調景嶺站B出口Starbucks,一星期3堂,每堂2小時,"：星期一 1800, 星期二 1800, 星期三 1800, 星期四 1800, 星期五 1800, 時間可再商議","： 有耐性, 提供筆記, 提供練習／試題, 期望最快上課時間:3天內,粵語授課、普通話授課,不接受視像",0-5位導師,5/5/2026 下午6:21:38
219337,中五,物理(中文),每小時$200 - 240,調景嶺(上門補習),2026-05-05 17:27:23,：維景灣畔*期**座,一星期3堂,每堂2小時,"：星期一 1800, 星期二 1800, 星期三 1800, 星期四 1800, 星期五 1800, 星期六 1800, 時間可再商議","： 有耐性, 提供筆記, 提供練習／試題, 期望最快上課時間:3天內,粵語授課、普通話授課,不接受視像",0-5位導師,5/5/2026 下午6:21:39
219336,中三,物理(英文),每小時$170 - 260,鰂魚涌(上門補習),2026-05-05 17:18:49,：Kornville,一星期1堂,每堂1.5小時,"：星期五 1730-1900, 時間可再商議","： 有耐性, 提供筆記, 提供練習／試題, 期望最快上課時間:3天內,粵語授課、全英文授課,不接受視像",6-10位導師,5/5/2026 下午6:21:41
219334,中五,數學(英文),每小時$200 - 240,筲箕灣(上門補習),2026-05-05 17:01:52,：地鐵3分鐘行到,一星期1堂,每堂1.5小時,"：星期六 1200-1800, 星期日 1200-1800, 導師必須在以上時段補習","： 長補, 緊貼學校進度, 了解學生不足, Band 1A學校，課堂教得太快，學生未能完全理解,期望最快上課時間:7天內,粵語授課,不接受視像",0-5位導師,5/5/2026 下午6:21:42
219333,小六,"英文,數學(中文)",每小時$170,葵涌(上門補習),2026-05-05 16:56:07,：葵涌油麻磡路,一星期1堂,每堂1.5小時,"：星期六 , 星期日",： 不接受視像,0-5位導師,5/5/2026 下午6:21:44
219332,中四,英文,每小時$180 - 240,將軍澳(上門補習),2026-05-05 16:50:35,：新都城,一星期1堂,每堂1.5小時,：,"： 需要已畢業的導師,不接受視像",0-5位導師,5/5/2026 下午6:21:45
219331,小一,功課(英文),每小時$140 - 180,馬鞍山(上門補習),2026-05-05 16:43:11,：富寶花園,一星期2堂,每堂1.5小時,"：星期一 1600-1700, 星期二 1600-1700, 星期三 1600-1700, 星期四 1600-1700, 星期五 1600-1700, 時間可再商議","： 有耐性, 協助小朋友完成功課,期望最快上課時間:3天內,粵語授課、全英文授課,不接受視像",0-5位導師,5/5/2026 下午6:21:46
219329,中三,英文,每小時$250 - 300,啟德(上門補習),2026-05-05 16:30:28,：啟德MiAMIQUAY *座,一星期1堂,每堂1.5小時,：,： 有补习经验的不接受視像 不会讲粤语 希望老师会普通话讲课；老师准时的上课 尽量不请假的;,0-5位導師,5/5/2026 下午6:21:48
219330,中二,英文,每小時$180 - 250,視像補習,2026-05-05 16:28:43,,一星期1堂,每堂1.5小時,"：星期日 1300-1700, 導師必須在以上時段補習","： 有耐性, 提升寫作能力, 引起學生學習興趣, 對英文抗拒,期望最快上課時間:7天內,粵語授課",6-10位導師,5/5/2026 下午6:21:49
219341,中五,化學(英文),每小時$200 - 240,鑽石山(上門補習),2026-05-05 19:35:22,：彩雲邨日月樓*o*室,一星期1堂,每堂1.5小時,,,0-5位導師,5/5/2026 下午7:46:29
219346,中三,中文,每小時$180 - 300,視像補習,2026-05-05 20:48:50,,一星期1堂,每堂1小時,"：星期一 1800-1930, 導師必須在以上時段補習","： 提供筆記, 提供練習／試題, 提升解題技巧, 6年以上經驗，中文系畢業優先,期望最快上課時間:2星期內,粵語授課",0-5位導師,5/5/2026 下午9:00:29
219345,中一,英文,每小時$230 - 270,天水圍(上門補習),2026-05-05 20:16:43,：天祐苑,一星期1堂,每堂1.5小時,"：星期六 1200-1800, 星期日 1200-1800, 時間可再商議","： 期望最快上課時間:7天內,粵語授課、全英文授課,不接受視像",0-5位導師,5/5/2026 下午9:00:31
219344,小二,中文,每小時$140 - 180,將軍澳(上門補習),2026-05-05 20:03:26,：海翩匯（地鐵8分鐘）,一星期2堂,每堂1.5小時,"：星期五 1600-1700, 時間可再商議","： 有耐性, 針對學生弱項, 提升閱讀能力, 期望最快上課時間:一個月內,粵語授課,不接受視像",0-5位導師,5/5/2026 下午9:00:32
219342,中四,生物(英文),每小時$340 - 520,火炭(上門補習),2026-05-05 19:44:46,：豐景花園,一星期1堂,每堂1.5小時,"：星期六 1600-1800, 星期日 1000-1800, 時間可再商議","： 期望最快上課時間:2星期內,全英文授課,不接受視像",0-5位導師,5/5/2026 下午9:00:33
219343,中四,化學(英文),每小時$340 - 520,火炭(上門補習),2026-05-05 19:44:46,：豐景花園,一星期1堂,每堂1.5小時,"：星期六 1600-1800, 星期日 1000-1800, 時間可再商議","： 期望最快上課時間:2星期內,全英文授課,不接受視像",0-5位導師,5/5/2026 下午9:00:34
219365,中五,中文,每小時$200 - 850,荃灣(上門或視像皆可),2026-05-05 23:48:04,：海濱花園,一星期1堂,每堂1.5小時,"：星期六 1400-1700, 時間可再商議","： 提供練習／試題, 期望最快上課時間:2星期內,粵語授課,急單補習(需要在兩天內開始上第一堂課)",6-10位導師,6/5/2026 上午12:59:41
219366,中二,數學(英文),每小時$160 - 180,彩虹(公眾地方),2026-05-05 23:47:05,：彩虹地鐵站出口麥當勞,一星期2堂,每堂2小時,"：星期一 1645-1845, 星期四 1615-1815, 星期五 1615-1815, 星期六 1345-1545, 時間可再商議","： 有耐性, 提供練習／試題, 期望最快上課時間:3天內,粵語授課,不接受視像",11-15位導師,6/5/2026 上午12:59:42
219364,小一,全科(中文),每小時$190 - 230,元朗(上門補習),2026-05-05 23:33:49,：錦田,一星期2堂,每堂2小時,"：星期一 16-17, 星期二 16-17, 星期三 17-18, 星期四 17-18, 星期五 17-18, 時間可再商議","： 期望最快上課時間:2星期內,粵語授課,不接受視像",0-5位導師,6/5/2026 上午12:59:43
219363,小五,全科(中文),每小時$150 - 200,將軍澳(上門補習),2026-05-05 23:15:03,：緻藍天,一星期2堂,每堂1.5小時,"：星期一 1630-1800, 星期二 1630-1800, 星期三 1630-1800, 星期四 1630-1800, 時間可再商議","： 提供練習／試題, 緊貼學校進度, 了解學生不足, 上門補習,期望最快上課時間:7天內,粵語授課,不接受視像",6-10位導師,6/5/2026 上午12:59:44
219362,小一,英文,每小時$250,美孚(上門補習),2026-05-05 22:53:12,：美孚新邨,一星期1堂,每堂1.5小時,"：星期一 1630-1730, 星期四 1630-1730, 時間可再商議","： 有耐性, 提供練習／試題, 全職導師, 期望最快上課時間:一個月內,粵語授課、全英文授課,不接受視像",6-10位導師,6/5/2026 上午12:59:46
219361,25-30歲,鋼琴,每小時$250 - 300,"南昌,尖沙咀(公眾地方)",2026-05-05 22:49:42,：南昌 港島 尖沙咀 地區的琴行,一星期1堂,每堂1小時,,： 不接受視像,0-5位導師,6/5/2026 上午12:59:47
219359,中五,經濟(中文),每小時$200 - 240,油塘(上門補習),2026-05-05 22:36:23,：油美苑,一星期1堂,每堂1.5小時,,,6-10位導師,6/5/2026 上午12:59:48
219360,中四,英文,每小時$200 - 260,火炭(上門補習),2026-05-05 22:35:02,：火炭駿洋邨，沙田乘搭**K 直到屋企樓下,一星期1堂,每堂1.5小時,"：星期二 1730-1900, 時間可再商議","： 有耐性, 針對學生弱項, 上課不可以玩手機, 期望最快上課時間:7天內,粵語授課,有特殊學習需要,不接受視像",0-5位導師,6/5/2026 上午12:59:50
219358,中四,物理(中文),每小時$180 - 220,鑽石山(上門補習),2026-05-05 22:25:51,：秀芳花園,一星期1堂,每堂1.5小時,,,6-10位導師,6/5/2026 上午12:59:51
219357,自修生,數學(中文),每小時$250,牛頭角(上門補習),2026-05-05 22:09:25,：百富閣,一星期1堂,每堂1.5小時,"：星期二 1500-1630, 時間可再商議","： 【學生是成年男士及 必須是上門】retake2027DSE,暫定4月尾開始，不接受視像",0-5位導師,6/5/2026 上午12:59:52
219356,中五,西史(中文),每小時$200,視像補習,2026-05-05 22:02:33,,一星期1堂,每堂1小時,"：星期二 1900-2000, 時間可再商議","： 有耐性, 提供筆記, 提供練習／試題, 想學多啲題型 技巧，同埋做多啲、睇多啲鞏固知識🙏🏻,期望最快上課時間:2星期內,粵語授課",6-10位導師,6/5/2026 上午12:59:54
219355,中五,中文,每小時$200,視像補習,2026-05-05 21:57:54,,一星期1堂,每堂1小時,"：星期五 1900-2000, 星期日 1800-1900, 時間可再商議","： 有耐性, 提供筆記, 提供練習／試題, Reading卷想要技巧同埋做多啲練習🙏🏻🙏🏻,期望最快上課時間:2星期內,粵語授課",11-15位導師,6/5/2026 上午12:59:55
219352,中三,物理(英文),每小時$170 - 210,紅磡(公眾地方),2026-05-05 21:32:42,,一星期1堂,每堂2小時,"：星期一 1700-1900, 星期二 1700-1900, 星期三 1700-1900, 導師必須在以上時段補習","： 有耐性, 提供練習／試題, 期望最快上課時間:2星期內,粵語授課,不接受視像",6-10位導師,6/5/2026 上午12:59:56
219353,中三,生物(英文),每小時$170 - 210,紅磡(公眾地方),2026-05-05 21:32:42,,一星期1堂,每堂2小時,"：星期一 1700-1900, 星期二 1700-1900, 星期三 1700-1900, 導師必須在以上時段補習","： 有耐性, 提供練習／試題, 期望最快上課時間:2星期內,粵語授課,不接受視像",0-5位導師,6/5/2026 上午12:59:58
219351,中一,英文,每小時$180 - 350,鰂魚涌(上門補習),2026-05-05 21:31:12,：華信花園,一星期1堂,每堂1.5小時,"：星期一 7-10, 星期三 7-10, 星期四 7-10, 星期六 7-10, 時間可再商議","： 有經驗, 期望最快上課時間:2星期內,粵語授課、全英文授課、普通話授課,不接受視像",11-15位導師,6/5/2026 上午12:59:59
219349,中五,英文,每小時$220 - 260,西環(公眾地方),2026-05-05 21:13:42,,一星期1堂,每堂1.5小時,"：星期三 1730-1900, 星期日 1530-1700, 時間可再商議","： 期望最快上課時間:3天內,粵語授課,不接受視像",6-10位導師,6/5/2026 上午1:00:00
219348,中五,生物(英文),每小時$200 - 300,美孚(上門補習),2026-05-05 21:05:41,：美孚新邨（地鐵站行五分鐘）,一星期1堂,每堂1.5小時,"：星期三 1830-2000, 星期六 1030-1200, 時間可再商議","： 有經驗, 引起學生學習興趣, 了解學生不足, 期望最快上課時間:1個月後,粵語授課,不接受視像",0-5位導師,6/5/2026 上午1:00:01
219368,中五,英文,每小時$220 - 240,九龍灣(上門補習),2026-05-06 01:27:46,：淘大,一星期1堂,每堂2小時,"：星期二 1700-1900, 星期三 1700-1900, 星期四 1700-1900, 星期五 1700-1900, 時間可再商議","： 有耐性, 英文非常差,期望最快上課時間:2星期內,粵語授課,不接受視像",0-5位導師,6/5/2026 上午2:20:56
219367,中五,數學(中文),每小時$200 - 240,九龍灣(公眾地方),2026-05-06 01:20:53,：淘大,一星期2堂,每堂2小時,"：星期二 1700-1900, 星期三 1700-1900, 時間可再商議","： 針對學生弱項, 提升解題技巧, 期望最快上課時間:7天內,粵語授課,不接受視像",6-10位導師,6/5/2026 上午2:20:57
219369,中二,數學(英文),每小時$200 - 250,視像補習,2026-05-06 02:41:26,,一星期4堂,每堂1.5小時,"：星期一 1800, 星期二 1800, 星期三 1800, 星期四 1800, 時間可再商議","： 現職/曾任中小學教師, 期望最快上課時間:3天內,粵語授課",0-5位導師,6/5/2026 上午3:57:01
219379,小四,數學(英文),每小時$150 - 190,九龍灣(上門補習),2026-05-06 11:55:08,：德福,一星期1堂,每堂1.5小時,：,"： 六日上課, 時間再夾。不接受視像, DSE 英數 5 級或以上。必須穩定，不接受臨時請假或考試期旅行 重點：需擅長拆解長文字題及教導讀寫技巧。 熟練運用英文數學術語",0-5位導師,6/5/2026 下午12:04:49
219378,國際學校 year9,Chemistry(英文),每小時$330 - 400,視像補習,2026-05-06 11:36:33,,一星期2堂,每堂1.5小時,"：星期一 1730-2200, 星期二 1730-2200, 星期三 1730-2200, 星期四 1730-2200, 星期五 1730-2200, 星期六 1100-1700, 星期日 1100-1700, 時間可再商議","： 有耐性, 學生比較慢理解,期望最快上課時間:3天內,急單補習(需要在兩天內開始上第一堂課)",0-5位導師,6/5/2026 下午12:04:51
219377,中一,中文,每小時$160 - 200,視像補習,2026-05-06 11:27:40,,一星期2堂,每堂1小時,"：星期二 1800-1900, 星期三 1800-1900, 時間可再商議","： 期望最快上課時間:3天內,粵語授課",6-10位導師,6/5/2026 下午12:04:52
219376,中四,"中文,英文",每小時$220 - 300,將軍澳(上門補習),2026-05-06 11:24:24,：將軍澳村(村屋),一星期1堂,每堂2小時,"：星期六 , 星期日",： 【不接受視像】,0-5位導師,6/5/2026 下午12:04:53
219375,中五,經濟(中文),每小時$150-250,元朗(公眾地方),2026-05-06 11:17:42,：元朗形點星巴克,一星期1堂,每堂2小時,：,： 不接受視像,0-5位導師,6/5/2026 下午12:04:54
219374,中五,英文,每小時$270 - 300,元朗(上門補習),2026-05-06 10:19:24,：朗屏鳳池村環翠山,一星期1堂,每堂1.5小時,"：星期四 1700-1830, 時間可再商議","： 有耐性, 提供筆記, 提供練習／試題, 期望最快上課時間:2星期內,粵語授課、全英文授課,不接受視像",0-5位導師,6/5/2026 下午12:04:56
219373,國際學校 year9,Chemistry(英文),每小時$330 - 400,視像補習,2026-05-06 09:46:03,,一星期1堂,每堂1.5小時,"：星期一 1730-2200, 星期二 1730-2200, 星期三 1730-2200, 星期四 1730-2200, 星期五 1730-2200, 星期六 1100, 星期日 1100, 時間可再商議","： 有耐性, 視像補習,必需17:30後,期望最快上課時間:3天內,急單補習(需要在兩天內開始上第一堂課)",0-5位導師,6/5/2026 下午12:04:57
219371,小四,中文,每小時$150 - 190,馬鞍山(上門補習),2026-05-06 09:14:02,：石門,一星期1堂,每堂2小時,：,"： 老師穩定，有經驗及耐心,不接受視像",0-5位導師,6/5/2026 下午12:04:58
219370,小三,中文,每小時$150,葵涌(上門補習),2026-05-06 08:44:45,：嘉翠園,一星期1堂,每堂1.5小時,"：星期六 1530-1700, 時間可再商議","： 針對學生弱項, 提升寫作能力, 期望最快上課時間:2星期內,粵語授課,不接受視像",0-5位導師,6/5/2026 下午12:05:00
219387,year8,"English(A)HL(英文),Mathematics HL(英文)",每小時$250；300,元朗(上門補習),2026-05-06 13:56:59,：元朗（宏信書院附近/元朗市中心）,一星期2堂,每堂2小時,"：星期一 5-7pm, 星期二 5-7pm, 星期三 5-7pm, 星期四 5-7pm, 星期五 5-7pm, 星期六 4-6pm, 星期日 4-6pm","： 學生背景： 元朗宏信書院 (ELCHK Lutheran Academy)要求：熟悉 IB MYP 課程及 Criteria A-D 評分準則。英文科需輔導文學分析 (Literary Analysis) 及寫作。數學科需具備指導「探究報告 (Investigation)」及規律發現的能力。必須以全英語或雙語（英/粵）授課。熟悉 MacBook 作業操作及網上資源應用優先。,不接受視像",0-5位導師,6/5/2026 下午2:43:21
219386,小三,全科(中文),每小時$140 - 200,何文田(上門補習),2026-05-06 13:14:41,"：Harrison Court Phase *, 文運道何文田香港",一星期2堂,每堂1小時,,： 不接受視像,6-10位導師,6/5/2026 下午2:43:22
219385,中四,英文,每小時$200 - 280,"上環,堅尼地城,西營盤(公眾地方)",2026-05-06 13:07:32,,一星期1堂,每堂1.5小時,"：星期一 1800, 星期三 1800, 星期四 1800, 星期五 1800, 星期六 1800, 星期日 1800, 導師必須在以上時段補習","： 有耐性, 有愛心, 提升解題技巧, 【補習社】期望最快上課時間:7天內,粵語授課、普通話授課,不接受視像",0-5位導師,6/5/2026 下午2:43:23
219384,中三,公民與社會發展科(英文),每小時$220 - 250,太古城(公眾地方),2026-05-06 12:54:50,：星巴客,一星期1堂,每堂1.5小時,：,"： 提供練習,不接受視像",0-5位導師,6/5/2026 下午2:43:25
219383,中五,數學(英文),每小時$250 - 290,元朗(上門補習),2026-05-06 12:50:48,：元朗廣場Starbucks,一星期1堂,每堂1.5小時,,,11-15位導師,6/5/2026 下午2:43:26
219382,小六,全科(英文),每小時$150 - 200,小西灣(上門補習),2026-05-06 12:23:08,,一星期2堂,每堂1小時,"：星期一 1800, 星期二 1800, 星期三 1800, 星期四 1800, 星期五 1800, 星期六 1500",,6-10位導師,6/5/2026 下午2:43:28
219381,中三,英文,每小時$170 - 220,小西灣(上門補習),2026-05-06 12:22:45,,一星期1堂,每堂1.5小時,"：星期二 1800, 星期三 1800",： 不接受視像,0-5位導師,6/5/2026 下午2:43:29
219397,小四,英文,每小時$170 - 210,紅磡(上門補習),2026-05-06 16:51:20,：海濱南岸,一星期1堂,每堂1.5小時,,,0-5位導師,6/5/2026 下午5:12:37
219396,小二,全科(中文),每小時$180 - 220,屯門(上門補習),2026-05-06 16:42:21,：屯門恆福花園,一星期1堂,每堂1.5小時,,"： 中英數,不接受視像",0-5位導師,6/5/2026 下午5:12:38
219393,中四,中文,每小時$180 - 250,天水圍(上門補習),2026-05-06 16:10:52,,一星期1堂,每堂1.5小時,,： 不接受視像,0-5位導師,6/5/2026 下午5:12:39
219394,中四,英文,每小時$180 - 250,天水圍(上門補習),2026-05-06 16:10:52,,一星期1堂,每堂1.5小時,,： 不接受視像,0-5位導師,6/5/2026 下午5:12:41
219395,中三,英文,每小時$190 - 350,油塘(上門補習),2026-05-06 16:08:19,：高怡邨,一星期2堂,每堂2小時,"：星期三 1700-1900, 導師必須在以上時段補習","： Grammar, Listening為主,期望最快上課時間:7天內,粵語授課,不接受視像",0-5位導師,6/5/2026 下午5:12:42
219392,小二,全科(英文),每小時$190 - 230,小西灣(上門補習),2026-05-06 15:54:19,：藍灣半島,一星期2堂,每堂2小時,"：星期五 1700-1800, 星期六 1700-1800, 導師必須在以上時段補習","： 願意支付額外交通金額(HKD): 20.00, 中文認字能力及串字偏弱,期望最快上課時間:3天內,粵語授課,不接受視像",0-5位導師,6/5/2026 下午5:12:44
219391,中五,英文,每小時$220,九龍灣(公眾地方),2026-05-06 15:47:43,：淘大花園/德福,一星期1堂,每堂1.5小時,"：星期一 1630-1900, 星期六 1000-1800, 星期日 1000-1800, 導師必須在以上時段補習","： 嚴格, 提供筆記, 提供練習／試題, 期望最快上課時間:3天內,粵語授課、全英文授課,不接受視像",0-5位導師,6/5/2026 下午5:12:45
219390,中五,經濟(英文),每小時$200 - 240,黃大仙(公眾地方),2026-05-06 15:14:50,,一星期2堂,每堂2小時,"：星期二 1700-1800, 星期三 1700-1800, 時間可再商議","： 期望最快上課時間:2星期內,粵語授課,不接受視像",6-10位導師,6/5/2026 下午5:12:46
219389,小二,全科(英文),每小時$150 - 220,屯門(上門補習),2026-05-06 14:53:02,：Yau Oi estate,一星期1堂,每堂1.5小時,：,"： 需要英文溝通 學生係Non-chinese, want a teacher who can help my kid to learn chinese lessons ,reading and writing properly Home work of all subjects,especially Maths solving or Chinese reading ,writing ,Revision,不接受視像",0-5位導師,6/5/2026 下午5:12:47
219388,小五,全科(中文),每小時$150 - 190,佐敦(上門補習),2026-05-06 14:41:55,：利成大廈,一星期2堂,每堂2小時,"：星期一 1900-2100, 星期二 1900-2100, 星期五 1900-2100, 星期六 0900-1100, 時間可再商議","： 期望最快上課時間:3天內,粵語授課,不接受視像",6-10位導師,6/5/2026 下午5:12:49
219406,中五,地理(英文),每小時$220 - 260,馬鞍山(上門補習),2026-05-06 19:15:48,：海典居會所,一星期1堂,每堂2小時,"：星期六 1300-1800, 星期日 1300-1800, 時間可再商議","： 提供筆記, 提供練習／試題, 提升解題技巧, 期望最快上課時間:7天內,粵語授課,不接受視像",0-5位導師,6/5/2026 下午7:22:32
219405,中一,數學(英文),每小時$180,灣仔(上門補習),2026-05-06 19:12:15,：文興大廈,一星期1堂,每堂1.5小時,"：星期一 1800-1900, 時間可再商議","： 有耐性, 有愛心, 有經驗, 困難,期望最快上課時間:7天內,粵語授課,不接受視像",0-5位導師,6/5/2026 下午7:22:33
219404,中三,英文,每小時$190 - 230,視像補習,2026-05-06 18:53:13,,一星期2堂,每堂1小時,"：星期一 500-600, 星期二 300-400, 星期四 500-600, 星期六 1100-1300, 時間可再商議","： 提供筆記, 期望最快上課時間:3天內,粵語授課、全英文授課",0-5位導師,6/5/2026 下午7:22:34
219403,中四 (3人),英文,每小時$200 - 240,坑口(公眾地方),2026-05-06 18:37:33,：會所,一星期1堂,每堂2小時,"：星期三 1700-1900, 時間可再商議","： 有耐性, 有經驗, 針對學生弱項, 期望最快上課時間:7天內,粵語授課、全英文授課,不接受視像",0-5位導師,6/5/2026 下午7:22:35
219402,中五 (2人),經濟(英文),每小時$200 - 400,藍田(上門補習),2026-05-06 18:24:02,：匯景花園,一星期1堂,每堂2小時,"：星期一 19:00-21:00, 導師必須在以上時段補習","： 有耐性, 有經驗, 提升解題技巧, Nil,期望最快上課時間:2星期內,粵語授課、全英文授課,不接受視像",0-5位導師,6/5/2026 下午7:22:37
219401,中四,資訊及通訊科技(英文),每小時$200 - 240,調景嶺(上門補習),2026-05-06 18:13:38,：彩明苑,一星期1堂,每堂1.5小時,"：星期四 1730-1900, 導師必須在以上時段補習","： 有耐性, 提供練習／試題, 有經驗, 期望最快上課時間:7天內,粵語授課,不接受視像",0-5位導師,6/5/2026 下午7:22:38
219400,中五,數學(中文),每小時$120 - 230,筲箕灣(上門補習),2026-05-06 18:01:33,：形薈,一星期4堂,每堂1.5小時,"：星期一 1800-2000, 星期二 1800-2000, 星期四 1800-2000, 星期五 1800-2000, 時間可再商議","： 有耐性, 提供練習／試題, 針對學生弱項, 低子差,期望最快上課時間:3天內,粵語授課、普通話授課,不接受視像",0-5位導師,6/5/2026 下午7:22:40
219399,中三,"物理(英文),化學(英文),生物(英文)",每小時$170 - 210,視像補習,2026-05-06 17:41:46,,一星期2堂,每堂1.5小時,"：星期一 17:30-19:00, 星期五 17:30-19:00, 星期日 15:00-16:30, 時間可再商議","： 有經驗, 期望最快上課時間:2星期內,粵語授課",0-5位導師,6/5/2026 下午7:22:41
219398,中四,英文,每小時$200 - 300,西灣河(公眾地方),2026-05-06 17:16:29,：可以喺西灣河搵啲Cafe補,一星期1堂,每堂1.5小時,"：星期一 1730-1900, 時間可再商議","： 有耐性, 提供練習／試題, 期望最快上課時間:7天內,粵語授課,不接受視像",0-5位導師,6/5/2026 下午7:22:43
219410,小五 (2人),"數學(英文),中文",每小時$150,鰂魚涌(上門補習),2026-05-06 21:09:27,：Model Housing Estate,一星期3堂,,"：星期一 6-8pm, 星期二 6-8pm, 星期三 6-8pm, 星期四 6-8pm, 星期五 6-8pm","： My son is in P3 and daughter in P5, we are non-chinese and understand very little Cantonese. I want teacher to help with their homework, teach according to their school syllabus and prepare for exams...both oral and written,不接受視像",0-5位導師,6/5/2026 下午9:11:34
219408,中四,生物(英文),每小時$180 - 250,荔景(上門補習),2026-05-06 19:27:47,：浩景臺,一星期1堂,每堂1.5小時,"：星期日 1000-1300, 導師必須在以上時段補習","： 有耐性, 提供筆記, 提供練習／試題, 願意支付額外交通金額(HKD): 20.00, 英文差，清concept,期望最快上課時間:2星期內,粵語授課,不接受視像",0-5位導師,6/5/2026 下午9:11:35
219407,小五,中文,每小時$150 - 190,大埔(上門或視像皆可),2026-05-06 19:24:32,：大埔新峰花園*期*座,一星期1堂,每堂1.5小時,,,6-10位導師,6/5/2026 下午9:11:36
219424,中四,英文,每小時$250 - 330,元朗(上門補習),2026-05-06 23:26:26,：雍翠豪園,一星期2堂,每堂1.5小時,"：星期三 1700-1900, 星期五 1700-1900, 時間可再商議","： 提供練習／試題, 全職導師, 有經驗, 期望最快上課時間:7天內,粵語授課,不接受視像",0-5位導師,6/5/2026 下午11:36:22
219423,小二,全科(中文),每小時$190 - 210,深井(上門補習),2026-05-06 23:21:13,：碧堤半島,一星期1堂,每堂1.5小時,"：星期一 1700-1830, 星期三 1630-1830, 導師必須在以上時段補習","： 有耐性, 針對學生弱項, 引起學生學習興趣, 期望最快上課時間:2星期內,粵語授課,不接受視像",0-5位導師,6/5/2026 下午11:36:23
219422,中四,生物(英文),每小時$180 - 230,"北角,天后,西環(公眾地方)",2026-05-06 23:18:04,：全港島區可以約公眾地方面授補,一星期1堂,每堂1.5小時,：,"： 提供筆記, 提供練習／試題, 全港島區可以約公眾地方面授補，不接受視像",0-5位導師,6/5/2026 下午11:36:24
219420,中四,英文,每小時$200 - 240,北角(公眾地方),2026-05-06 23:06:36,：北角,一星期1堂,每堂2小時,"：星期三 1700-1900, 時間可再商議","： 有耐性, 提供筆記, 針對學生弱項, 期望最快上課時間:7天內,粵語授課、全英文授課,不接受視像",0-5位導師,6/5/2026 下午11:36:25
219419,中四,數學(中文),每小時$180 - 220,北角(公眾地方),2026-05-06 23:00:29,：北角,一星期1堂,每堂2小時,"：星期一 1700-1900, 時間可再商議","： 有耐性, 提供筆記, 針對學生弱項, 期望最快上課時間:7天內,粵語授課,不接受視像",6-10位導師,6/5/2026 下午11:36:26
219421,中三,"英文,數學(英文)",每小時$260 - 300,屯門(公眾地方),2026-05-06 22:58:12,：NOVO LAND,一星期2堂,每堂2小時,"：星期三 1400, 星期五 1400, 星期六 1400, 時間可再商議","： 有耐性, 有經驗, 針對學生弱項, 期望最快上課時間:2星期內,粵語授課,不接受視像",0-5位導師,6/5/2026 下午11:36:28
219417,K2,中文,每小時$190 - 230,青衣(上門補習),2026-05-06 22:25:58,：盈翠半島,一星期2堂,每堂1小時,,,0-5位導師,6/5/2026 下午11:36:29
219418,中五,化學(英文),每小時$210 - 300,彩虹(上門補習),2026-05-06 22:23:54,：彩虹邨,一星期2堂,每堂1.5小時,"：星期二 1700-1830, 星期五 1700-1830, 時間可再商議","： 有耐性, 提供筆記, 針對學生弱項, 期望最快上課時間:7天內,粵語授課,不接受視像",6-10位導師,6/5/2026 下午11:36:31
219416,中四,數學(英文),每小時$180 - 220,"第一城,沙田(公眾地方)",2026-05-06 22:15:08,,一星期1堂,每堂2小時,"：星期一 1800-2000, 星期二 1800-2000, 星期三 1700-1900, 星期四 1800-2000, 星期六 1500-1700, 時間可再商議","： 有耐性, 針對學生弱項, 引起學生學習興趣, 期望最快上課時間:7天內,粵語授課,不接受視像",11-15位導師,6/5/2026 下午11:36:32
219415,小二,全科(英文),每小時$140 - 180,荃灣(上門補習),2026-05-06 22:13:38,：綠楊新村地鐵站上蓋行3分鐘,一星期4堂,每堂1.5小時,"：星期一 1800-1930, 星期二 1800-1930, 星期三 1800-1930, 星期四 1800-1930, 時間可再商議","： 期望最快上課時間:2星期內,不接受視像",0-5位導師,6/5/2026 下午11:36:33
219414,中一,數學(英文),每小時$200 - 250,九龍灣(上門補習),2026-05-06 22:11:14,：牛頭角下邨貴月樓,一星期1堂,每堂1.5小時,"：星期二 1700-2100, 星期三 1700-2100, 星期四 1700-2100, 星期六 1800-2100, 時間可再商議","： 提供筆記, 提供練習／試題, 有愛心, 長補，學生成績OK，性格開朗聽教，求進步,不接受視像；想搵係黃笏南中學畢業的大學生導師",0-5位導師,6/5/2026 下午11:36:34
219413,中二,數學(英文),每小時$210 - 250,鴨脷洲(上門補習),2026-05-06 22:03:39,：South Horizon,一星期2堂,每堂1.5小時,"：星期六 1400-1500, 時間可再商議","： 全職導師, 針對學生弱項, 期望最快上課時間:7天內,全英文授課,不接受視像",0-5位導師,6/5/2026 下午11:36:36
219412,中五,經濟(中文),每小時$200 - 300,銅鑼灣(公眾地方),2026-05-06 21:59:26,：时代广场星巴克,一星期1堂,每堂1.5小時,"：星期三 1700-1830, 星期四 1700-1830, 時間可再商議","： 有耐性, 提供練習／試題, 針對學生弱項, 期望最快上課時間:7天內,粵語授課、普通話授課,不接受視像",6-10位導師,6/5/2026 下午11:36:37
219411,小一,中文,每小時$180 - 300,上水(上門補習),2026-05-06 21:30:49,：燕崗村（上水有巴士、小巴到）,一星期2堂,每堂1.5小時,：,： 不接受視像；熟悉名校課程有豐富補習經驗的導師、補底中文,0-5位導師,6/5/2026 下午11:36:39
219425,小四,英文,每小時$170 - 330,長沙灣(上門補習),2026-05-07 02:54:13,：Heya green,一星期2堂,每堂2小時,"：星期一 1615-1745, 星期五 1615-1745, 時間可再商議","： 期望最快上課時間:7天內,粵語授課、全英文授課,不接受視像",0-5位導師,7/5/2026 上午3:02:36
219427,小一,英文,每小時$160 - 200,將軍澳(上門補習),2026-05-07 08:57:32,：日出康城,一星期2堂,每堂1.5小時,,,0-5位導師,7/5/2026 上午9:22:18
219426,小二,英文,每小時$160 - 200,深水埗(上門補習),2026-05-07 08:51:50,：深水埗麗閣邨,一星期1堂,每堂1.5小時,,,0-5位導師,7/5/2026 上午9:22:19
219436,中四,英文,每小時$240,西灣河(上門補習),2026-05-07 12:50:53,：東熹苑,一星期1堂,每堂1.5小時,"：星期三 1730-1900, 星期六 1500-1999, 時間可再商議","： 提供筆記, 提供練習／試題, 幫助操練, 期望最快上課時間:1個月後,粵語授課",0-5位導師,7/5/2026 下午12:53:03
219435,小五,全科(英文),每小時$150 - 230,油塘(上門補習),2026-05-07 12:30:27,：油翠苑沃美閣,一星期2堂,每堂1.5小時,,： 不接受視像,0-5位導師,7/5/2026 下午12:53:04
219434,中四,數學(英文),每小時$180 - 220,鑽石山(上門補習),2026-05-07 11:29:50,"：Flat ****, Ching Hong House, Tsz Ching Estate",一星期4堂,每堂1.5小時,,,6-10位導師,7/5/2026 下午12:53:05
219433,中五,"英文,生物(英文)",每小時$250,九龍灣(公眾地方),2026-05-07 10:52:26,,一星期1堂,每堂1.5小時,：,： 不接受視像,0-5位導師,7/5/2026 下午12:53:06
219432,中四,數學(中文),每小時$180 - 250,藍田(上門補習),2026-05-07 10:43:03,,一星期1堂,每堂1.5小時,：,"： 希望老師可能住近啲，補老師可以係大學生，最好係y1，多啲時間,不接受視像",16-20位導師,7/5/2026 下午12:53:08
219431,中四,會計(中文),每小時$200 - 250,藍田(上門補習),2026-05-07 10:40:32,,一星期1堂,每堂1.5小時,,"： 希望老師可能住近啲，補老師可以係大學生，最好係y1，多啲時間,不接受視像",0-5位導師,7/5/2026 下午12:53:09
219430,中一,全科(英文),每小時$230 - 400,天水圍(上門補習),2026-05-07 10:31:41,：Wetland Seasons Park,一星期2堂,每堂1.5小時,"：星期一 1700-2100, 星期二 1700-2100, 星期三 1700-2100, 星期四 1700-2100, 星期日 1200-2100, 時間可再商議","： 有愛心, 指導功課, 引起學生學習興趣, 跟進同學的功課就可以 學生有抑鬱，不願上學，請至少讓她有興趣上學,期望最快上課時間:3天內,有特殊學習需要,急單補習(需要在兩天內開始上第一堂課),不接受視像",0-5位導師,7/5/2026 下午12:53:11
219429,小五,中文,每小時$150-230,屯門(上門補習),2026-05-07 10:28:41,：Ching Tin Estate,一星期1堂,每堂2小時,：,"： need tutor for Chinese listening and speaking，No phone use during lesson. Need to teach non chinese kid. Need female tutor. ,不接受視像",0-5位導師,7/5/2026 下午12:53:12
219428,year7,Mathematics HL(英文),每小時$300 - 400,半山(上門補習),2026-05-07 09:42:06,：近中環半山扶手電梯,一星期1堂,每堂1.5小時,：,"： 有耐性, 提供筆記, 有經驗, IB Maths Y7,不接受視像",0-5位導師,7/5/2026 下午12:53:13
219409,小五,"數學(英文),中文",每小時$150,將軍澳(上門補習),2026-05-06 20:44:19,：Choi Ming Court,一星期2堂,每堂1.5小時,：,"： 2 lesson per week for now and the more lessons when closer to exams. For maths english for Chinese in Chinese, need High school graduate tutor,不接受視像",0-5位導師,7/5/2026 下午12:53:14
219443,中六,中文,每小時$180 - 250,觀塘(上門補習),2026-05-07 15:39:32,,一星期1堂,每堂1.5小時,,： 不接受視像,0-5位導師,7/5/2026 下午3:41:30
219442,中三,化學(英文),每小時$250 - 300,九龍灣(上門補習),2026-05-07 15:15:21,：淘大花園,一星期1堂,每堂1.5小時,,"： 女導師, 要求5年以上教學經驗，期望最快上課時間:一個月內,粵語授課、全英文授課,不接受視像,全職導師",0-5位導師,7/5/2026 下午3:41:31
219441,year4,IELTS,每小時$280,馬鞍山(公眾地方),2026-05-07 14:27:18,：馬鞍山公眾場所/大水坑站,一星期2堂,每堂1.5小時,：,"： 主要英文speaking及需要改文服務,不接受視像, 有相關教學經驗",0-5位導師,7/5/2026 下午3:41:32
219440,小六,升學面試課,每小時$160 - 180,屯門(上門補習),2026-05-07 14:06:36,：屯門碼頭,一星期3堂,每堂2小時,：,"： 長補 呈分考試；幫助學生呈分試取分，解題技巧,不接受視像",0-5位導師,7/5/2026 下午3:41:34
219439,小四,功課(英文),每小時$150 - 400,佐敦(上門補習),2026-05-07 14:06:08,：grand Austin,一星期4堂,每堂1小時,"：星期一 7-8pm, 星期二 7-8pm, 星期三 7-8pm, 星期四 7-8pm","： 不接受視像,全英文授課,全職導師",6-10位導師,7/5/2026 下午3:41:35
219438,中一,"綜合科學(中文),中文,數學(中文)",每小時$180 - 220,南昌(上門補習),2026-05-07 13:46:02,"：Flat A, **/F, BLK *, The Long beach, kowloon",一星期2堂,每堂1.5小時,：,： 不接受視像,0-5位導師,7/5/2026 下午3:41:37
219437,中一,英文,每小時$200 - 350,鰂魚涌(上門補習),2026-05-07 13:02:03,：華信花園,一星期1堂,每堂1.5小時,"：星期一 7-10, 星期三 7-10, 星期四 7-10, 星期六 7-10, 時間可再商議","： 有經驗, 期望最快上課時間:2星期內,粵語授課、全英文授課、普通話授課,不接受視像；英文5*或以上",6-10位導師,7/5/2026 下午3:41:38
219453,小一,全科(中文),每小時$140 - 180,大坑(上門補習),2026-05-07 17:58:10,：勵德邨,一星期3堂,每堂2小時,"：星期一 1600-1800, 星期二 1600-1800, 星期三 1600-1800, 星期四 1600-1800, 星期五 1600-1800, 時間可再商議","： 期望最快上課時間:7天內,粵語授課,不接受視像",0-5位導師,7/5/2026 下午6:09:45
219452,中二,數學(英文),每小時$230 - 300,尖沙咀(上門補習),2026-05-07 17:52:37,：恆星樓（尖東站2分鐘，尖沙咀地鐵站**mins內）,一星期1堂,每堂2小時,"：星期三 1700-1800, 導師必須在以上時段補習","： 期望最快上課時間:3天內,粵語授課,不接受視像",0-5位導師,7/5/2026 下午6:09:46
219451,小五,升學面試課,每小時$280 - 320,屯門(上門補習),2026-05-07 17:43:18,：Siu Hin Court,一星期1堂,每堂1.5小時,"：星期四 1630-1730, 星期五 1600-1700, 時間可再商議",： 期望最快上課時間:2星期內,0-5位導師,7/5/2026 下午6:09:47
219450,小四,英文,每小時$220 - 260,上水(上門補習),2026-05-07 17:17:30,：彩園邨,一星期1堂,每堂1小時,,,0-5位導師,7/5/2026 下午6:09:49
219448,中二,中文,每小時$180 - 230,元朗(上門補習),2026-05-07 17:03:33,：元朗橫洲東頭圍新村,一星期1堂,每堂1.5小時,"：星期二 5:00-6:30PM, 星期三 5:00-6:30PM, 時間可再商議","： 短補, 下個月就期未考試 想考試前短補 暫定4月每星期二/三 如果OK, 可能暑假再考慮再補中文閱讀卷 (卷一), 少量寫作(卷二 成績5* 不接受視像;",0-5位導師,7/5/2026 下午6:09:50
219449,中四,數學(英文),每小時$180 - 220,觀塘(上門補習),2026-05-07 17:01:43,：安泰邨,一星期1堂,每堂1.5小時,"：星期日 1130-1300, 導師必須在以上時段補習","： 有耐性, 有愛心, 有經驗, 期望最快上課時間:7天內,粵語授課,不接受視像",0-5位導師,7/5/2026 下午6:09:51
219447,中二,英文,每小時$180 - 220,視像補習,2026-05-07 16:49:47,,一星期1堂,每堂1小時,"：星期一 1900-2030, 星期二 1900-2030, 導師必須在以上時段補習","： 提供筆記, 升上以全英文教授的中學，仍然未適應，太多英文要學,期望最快上課時間:7天內,粵語授課",11-15位導師,7/5/2026 下午6:09:53
219445,中四,會計(英文),每小時$180 - 220,"樂富,荃灣(公眾地方)",2026-05-07 16:07:07,：starbucks :D,一星期2堂,每堂2小時,"：星期一 1600, 星期二 1600, 星期三 1600, 星期四 1600, 時間可再商議","： 有耐性, 提供練習／試題, 提升解題技巧, 期望最快上課時間:7天內,粵語授課、全英文授課,不接受視像",0-5位導師,7/5/2026 下午6:09:54
219444,中三,英文,每小時$160 - 240,"北角,柴灣,鰂魚涌(上門補習)",2026-05-07 15:41:57,,一星期1堂,每堂1.5小時,：,： 同學剛到香港 可以幫手做插班考試的導師優先 不接受視像,6-10位導師,7/5/2026 下午6:09:56
219459,小五,"中文,英文,數學(英文)",每小時$180 - 210,大圍(上門補習),2026-05-07 20:04:30,：大圍名城,一星期1堂,每堂1小時,：,： 有教過呈分試經驗；不接受視像,0-5位導師,7/5/2026 下午8:09:40
219469,中一,英文,每小時$180 - 220,視像補習,2026-05-07 22:42:33,,一星期1堂,每堂1小時,"：星期四 1700-1800, 導師必須在以上時段補習","： 期望最快上課時間:7天內,粵語授課",0-5位導師,7/5/2026 下午10:51:20
219468,中四,經濟(中文),每小時$200,視像補習,2026-05-07 22:36:16,,一星期1堂,每堂1.5小時,"：星期一 1900, 星期二 1900, 星期四 1900, 導師必須在以上時段補習",： 有經驗,0-5位導師,7/5/2026 下午10:51:21
219467,中五,英文,每小時$220 - 260,荔景(上門補習),2026-05-07 22:21:58,：麗瑤村,一星期1堂,每堂2小時,"：星期六 13-15, 時間可再商議","： 願意支付額外交通金額(HKD): 10.00, 期望最快上課時間:1個月後,粵語授課、普通話授課,不接受視像",0-5位導師,7/5/2026 下午10:51:22
219466,中四,物理(中文),每小時$180 - 300,筲箕灣(公眾地方),2026-05-07 22:20:14,,一星期1堂,每堂2小時,"：星期三 1630-1730, 導師必須在以上時段補習","： 期望最快上課時間:3天內,粵語授課,有特殊學習需要,不接受視像",0-5位導師,7/5/2026 下午10:51:24
219465,中五,英文,每堂$250,九龍灣(公眾地方),2026-05-07 21:55:02,,一星期1堂,每堂1.5小時,：,： 不接受視像。每堂$250，如果導師可以補埋bio/bafs，請備註。,0-5位導師,7/5/2026 下午10:51:25
219464,N班,日語,每小時$345 - 445,大角咀(上門補習),2026-05-07 21:47:50,：One SilverSea,一星期1堂,每堂1小時,"：星期三 330-430, 星期五 330-430, 導師必須在以上時段補習","： 有耐性, 有愛心, 長補, 教3歲，無基礎的，不接受視像",0-5位導師,7/5/2026 下午10:51:26
219463,中三,"中文,數學(英文)",每小時$170 - 210,太古城(上門補習),2026-05-07 21:37:10,：康怡,一星期1堂,每堂1.5小時,"：, 時間可再商議","： 期望最快上課時間:2星期內,粵語授課,不接受視像",6-10位導師,7/5/2026 下午10:51:28
219462,中五,英文,每小時$220 - 260,旺角(視像補習),2026-05-07 21:20:26,,一星期1堂,每堂2小時,"：星期三 1800-2000, 時間可再商議","： 期望最快上課時間:3天內,粵語授課",11-15位導師,7/5/2026 下午10:51:29
219460,中一,全科(英文),每小時$250,南昌(上門補習),2026-05-07 21:17:49,"：The Long beach, kowloon",一星期1堂,每堂1.5小時,：,"： 其他, 可以教做功課嘅全科補習老師，不用補數學。家中有一只小貓，可以留在房間內，不被打擾。不接受視像；科學是中英並存但可以只做英文；若有考試再麻煩多一堂",0-5位導師,7/5/2026 下午10:51:30
219461,中三,英文,每小時$190 - 230,大圍(上門補習),2026-05-07 21:15:30,：豐盛苑,一星期1堂,每堂1.5小時,"：星期一 1630-1800, 星期二 1630-1800, 星期三 1630-1800, 星期四 1630-1800, 時間可再商議","： 期望最快上課時間:3天內,粵語授課、全英文授課,不接受視像",0-5位導師,7/5/2026 下午10:51:32
219471,小三,英文,每小時$160 - 200,啟德(上門補習),2026-05-07 23:03:47,：盛德街/宋皇臺地鐵站,一星期1堂,每堂1.5小時,,,6-10位導師,8/5/2026 上午12:45:15
219470,中五,中史,每小時$200,視像補習,2026-05-07 22:54:13,,一星期1堂,每堂1.5小時,"：星期二 2030-2200, 星期五 2030-2200, 星期六 1100-1230, 導師必須在以上時段補習","： 有耐性, 提供筆記, 提供練習／試題, 視像補習,期望最快上課時間:7天內,粵語授課",6-10位導師,8/5/2026 上午12:45:17
219479,中四,"經濟(英文),會計(英文)",每小時$220 - 260,沙田(上門補習),2026-05-08 11:53:40,：水泉澳,一星期2堂,每堂1.5小時,"：星期一 2000-0000, 星期二 2000-0000, 星期三 2000-0000, 星期四 2000-0000, 星期五 2000-0000, 星期六 1000-0000, 星期日 1000-0000, 時間可再商議","： 有經驗；期望最快上課時間:7天內,粵語授課,不接受視像",0-5位導師,8/5/2026 上午11:55:39
219478,中二,數學(英文),每小時$180 - 220,荔景(上門補習),2026-05-08 11:31:16,：浩景台,一星期1堂,每堂2小時,,"： 需要有補習經驗的導師 期望最快上課時間:7天內,粵語授課、全英文授課,不接受視像",6-10位導師,8/5/2026 上午11:55:40
219477,中五,化學(英文),每小時$180 - 230,青衣(公眾地方),2026-05-08 10:58:14,：長亨邨,一星期1堂,每堂1.5小時,"：星期三 17:00, 星期四 17:00","： 有耐性, 提供筆記, 有經驗, DSE考試技巧,不接受視像",0-5位導師,8/5/2026 上午11:55:41
219476,31-34歲,Ive電工課程,每小時$200 - 300,元朗(上門補習),2026-05-08 10:48:28,,一星期1堂,每堂1.5小時,：,"： 其他, 兩星期一堂,不接受視像,Ive兩年電工課程,搵有電工牌導師",0-5位導師,8/5/2026 上午11:55:43
219475,中五,會計(中文),每小時$200 - 1200,上環(上門補習),2026-05-08 10:00:02,：金裕大廈,一星期2堂,每堂2小時,"：星期六 1300-1430, 時間可再商議","： 有經驗, 沒有,期望最快上課時間:2星期內,粵語授課,不接受視像",0-5位導師,8/5/2026 上午11:55:44
219474,中三,數學(中文),每小時$160 - 200,黃大仙(上門補習),2026-05-08 09:47:30,：翠竹花園,一星期1堂,每堂1.5小時,,,0-5位導師,8/5/2026 上午11:55:45
219473,小三 (2人),拼音 Phonics(英文),每小時$230 - 250,寶琳(上門補習),2026-05-08 07:51:25,：寶林邨,一星期1堂,每堂1.5小時,"：星期六 1500-1800, 星期日 1000-1400, 時間可再商議","： 有耐性, 提供筆記, 同P1男仔一齊上,期望最快上課時間:1個月後,不接受視像",0-5位導師,8/5/2026 上午11:55:46
219486,小三,功課(中文),每小時$140 - 180,大圍(上門補習),2026-05-08 13:33:32,：隆亨村學心樓****室,一星期2堂,每堂1.5小時,"：星期一 1700-1900, 星期二 1700-1900, 星期三 1700-1900, 星期四 1700-1900, 星期五 1700-1900, 時間可再商議","： 粵語授課,有特殊學習需要,不接受視像",0-5位導師,8/5/2026 下午2:00:46
219487,小四,功課(英文),每小時$150 - 210,視像補習,2026-05-08 13:30:43,,一星期2堂,每堂2小時,"：星期一 1500-2000, 星期二 1500-2000, 星期三 1500-2000, 星期四 1500-2000, 星期五 1500-2000, 星期六 1500-20000, 星期日 1500-2000, 時間可再商議",： 期望最快上課時間:3天內,6-10位導師,8/5/2026 下午2:00:48
219484,中三,物理(英文),每小時$170 - 250,佐敦(上門補習),2026-05-08 13:26:42,：地鐵站3分鐘,一星期1堂,每堂1.5小時,"：星期一 445, 星期二 445, 星期四 445, 星期五 445, 時間可再商議","： 有耐性, 提供練習／試題, 有經驗, Physic DSE 5* or above,期望最快上課時間:3天內,粵語授課,不接受視像",0-5位導師,8/5/2026 下午2:00:49
219485,中二,英語會話,每小時$280 - 890,堅尼地城(上門或視像皆可),2026-05-08 13:19:19,：桃李园,一星期2堂,每堂1.5小時,"：星期一 1700-1800, 時間可再商議","： 互動教學, 期望最快上課時間:7天內,家長需以wechat聯絡",0-5位導師,8/5/2026 下午2:00:50
219483,中四,經濟(英文),每小時$180 - 220,第一城(上門補習),2026-05-08 13:14:52,：愉翠苑,一星期2堂,每堂1.5小時,"：星期五 1800, 星期六 400, 星期日 1000, 時間可再商議","： 有耐性, 期望最快上課時間:3天內,粵語授課,不接受視像",0-5位導師,8/5/2026 下午2:00:51
219482,中五,英文,每小時$220 - 260,大埔(公眾地方),2026-05-08 12:29:45,,一星期2堂,每堂2小時,"：星期一 1800, 星期二 1800, 星期三 1800, 星期五 1800, 時間可再商議","： 提供練習／試題, 長補, 期望最快上課時間:7天內,全英文授課,不接受視像",0-5位導師,8/5/2026 下午2:00:52
219481,中一,全科,每小時$200,天水圍(上門補習),2026-05-08 12:27:55,：天富苑,一星期1堂,每堂1.5小時,"：, 時間可再商議","： 暫時想星期六中午補習, 除了中文科，其他科目是以英文,期望最快上課時間:7天內,不接受視像",0-5位導師,8/5/2026 下午2:00:53
219480,中二,數學(英文),每小時$160 - 200,太古城(上門補習),2026-05-08 12:16:16,：Q座,一星期2堂,每堂2小時,"：星期一 1600-1900, 星期四 1600-1900, 時間可再商議","： 提供筆記, 有愛心, 期望最快上課時間:7天內,粵語授課,不接受視像",11-15位導師,8/5/2026 下午2:00:55
219490,小六,英文,每小時$170 - 210,荃灣(上門補習),2026-05-08 14:58:02,：象山村,一星期1堂,每堂1.5小時,"：星期日 1300-2000, 時間可再商議","： 有耐性, 提供筆記, 提供練習／試題, 期望最快上課時間:7天內,粵語授課,不接受視像",0-5位導師,8/5/2026 下午3:55:25
219489,K2,英語會話,每小時$300 - 350,康城(上門補習),2026-05-08 14:34:51,：峻瀅一期,一星期1堂,每堂1小時,"：星期六 11:00-1200, 導師必須在以上時段補習","： 有耐性, 提供筆記, 全英語上堂+30/h, 考小一英文面試內容，閱讀文章，訓練英文對答，全英上堂,期望最快上課時間:一個月內",0-5位導師,8/5/2026 下午3:55:26
219488,小六,全科(中文),每小時$160 - 200,觀塘(上門補習),2026-05-08 14:08:01,：祥和苑,一星期2堂,每堂1.5小時,,"： 全科（中英數常）；主要補數學,不接受視像",6-10位導師,8/5/2026 下午3:55:27
219492,中五,數學(英文),每小時$220 - 240,柯士甸(上門補習),2026-05-08 16:33:28,：柯士甸站,一星期1堂,每堂1.5小時,,"： 【需要具備相關補習經驗的導師】,不接受視像",6-10位導師,8/5/2026 下午5:27:47
219491,小二,英文,每小時$160 - 200,九龍塘(上門補習),2026-05-08 16:03:32,：石硤尾邨**座**樓****室,一星期3堂,每堂2小時,,,0-5位導師,8/5/2026 下午5:27:48
219500,小一,全科(英文),每小時$230 - 250,上環(上門補習),2026-05-08 18:33:03,：building,一星期1堂,每堂1小時,"：星期一 1500, 導師必須在以上時段補習","： 有特殊學習需要,[願意支付額外交通金額(HKD):20],期望最快上課時間:3天內",0-5位導師,8/5/2026 下午6:54:24
219498,K3,功課(英文),每小時$120,藍田(上門補習),2026-05-08 18:30:55,：寶達邨,一星期2堂,每堂1小時,,"： 長補, 不接受視像，負責普通幼稚園跟功課",0-5位導師,8/5/2026 下午6:54:25
219499,中四,化學(中文),每小時$180 - 220,康城(公眾地方),2026-05-08 18:23:55,：晋海*A期,一星期2堂,每堂1.5小時,"：星期二 1900-2030, 星期四 1900/2030, 導師必須在以上時段補習","： 提供練習／試題, 有經驗, 提升解題技巧, 學生基礎有點薄弱,期望最快上課時間:7天內,粵語授課、普通話授課,不接受視像",0-5位導師,8/5/2026 下午6:54:26
219496,小六,中文,每小時$150 - 190,康城(上門補習),2026-05-08 18:00:17,：Sea to sky,一星期1堂,每堂1.5小時,"：星期四 1900-2030, 時間可再商議","： 提供練習／試題, 針對學生弱項, 提升解題技巧, 期望最快上課時間:3天內,粵語授課,不接受視像",0-5位導師,8/5/2026 下午6:54:27
219495,中五,數學(中文),每小時$200,視像補習,2026-05-08 17:47:58,,一星期1堂,每堂1小時,"：星期日 1600-1700, 時間可再商議","： 有耐性, 提供筆記, 提供練習／試題, 期望最快上課時間:3天內,粵語授課",6-10位導師,8/5/2026 下午6:54:29
219494,中五,"數學(中文),經濟(中文)",每小時$220 - 240,大水坑(上門補習),2026-05-08 17:33:47,：錦泰苑錦文閣,一星期2堂,每堂1.5小時,,： 不接受視像,0-5位導師,8/5/2026 下午6:54:30
219503,中五,英文,每小時$230 - 260,觀塘(上門補習),2026-05-08 19:54:25,：官塘凯汇,一星期1堂,每堂2小時,"：星期日 900-1200, 導師必須在以上時段補習","： 提供練習／試題, 有經驗, 互動教學, 期望最快上課時間:7天內,全英文授課、普通話授課,不接受視像",0-5位導師,8/5/2026 下午8:09:08
219502,中五,M2(中文),每小時$200 - 240,觀塘(上門補習),2026-05-08 19:45:40,：官塘凯汇,一星期1堂,每堂2小時,"：星期三 1600-1900, 導師必須在以上時段補習","： 有耐性, 提供練習／試題, 有經驗, 期望最快上課時間:7天內,普通話授課,不接受視像",0-5位導師,8/5/2026 下午8:09:09
219505,中四,數學(英文),每小時$180 - 210,視像補習,2026-05-08 21:47:13,,一星期1堂,每堂1小時,,,6-10位導師,8/5/2026 下午10:17:11
219504,小六,英文,每小時$170 - 210,馬鞍山(上門補習),2026-05-08 20:33:27,：天宇海,一星期1堂,每堂1小時,,,0-5位導師,8/5/2026 下午10:17:12
219510,中四,英文,每小時$200,"彩虹,觀塘,九龍灣,鑽石山,將軍澳(公眾地方)",2026-05-08 23:22:42,,一星期2堂,每堂1.5小時,"：星期一 1700-1800, 星期二 1700-1800, 星期三 1800-1900, 星期四 1700-1800, 星期五 1700-1800, 星期六 1500-1700, 星期日 1400-1600, 時間可再商議","： 提供筆記, 針對學生弱項, 英文差需要保底,期望最快上課時間:一個月內,粵語授課,不接受視像",6-10位導師,8/5/2026 下午11:55:49
219509,中五,經濟(中文),每小時$200,沙田(公眾地方),2026-05-08 23:08:58,,一星期2堂,每堂2小時,"：星期六 1800-2000, 時間可再商議","： 期望最快上課時間:3天內,粵語授課、普通話授課,不接受視像",0-5位導師,8/5/2026 下午11:55:50
219508,中四,物理(英文),每小時$230,香港仔(上門補習),2026-05-08 23:02:08,：香港仔中心,一星期1堂,每堂1.5小時,"：星期一 1615-1745, 星期四 1615-1745, 星期五 1615-1745, 時間可再商議","： 期望最快上課時間:3天內,粵語授課,不接受視像",0-5位導師,8/5/2026 下午11:55:51
219506,中二,數學(英文),每小時$210,屯門(公眾地方),2026-05-08 22:36:48,：體育館,一星期2堂,每堂2小時,"：星期三 1700-1800, 時間可再商議","： 有耐性, 提供筆記, 了解學生不足, 期望最快上課時間:一個月內,粵語授課,不接受視像",6-10位導師,8/5/2026 下午11:55:52
219507,中二,中文,每小時$210,屯門(公眾地方),2026-05-08 22:36:48,：體育館,一星期2堂,每堂2小時,"：星期三 1700-1800, 時間可再商議","： 有耐性, 提供筆記, 了解學生不足, 期望最快上課時間:一個月內,粵語授課,不接受視像",0-5位導師,8/5/2026 下午11:55:53
219511,中三,中文,每小時$220 - 260,屯門(上門補習),2026-05-09 00:01:41,：南浪海灣,一星期1堂,每堂1.5小時,,,0-5位導師,9/5/2026 上午1:24:14
219512,K1,英文,每小時$160 - 200,啟德(上門補習),2026-05-09 06:42:52,：啟德站附近,一星期2堂,每堂1小時,,,0-5位導師,9/5/2026 上午7:14:07
219524,中三,綜合科學(中文),每小時$200 - 280,視像補習,2026-05-09 11:42:57,,一星期1堂,每堂1.5小時,"：星期一 2030-2200, 星期二 2030-2230, 星期三 2030-2200, 星期四 2030-2200, 星期五 2030-2300, 星期六 1200-2300, 星期日 1500-1800, 導師必須在以上時段補習","： 有耐性, 提供筆記, 互動教學, 學生理解能力有限,期望最快上課時間:7天內,粵語授課",0-5位導師,9/5/2026 上午11:59:40
219523,中一,數學(英文),每小時$160 - 200,第一城(公眾地方),2026-05-09 11:34:36,：第一城、晴碧花園,一星期2堂,每堂1.5小時,"：星期二 1700-1830, 星期五 1700-1830, 星期六 1000-1130, 時間可再商議","： 嚴格, 提供練習／試題, 緊貼學校進度, 期望最快上課時間:7天內,粵語授課、全英文授課,不接受視像",0-5位導師,9/5/2026 上午11:59:41
219522,小二,英文,每小時$160 - 200,九龍城(上門補習),2026-05-09 11:07:43,：启德一号,一星期2堂,每堂1.5小時,"：星期五 1530-1700, 導師必須在以上時段補習","： 有耐性, 有經驗, 期望最快上課時間:2星期內,粵語授課、普通話授課,家長需以wechat聯絡,不接受視像",0-5位導師,9/5/2026 上午11:59:42
219521,小六,中文,每小時$150 - 190,荃灣(上門補習),2026-05-09 11:01:26,：海濱花園荃灣地鐵站,一星期1堂,每堂1.5小時,,,0-5位導師,9/5/2026 上午11:59:43
219520,中二,英文,每小時$180 - 220,沙田(上門補習),2026-05-09 10:55:39,：富豪花园,一星期1堂,每堂1.5小時,,,0-5位導師,9/5/2026 上午11:59:45
219519,中四,中文,每小時$180 - 220,觀塘(上門補習),2026-05-09 10:42:18,：凱匯,一星期1堂,每堂2小時,"：星期三 7-9, 時間可再商議","： 期望最快上課時間:7天內,粵語授課,不接受視像",0-5位導師,9/5/2026 上午11:59:46
219517,中一,數學(中文),每小時$160 - 200,觀塘(視像補習),2026-05-09 10:16:16,：觀塘,一星期3堂,每堂1小時,,,6-10位導師,9/5/2026 上午11:59:47
219518,中五,英文,每小時$220,將軍澳(上門補習),2026-05-09 10:15:29,：怡明邨,一星期1堂,每堂2小時,"：星期六 1500-1700, 時間可再商議","： 針對學生弱項, 期望最快上課時間:3天內,粵語授課,不接受視像",0-5位導師,9/5/2026 上午11:59:48
219516,中三,數學(中文),每小時$150-200,坑口(上門補習),2026-05-09 10:10:21,：煜明苑,一星期1堂,每堂1.5小時,"：星期二 5:00-6:30, 星期五 5:00-6:30","： 最好懂會計，女導師,不接受視像",0-5位導師,9/5/2026 上午11:59:49
219515,小二,普通話,每小時$150-200,荃灣(上門補習),2026-05-09 10:04:40,：環宇海灣,一星期3堂,每堂1小時,"：星期二 5:00-6:00, 星期三 5:00-6:00, 星期四 5:00-6:00, 星期五 5:00-6:00","： 普通話口語考試 (朗讀課文和看圖說故事) ,不接受視像,要流利普通話",0-5位導師,9/5/2026 上午11:59:51
219514,中三,"物理(英文),生物(英文)",每小時$170 - 210,荃灣(上門或視像皆可),2026-05-09 10:02:44,：荃灣海之戀,一星期2堂,每堂1.5小時,：,,6-10位導師,9/5/2026 上午11:59:52
219513,K3,英文,每小時$150 - 200,視像補習,2026-05-09 09:49:58,,一星期1堂,每堂2小時,,,0-5位導師,9/5/2026 上午11:59:53
219532,中三,Maths Physics Chem Bio,每小時$180 - 250,杏花邨(上門補習),2026-05-09 13:25:30,：杏花邨（地鐵站步行5分鐘內到達）,一星期2堂,每堂2小時,"：星期一 1900-2100, 星期三 1700-1900, 星期五 1700-1900, 星期六 0900-1100, 星期日 0900-1200, 時間可再商議","： 嚴格, 有耐性, 指導功課, 期望最快上課時間:7天內,不接受視像",0-5位導師,9/5/2026 下午2:24:55
219533,中四,數學(英文),每小時$230 - 270,深井(上門補習),2026-05-09 13:24:34,：碧堤半島,一星期2堂,每堂2小時,"：星期五 1800-2200, 星期六 0900-2200, 星期日 0900-2200, 時間可再商議","： 提升解題技巧, 住附近地區導師，期望最快上課時間:3天內,粵語授課,不接受視像",6-10位導師,9/5/2026 下午2:24:56
219530,中二,英文,每小時$180 - 220,將軍澳(公眾地方),2026-05-09 13:16:21,,一星期1堂,每堂1.5小時,"：星期一 1800, 時間可再商議","： 針對學生弱項, 期望最快上課時間:7天內,全英文授課,不接受視像",0-5位導師,9/5/2026 下午2:24:57
219531,中二,數學(英文),每小時$180 - 220,將軍澳(公眾地方),2026-05-09 13:16:21,,一星期1堂,每堂1.5小時,"：星期一 1800, 時間可再商議","： 針對學生弱項, 期望最快上課時間:7天內,粵語授課、全英文授課,不接受視像",6-10位導師,9/5/2026 下午2:24:58
219529,小六,全科(英文),每小時$280 - 300,坑口(上門補習),2026-05-09 13:13:42,：近將軍澳醫院,一星期1堂,每堂2小時,"：星期五 1700-1900, 導師必須在以上時段補習","： 有耐性, 理科生，小朋友常識科最弱，導師DSE 至少 英文5,數學4 的導師,期望最快上課時間:2星期內,粵語授課、全英文授課,不接受視像",0-5位導師,9/5/2026 下午2:24:59
219527,中四,經濟(英文),每小時$180 - 200,大角咀(公眾地方),2026-05-09 12:27:21,：新九龍/奧海城,一星期2堂,每堂2小時,"：星期一 1800-2000, 星期四 1800-2000, 星期日 830-1000, 導師必須在以上時段補習","： 提供練習／試題, 有經驗, 提升解題技巧, 期望最快上課時間:7天內,粵語授課、全英文授課,不接受視像",6-10位導師,9/5/2026 下午2:25:00
219526,小三,全科(英文),每小時$180 - 200,將軍澳(上門補習),2026-05-09 12:05:26,：雍明苑,一星期3堂,每堂1.5小時,"：星期一 4:30-6:00, 星期二 4:30-6:00, 星期四 4:30-6:00, 導師必須在以上時段補習","： 【暑假後升小四】只要中文系的導師 一半時間睇功課, 一半時間主力操中文,不接受視像",0-5位導師,9/5/2026 下午2:25:02
219525,中三,中文,每小時$170 - 280,視像補習,2026-05-09 11:55:54,,一星期1堂,每堂1.5小時,"：星期一 2030-2200, 星期二 2030-2230, 星期三 2030-2200, 星期四 2030-2200, 星期五 2030-2230, 星期六 1200-2300, 星期日 1500-1800, 導師必須在以上時段補習","： 有耐性, 提供筆記, 提升閱讀能力, 學生理解能力有限,期望最快上課時間:7天內,粵語授課",11-15位導師,9/5/2026 下午2:25:03
219548,中四,經濟(中文),每小時$230 - 270,屯門(上門補習),2026-05-09 16:11:09,：飛揚,一星期2堂,每堂1.5小時,"：星期一 1800-1900, 時間可再商議","： 期望最快上課時間:3天內,粵語授課,不接受視像",0-5位導師,9/5/2026 下午4:17:27
219547,中四,英文,每小時$200 - 250,北角(上門補習),2026-05-09 16:09:23,：繼園街和景閣,一星期1堂,每堂1.5小時,：,"： 提供練習／試題, 幫學生專攻考試，有耐性同責任感的導師,同學英文程度同底子都差；不接受視像",0-5位導師,9/5/2026 下午4:17:28
219546,中四,會計(中文),每小時$180 - 220,康城(上門補習),2026-05-09 16:03:50,：日出康城晉海,一星期1堂,每堂1.5小時,,,0-5位導師,9/5/2026 下午4:17:29
219545,year7,綜合科學(中文),每小時$180 - 220,將軍澳(上門補習),2026-05-09 15:59:35,：metro town,一星期2堂,每堂2小時,"：星期一 16:00u201320:00, 星期二 16:00u201320:00, 星期三 16:00u201320:00, 星期四 16:00u201320:00, 星期五 16:00u201320:00, 時間可再商議","： 導師需要：1. 熟悉七年級 IS 課程架構，擅長粒子模型、水的淨化、溶解度、熱傳遞、密度、能量轉換等考點 2. 教學細心、有耐心、具責任心，願意逐題講解、整理筆記、協助補強弱點 3. 可全英 / 中英雙語授課，熟悉國際學校考題與滿分答題模板 4. 擅長整理思維導圖、彙整易錯觀念，協助快速穩定進步。補習重點需要：觀念系統化整理，製作可列印複習筆記 • 考卷錯題詳解，修正觀念混淆、實驗題、圖表題失分問題 • 強化英文答題用語，掌握標準得分句型,不接受視像",0-5位導師,9/5/2026 下午4:17:31
219544,中三,數學(英文),每小時$160 - 200,黃大仙(上門補習),2026-05-09 15:52:14,：翠竹花園,一星期1堂,每堂1.5小時,：,： 不接受視像,0-5位導師,9/5/2026 下午4:17:32
219543,中一,英文,每小時$180 - 220,"大圍,石門,第一城(公眾地方)",2026-05-09 15:42:21,：第一城、晴碧花園,一星期2堂,每堂1.5小時,"：星期二 1700-1830, 星期五 1700-1830, 星期六 1000-1400, 星期日 1400-2100, 時間可再商議","： 嚴格, 緊貼學校進度, 幫助操練, 期望最快上課時間:7天內,粵語授課、全英文授課,有特殊學習需要,不接受視像",0-5位導師,9/5/2026 下午4:17:33
219542,小一,英文,每小時$200,旺角(上門補習),2026-05-09 15:35:58,：花園街,一星期1堂,每堂1.5小時,,"： 有愛心, 老師教phonics加英文,不接受視像",0-5位導師,9/5/2026 下午4:17:35
219540,中四,化學(中文),每小時$210,西貢(上門補習),2026-05-09 15:19:40,：白石台,一星期1堂,每堂1.5小時,"：星期六 1200-1400, 導師必須在以上時段補習",： 不接受視像,0-5位導師,9/5/2026 下午4:17:36
219541,中三,英文,每小時$190 - 210,筲箕灣(上門補習),2026-05-09 15:18:40,：筲箕湾道***号筲箕湾中心*座**楼F室,一星期1堂,每堂1.5小時,"：星期一 1600-1800, 星期二 1600-1800, 星期三 1600-1800, 星期四 1600-1800, 星期五 1600-1800, 導師必須在以上時段補習","： 曾在補習社工作, 提升解題技巧, 了解學生不足, 内地学生刚来港，不适应香港英文题型，尤其听力题型不熟悉。英文基础扎实，英文单科现排年纪前，想尽快了解解题技巧。十,期望最快上課時間:7天內,全英文授課、普通話授課,不接受視像",0-5位導師,9/5/2026 下午4:17:37
219539,中三,數學(英文),每小時$160,視像補習,2026-05-09 15:13:56,,一星期1堂,每堂1小時,"：星期六 1700-2100, 星期日 1700-2100, 時間可再商議","： 有耐性, 提供練習／試題, 引起學生學習興趣, 期望最快上課時間:3天內,粵語授課",0-5位導師,9/5/2026 下午4:17:39
219538,中三,中文,每小時$180 - 300,北角(上門補習),2026-05-09 14:55:37,：健威花園,一星期1堂,每堂1.5小時,"：星期一 1700, 星期二 1700, 星期四 1700, 導師必須在以上時段補習","： 導師住香港區,最好讀過聖馬可中學,主補中文考試範圍，其中包括閱讀理解，及課文內容問題的理解，作者的中心思想及所帶出嘅內容，修辭及寫作技巧，可不用補寫作,教學要多元化，有耐性有筆記練習，有不同的教學技巧，希望不要整堂都講一個題目，想操dse考試卷，不接受視像",0-5位導師,9/5/2026 下午4:17:40
219535,K2,聲樂,每小時$200 - 250,荃灣(上門補習),2026-05-09 14:32:28,：綠楊,一星期1堂,每堂1小時,,"： 目標考ABRSM,不接受視像",0-5位導師,9/5/2026 下午4:17:42
219534,K2,英文,每小時$160 - 230,荃灣(上門補習),2026-05-09 14:31:11,：綠楊,一星期1堂,每堂1.5小時,,"： 補show and tell,不接受視像",0-5位導師,9/5/2026 下午4:17:43
219536,中一,中文,每小時$160 - 200,葵涌(上門補習),2026-05-09 14:30:14,：華景山莊,一星期2堂,每堂1.5小時,"：星期一 1730-2030, 星期四 1730-2030, 星期六 1100-1800, 星期日 1100-1300, 時間可再商議","： 期望最快上課時間:3天內,粵語授課,不接受視像",0-5位導師,9/5/2026 下午4:17:44
219537,中一,中史,每小時$160 - 200,葵涌(上門補習),2026-05-09 14:30:14,：華景山莊,一星期2堂,每堂1.5小時,"：星期一 1730-2030, 星期四 1730-2030, 星期六 1100-1800, 星期日 1100-1300, 時間可再商議","： 期望最快上課時間:3天內,粵語授課,不接受視像",0-5位導師,9/5/2026 下午4:17:46
219528,grade2,全科(英文),每小時$180 - 220,粉嶺(上門補習),2026-05-09 13:04:00,：軍地村屋,一星期5堂,每堂1小時,：,"： 【可分2位導師各補2-3日；請申請時註明自己可補的日數】普教中,不接受視像",0-5位導師,9/5/2026 下午4:17:47
219552,小三,數學(中文),每小時$120 - 180,視像補習,2026-05-09 17:41:56,,一星期1堂,每堂1小時,,"： 有耐性, 提供練習／試題, 長補, 一星期一至兩堂",0-5位導師,9/5/2026 下午5:49:04
219551,中三,"中文,英文",每小時$220 - 250,屯門(上門補習),2026-05-09 17:35:58,,一星期1堂,每堂1.5小時,：,： 不接受視像；兩科都需要補，導師需有5*以上,0-5位導師,9/5/2026 下午5:49:05
219550,中四,化學(中文),每小時$230 - 270,馬灣(公眾地方),2026-05-09 17:08:45,,一星期2堂,每堂1.5小時,"：星期五 1700-1830, 時間可再商議","： 有耐性, 針對學生弱項, 了解學生不足, 願意支付額外交通金額(HKD): 30.00, 基礎差,期望最快上課時間:7天內,粵語授課,不接受視像",0-5位導師,9/5/2026 下午5:49:07
219549,中二,資訊及通訊科技(英文),每小時$230 - 270,上水(上門補習),2026-05-09 16:33:20,：御皇庭,一星期1堂,每堂1.5小時,：,： 不接受視像,0-5位導師,9/5/2026 下午5:49:08
219556,中二,中文,每小時$170 - 200,荃灣(上門補習),2026-05-09 18:14:02,：汀九青山公路***號,一星期1堂,每堂1.5小時,"：星期一 1730-1900, 星期三 1730-1900, 星期四 1730-1900, 時間可再商議","： 嚴格, 有耐性, 提供練習／試題, 願意支付額外交通金額(HKD): 20.00, 校內補底為主,期望最快上課時間:7天內,粵語授課,不接受視像",0-5位導師,9/5/2026 下午6:42:54
219555,小一,英文,每小時$160 - 200,南昌(上門補習),2026-05-09 18:11:57,：珑玺,一星期3堂,每堂1小時,,,0-5位導師,9/5/2026 下午6:42:55
219554,中三,英文,每小時$220 - 250,荃灣(上門補習),2026-05-09 18:10:29,：湾景广场,一星期1堂,每堂1.5小時,：,"： 3年以上補習經驗，八大，英語成績5以上,最好有英语教课工作经验,不接受視像",0-5位導師,9/5/2026 下午6:42:56
219553,中三,中文,每小時$170 - 400,馬鞍山(上門補習),2026-05-09 17:48:51,：錦鞍苑,一星期1堂,每堂1.5小時,"：星期六 1400-18-00, 星期日 1000-1800, 導師必須在以上時段補習","： 全職導師, 現職/曾任中小學教師, 期望最快上課時間:一個月內,粵語授課,不接受視像",0-5位導師,9/5/2026 下午6:42:58
219560,中四,經濟(中文),每小時$220 - 300,將軍澳(上門補習),2026-05-09 19:20:12,：將軍澳村(村屋),一星期1堂,每堂2小時,：,： 【不接受視像】,0-5位導師,9/5/2026 下午7:37:32
219559,小二,數學(英文),每小時$200 - 250,沙田(上門補習),2026-05-09 19:00:10,：浸會大學宿舍,一星期1堂,每堂1小時,：,"： 自備教材，想搵做過數研或maths concept教過的導師,不接受視像",0-5位導師,9/5/2026 下午7:37:33
219557,小三,全科(英文),每小時$140 - 200,"鑽石山,新蒲崗(上門補習)",2026-05-09 18:44:01,：新蒲崗采頤花園二座,一星期1堂,每堂3小時,,"： 導師需要跟中文英文和數學三科；星期日下午補3小時,不接受視像",0-5位導師,9/5/2026 下午7:37:34
219558,中五,數學(英文),每小時$200,沙田(公眾地方),2026-05-09 18:42:19,,一星期1堂,每堂1.5小時,"：星期一 1630, 星期二 1630, 星期四 1630, 星期六 1500, 星期日 1300, 時間可再商議","： 期望最快上課時間:3天內,粵語授課,不接受視像",6-10位導師,9/5/2026 下午7:37:35
219562,中五,數學(中文),每小時$200 - 240,視像補習,2026-05-09 20:14:55,,一星期2堂,每堂1.5小時,"：星期三 1700-2200, 星期六 1300-1500, 導師必須在以上時段補習","： 期望最快上課時間:3天內,粵語授課",6-10位導師,9/5/2026 下午8:41:52
219561,40+歲,普通話,每小時$200 - 300,尖沙咀(公眾地方),2026-05-09 19:58:47,：P*地鐵站餐廳,一星期1堂,每堂1.5小時,：星期日 12:30-2:00,： 需要母語國語導師，逢星期日 12:30-2:00，不接受視像,0-5位導師,9/5/2026 下午8:41:53
219567,中五,中文,每小時$200,馬鞍山(上門補習),2026-05-09 21:57:41,：石门邨,一星期1堂,每堂1.5小時,：,： 不接受視像,0-5位導師,9/5/2026 下午10:08:27
219566,中四,中文,每小時$180 - 220,九龍灣(上門補習),2026-05-09 21:49:21,：德福花園J座***室（在樓下補，不用上家）,一星期1堂,每堂1.5小時,,,0-5位導師,9/5/2026 下午10:08:28
219565,小三,"中文,廣東話",每小時$150 - 220,油麻地(上門補習),2026-05-09 21:29:13,"：Tung Yu Building, Tung Fong Street",一星期1堂,每堂1.5小時,：,"： 家長需要英語溝通，同學粵語及中文不太好，導師需要英語輔助教學;One or two lessons per week,不接受視像",0-5位導師,9/5/2026 下午10:08:29
219563,小二,數學(中文),每小時$130 - 200,大埔(上門補習),2026-05-09 20:53:58,：富蝶邨,一星期2堂,每堂1.5小時,"：星期三 1600-1700, 星期五 1600-1700, 時間可再商議","： 需要住附近/同區的導師,粵語授課,不接受視像",0-5位導師,9/5/2026 下午10:08:30
219564,year12,Chem Sl,每小時$430 - 500,康城(上門補習),2026-05-09 20:53:09,：緻藍天,一星期2堂,每堂1.5小時,"：星期一 1800-2000, 星期二 1800-2000, 星期三 1800-2000, 星期六 1200-1800, 星期日 1200-1800, 時間可再商議","： 提供筆記, 提供練習／試題, No,期望最快上課時間:3天內",0-5位導師,9/5/2026 下午10:08:31
219568,K1,英文,每小時$230 - 250,粉嶺(上門補習),2026-05-09 22:31:15,：榮福中心,一星期1堂,每堂1.5小時,"：星期一 1700-1900, 星期二 1700-1900, 星期三 1700-1900, 星期四 1700-1900, 星期五 1700-1900, 星期六 0900-1900, 星期日 0900-1900, 時間可再商議","： 英文溝通陪玩，家中還有一個一歲妹妹，有機會一起玩。希望導師主動友善，家中有玩具和英語故事書可使用；期望最快上課時間:2星期內,不接受視像",0-5位導師,9/5/2026 下午11:13:54
219569,中二,中文,每小時$160 - 200,視像補習,2026-05-09 23:18:54,,一星期1堂,每堂1小時,"：星期一 2000-2100, 星期五 2000-2100, 時間可再商議","： 嚴格, 有耐性, 提供筆記, ADHD，容易分心,期望最快上課時間:2星期內,粵語授課、普通話授課,有特殊學習需要",0-5位導師,10/5/2026 上午12:11:21
219570,小四,"英文,數學(中文)",每小時$170,觀塘(公眾地方),2026-05-10 01:54:25,：APM,一星期2堂,每堂1.5小時,"：星期六 1500-1600, 星期日 1300-1400, 導師必須在以上時段補習","： 提供練習／試題, 有愛心, 時間不合請不要申請, 期望最快上課時間:3天內,粵語授課,不接受視像",0-5位導師,10/5/2026 上午3:32:53
219575,中五,英文,每小時$220 - 260,土瓜灣(公眾地方),2026-05-10 12:02:34,,一星期1堂,每堂2小時,"：星期六 1500-1600, 時間可再商議","： 有耐性, 期望最快上課時間:一個月內,粵語授課、全英文授課,不接受視像",0-5位導師,10/5/2026 下午12:07:21
219574,中三,生物(英文),每小時$220 - 250,太古城(公眾地方),2026-05-10 11:55:53,：星巴客,一星期1堂,每堂1.5小時,,"： 提供練習,不接受視像",0-5位導師,10/5/2026 下午12:07:22
219573,小五,全科(英文),每小時$250 - 300,大埔(上門補習),2026-05-10 11:25:57,：富善邨/嵐山,一星期2堂,每堂1.5小時,"：星期三 1645-1815/1745-1915, 星期六 1645-1815/1745-1915, 導師必須在以上時段補習","： 需要住附近的, 主要是教中文及普通話,有耐性,有愛心, 有ADHD，讀寫障礙。不接受視像",0-5位導師,10/5/2026 下午12:07:23
219572,中四,中文,每小時$200 - 230,慈雲山(上門補習),2026-05-10 10:51:54,：慈樂邨,一星期1堂,每堂1.5小時,,"： 拎5*或以上, 要有經驗,不接受視像",0-5位導師,10/5/2026 下午12:07:24
219571,中三,物理(英文),每小時$170 - 220,烏溪沙(公眾地方),2026-05-10 09:37:58,：翠擁華庭,一星期1堂,每堂2小時,"：星期五 1900-2100, 時間可再商議","： 有耐性, 提供練習／試題, 有經驗, 期望最快上課時間:7天內,全英文授課,不接受視像",0-5位導師,10/5/2026 下午12:07:26
219581,小四 (3人),數學(英文),每小時$170 - 200,太子(上門補習),2026-05-10 13:52:07,：鐘山閣,一星期1堂,每堂3小時,,"： 有耐性, 一星期1-2堂；有三位女兒（1個小四，2個小一）按需要彈性安排一對一每人1小時輪流地補；需要英語和廣東話標準發音、溫柔有耐心、外貌親切的大學生導師，時間彈性，女兒都比較緘默不主動說話，需要慢慢熟悉，導師要喜歡小朋友。粵語授課、普通話授課,有特殊學習需要,不接受視像",0-5位導師,10/5/2026 下午2:43:40
219580,小四 (3人),"中文,英文",每小時$170 - 200,太子(上門補習),2026-05-10 13:51:41,：鐘山閣,一星期1堂,每堂3小時,：,"： 有耐性, 中英文寫作，一星期1-2堂；有三位女兒（1個小四，2個小一）按需要彈性安排一對一每人1小時輪流地補；需要英語和廣東話標準發音、溫柔有耐心、外貌親切的大學生導師，時間彈性，女兒都比較緘默不主動說話，需要慢慢熟悉，導師要喜歡小朋友。粵語授課、普通話授課,有特殊學習需要,不接受視像",0-5位導師,10/5/2026 下午2:43:41
219579,國際學校 小五,中文,每小時$200 - 300,美孚(上門補習),2026-05-10 13:47:30,：美孚新邨,一星期4堂,每堂1小時,"：星期一 2000-2100, 星期二 2000-2100, 星期三 2000-2100, 星期六 1300-1400, 導師必須在以上時段補習","： 【要求要全職補習老師,native普通話，平時一星期四堂，暑假想每天上堂】教國際學校小朋友10歲女孩子，小學五年級，普通話教繁體中文字, 同學對中文有專注力問題，中文程度差，應該只有二年級，老師要有耐性及有趣趣味，因為我的女兒本身就不喜歡中文，願意做字卡; 不接受視像【可分開兩位導師夾一星期時間】",0-5位導師,10/5/2026 下午2:43:42
219578,中五,中文,每小時$200 - 240,藍田(上門補習),2026-05-10 13:33:47,：康田苑,一星期1堂,每堂2小時,"：星期四 1700-1830, 星期日 1400-1800","： 有耐性, 提供筆記, 提供練習／試題, 必須面授，可以上門或公眾地方上堂,不接受視像",0-5位導師,10/5/2026 下午2:43:43
219577,小二,"中文,英文",每小時$140 - 300,北角(上門補習),2026-05-10 13:32:54,：百福花園,一星期1堂,每堂1.5小時,"：星期五 Afternoon, 星期日 Morning, 導師必須在以上時段補習","： 有耐性, 考試成績70-90,期望最快上課時間:2星期內,粵語授課,不接受視像",0-5位導師,10/5/2026 下午2:43:45
219576,中四,英文,每小時$200 - 240,灣仔(公眾地方),2026-05-10 13:16:40,：合和中心,一星期2堂,每堂1.5小時,"：星期一 1600-1730, 導師必須在以上時段補習","： 有耐性, 提供筆記, 提供練習／試題, 期望最快上課時間:7天內,粵語授課,不接受視像",0-5位導師,10/5/2026 下午2:43:46
219583,year11,英文,每小時$250 - 300,視像補習,2026-05-10 15:56:44,,一星期1堂,每堂1.5小時,"：星期一 17:30-20:30, 星期二 17:30-20:30, 星期三 17:30-20:30, 星期四 17:30-20:30, 星期五 17:30-20:30",： 國際學校,0-5位導師,10/5/2026 下午4:32:17
219582,中五,英文,每小時$270 - 310,天水圍(上門補習),2026-05-10 15:42:56,：天晴邨,一星期1堂,每堂1.5小時,,,0-5位導師,10/5/2026 下午4:32:18
219588,year10,Business Studies(英文),每小時$250；300,視像補習,2026-05-10 17:55:09,,一星期1堂,每堂1小時,：,"： 如有需要會加鐘, 需要在英國的導師, 避免時差問題",0-5位導師,10/5/2026 下午6:01:24
219587,中五,英文,每小時$220 - 260,南昌(上門補習),2026-05-10 17:31:27,：富昌邨,一星期1堂,每堂1.5小時,"：星期一 18:30-20:00, 導師必須在以上時段補習",： 不接受視像,0-5位導師,10/5/2026 下午6:01:25
219586,中四,英文,每小時$200 - 250,視像補習,2026-05-10 17:26:13,,一星期1堂,每堂2小時,"：星期四 1700-2000, 星期五 1700-2000, 星期六 1000-1800, 時間可再商議","： 提供練習／試題, 有經驗, 期望最快上課時間:7天內,全英文授課",11-15位導師,10/5/2026 下午6:01:26
219585,中三,英文,每小時$240 - 280,青衣(上門或視像皆可),2026-05-10 17:00:21,：翠怡花園（地鐵行10分鐘）,一星期2堂,每堂1.5小時,"：星期三 2000-2100, 星期五 2030-2130, 星期六 1000-1100/2000-2130, 星期日 1030-1200/2000-2100, 時間可再商議","： 長補, 有經驗, 互動教學, 期望最快上課時間:7天內,粵語授課、全英文授課",6-10位導師,10/5/2026 下午6:01:27
219590,中一,全科(英文),每小時$250 - 300,佐敦(上門補習),2026-05-10 18:51:12,：佐敦官涌街**號the Austine Place,一星期1堂,每堂1.5小時,"：星期一 2030-2200, 星期二 2030-2200, 星期六 0930-1100, 星期日 0930-1100, 導師必須在以上時段補習","： 有耐性, 提供練習／試題, 有愛心, 不接受視像,St mary畢業導師，成績需5或以上【請導師備註可補科目】",0-5位導師,10/5/2026 下午7:09:39
219589,中五,英文,每小時$220 - 330,視像補習,2026-05-10 18:15:34,,一星期1堂,每堂1小時,"：星期日 1000-2000, 導師必須在以上時段補習","： 提供練習／試題, /,期望最快上課時間:7天內,粵語授課",11-15位導師,10/5/2026 下午7:09:41
219593,中五,英文,每小時$220,北角(公眾地方),2026-05-10 21:39:44,,一星期2堂,每堂2小時,"：星期一 1630-1800, 星期五 1100-1230, 星期六 1030-1200, 時間可再商議","： 有耐性, 長補, 提升寫作能力, 可約地方補或周末視像,期望最快上課時間:7天內,粵語授課,不接受視像",0-5位導師,10/5/2026 下午9:52:02
219592,K1,拼音 Phonics(英文),每小時$230,九龍灣(上門補習),2026-05-10 21:19:34,：徳福花園,一星期1堂,每堂1小時,"：星期二 1400-1500, 導師必須在以上時段補習","： 期望最快上課時間:1個月後,不接受視像",0-5位導師,10/5/2026 下午9:52:03
219591,中四,會計(英文),每小時$230 - 270,上水(上門或視像皆可),2026-05-10 20:03:31,：御皇庭,一星期2堂,每堂2小時,"：星期六 9:00AM-7:00PM, 星期日 9:00AM-7:00PM, 導師必須在以上時段補習",,0-5位導師,10/5/2026 下午9:52:04
219594,中四,物理(中文),每小時$180 - 430,藍田(上門補習),2026-05-10 22:30:43,：kokorosso,一星期2堂,每堂1.5小時,"：星期一 1800-1930, 星期二 1900-2030, 星期三 1800-1930, 星期四 1800-1930, 星期五 1800-1930, 星期六 1800-1930, 星期日 1800-1930, 時間可再商議","： 有耐性, 提供筆記, 提供練習／試題, 希望可以上门1对1,期望最快上課時間:7天內,粵語授課、普通話授課,不接受視像",0-5位導師,10/5/2026 下午10:47:41
219597,中五,經濟(中文),每小時$250,"旺角,屯門(公眾地方)",2026-05-10 23:24:03,,一星期1堂,每堂1.5小時,"：星期一 1800-2000, 星期二 1800-2000, 星期三 1800-2000, 星期四 1800-2000, 星期五 1800-2000, 星期六 1800-2000, 星期日 1800-2000, 時間可再商議","： 有耐性, 提供筆記, 提供練習／試題, 期望最快上課時間:7天內,粵語授課,不接受視像",0-5位導師,10/5/2026 下午11:39:43
219598,中五,英文,每小時$220 - 410,牛池灣(上門補習),2026-05-10 23:16:16,：豐盛街紀律部隊宿舍,一星期1堂,每堂1.5小時,"：星期六 1500-1600, 星期日 1500-1600, 時間可再商議","： 幫助操練, 針對學生弱項, 提升解題技巧, 願意支付額外交通金額(HKD): 0.00, 期望最快上課時間:7天內,粵語授課、全英文授課,不接受視像",0-5位導師,10/5/2026 下午11:39:44
219596,中四,會計(中文),每小時$180 - 270,慈雲山(公眾地方),2026-05-10 23:02:00,：本彎水產,一星期2堂,每堂2小時,"：星期五 1900-2100, 星期六 1900-2100, 時間可再商議","： 期望最快上課時間:3天內,粵語授課,不接受視像",0-5位導師,10/5/2026 下午11:39:45
219595,中四,經濟(中文),每小時$180 - 260,慈雲山(公眾地方),2026-05-10 22:45:17,：本彎水產,一星期2堂,每堂2小時,"：星期五 1900-2030, 星期六 1900-2030, 時間可再商議","： 期望最快上課時間:3天內,粵語授課,不接受視像",0-5位導師,10/5/2026 下午11:39:47
219599,K2,拼音 Phonics(英文),每小時$310 - 550,半山(上門補習),2026-05-10 23:58:06,：麥當勞道*號,一星期1堂,每堂1小時,"：星期二 1030-11-30, 時間可再商議","： 有愛心, 希望幫助學生通過學習phonics愛上讀書,期望最快上課時間:7天內,不接受視像",0-5位導師,11/5/2026 上午12:37:03
219600,中五,經濟(英文),每小時$200 - 250,視像補習,2026-05-11 00:51:31,,一星期2堂,每堂2小時,"：星期六 1200-1600, 星期日 1100-1600, 時間可再商議","： 有耐性, 緊貼學校進度, 期望最快上課時間:2星期內,粵語授課",6-10位導師,11/5/2026 上午1:36:40
219601,中四,數學(英文),每小時$180 - 250,視像補習,2026-05-11 08:17:55,,一星期1堂,每堂1.5小時,"：星期三 1900-2200, 時間可再商議","： 期望最快上課時間:7天內,粵語授課、全英文授課,急單補習(需要在兩天內開始上第一堂課)",6-10位導師,11/5/2026 上午9:27:40
219620,中一,中文,每小時$280 - 350,旺角(上門補習),2026-05-11 13:35:41,：/,一星期1堂,每堂1小時,"：星期三 1600, 導師必須在以上時段補習","： 提供筆記, 提供練習／試題, 有耐性, 有特殊學習需要,期望最快上課時間:7天內",0-5位導師,11/5/2026 下午1:40:10
219621,小一,全科(英文),每小時$140 - 180,馬鞍山(上門補習),2026-05-11 13:35:18,：富宝花园,一星期2堂,每堂2小時,"：星期一 3-6, 星期二 3-6, 星期三 3-6, 星期四 3-6, 星期五 3-6, 導師必須在以上時段補習","： 嚴格, 有耐性, 有愛心, 不专心,期望最快上課時間:3天內,粵語授課,有特殊學習需要,不接受視像",0-5位導師,11/5/2026 下午1:40:11
219619,中五,會計(英文),每小時$230 - 250,粉嶺(上門補習),2026-05-11 13:22:37,：粉嶺中心,一星期1堂,每堂1.5小時,,"： 期望最快上課時間:7天內,粵語授課,不接受視像",0-5位導師,11/5/2026 下午1:40:12
219618,K3,拼音 Phonics(英文),每小時$230 - 1200,將軍澳(上門補習),2026-05-11 13:09:36,：天晉,一星期2堂,每堂1小時,"：星期一 1000-1100, 星期三 1000-1100, 星期五 1000-1100, 時間可再商議","： 全英語上堂, 提升閱讀能力, 提升寫作能力, 暑期6月至8月,期望最快上課時間:1個月後,不接受視像",0-5位導師,11/5/2026 下午1:40:13
219617,中一,數學(英文),每小時$160 - 200,將軍澳(上門補習),2026-05-11 13:08:33,：日出康城,一星期3堂,每堂2小時,"：星期五 1700-1900, 星期六 1300-1500, 星期日 1300-1500, 導師必須在以上時段補習","： 期望最快上課時間:7天內,全英文授課,不接受視像",0-5位導師,11/5/2026 下午1:40:14
219615,小五,中文,每小時$150 - 190,沙田(上門補習),2026-05-11 12:49:24,：瓏珀山,一星期1堂,每堂1小時,"：星期一 7pm, 星期三 7pm, 星期五 7pm, 導師必須在以上時段補習",： 不接受視像,0-5位導師,11/5/2026 下午1:40:16
219614,小二,全科(英文),每小時$180 - 230,油塘(上門補習),2026-05-11 12:37:27,：油麗邨,一星期1堂,每堂1.5小時,,"： 有耐性, 提供練習／試題, 導師全科需要有LV4以上，其中1-2科LV5 ,不接受應屆DSE學生導師，不考慮視像,不接受視像",0-5位導師,11/5/2026 下午1:40:17
219611,中四,物理(英文),每小時$200 - 280,觀塘(上門補習),2026-05-11 11:39:12,：裕民中心,一星期1堂,每堂1.5小時,：,"： 導師考2025年DSE 5*或以上,不接受視像,一個月約5堂，時間星期六早上0830-1000及星期日都可以",0-5位導師,11/5/2026 下午1:40:19
219610,中一,英文,每小時$180 - 220,黃大仙(上門補習),2026-05-11 11:31:29,,一星期2堂,每堂2小時,：,： 不接受視像,0-5位導師,11/5/2026 下午1:40:20
219609,小六,"中文,英文,數學(英文)",每小時$250 - 330,九龍塘(上門補習),2026-05-11 10:57:59,：又一居*座,一星期2堂,每堂2小時,：,： 【6月必須要有時間唔改期】中英數要達5*或以上，必須識教數學(英文卷)、學校係英文學校，要有豐富經驗和耐心，不接受視像,0-5位導師,11/5/2026 下午1:40:21
219608,中四,化學(中文),每小時$230 - 270,元朗(公眾地方),2026-05-11 10:30:35,：元朗星巴克,一星期2堂,每堂2小時,"：星期二 1630-1830, 星期三 1730-1930, 星期五 1730-1930, 時間可再商議","： 有耐性, 提供筆記, 提供練習／試題, 期望最快上課時間:3天內,粵語授課,不接受視像",0-5位導師,11/5/2026 下午1:40:23
219607,中四,生物(中文),每小時$230 - 270,元朗(公眾地方),2026-05-11 10:19:43,：元朗星巴克,一星期2堂,每堂2小時,"：星期二 1630-1830, 星期三 1730-1930, 星期五 1730-1930, 導師必須在以上時段補習","： 有耐性, 提供筆記, 提供練習／試題, 期望最快上課時間:3天內,粵語授課,不接受視像",0-5位導師,11/5/2026 下午1:40:24
219605,中二,英文,每小時$180,將軍澳(公眾地方),2026-05-11 10:11:43,,一星期2堂,每堂2小時,"：星期一 11-13, 星期二 11-13, 星期三 11-13, 星期四 11-13, 星期五 11-13, 時間可再商議","： 期望最快上課時間:1個月後,全英文授課,不接受視像",0-5位導師,11/5/2026 下午1:40:25
219604,中四,生物(英文),每小時$180 - 250,視像補習,2026-05-11 09:53:40,,一星期1堂,每堂1.5小時,：星期二 2030-2200,： 生物科資深的老師，有筆記有練習及試題，需要老師資歷證明,0-5位導師,11/5/2026 下午1:40:27
219603,中五,化學(英文),每小時$240 - 500,"坑口,將軍澳(公眾地方)",2026-05-11 09:51:18,：新寶城,一星期1堂,每堂1.5小時,"：星期六 0900-1800, 時間可再商議","： 有耐性, DSE chem 5**,不接受視像",0-5位導師,11/5/2026 下午1:40:28
219654,小一,全科(中文),每小時$140 - 260,康城(上門補習),2026-05-11 16:34:24,：峻瀅,一星期3堂,每堂1.5小時,"：星期三 1630-1800, 星期四 1630-1800, 星期六 0930-1100, 時間可再商議","： 嚴格, 有耐性, 期望最快上課時間:2星期內,粵語授課,不接受視像",0-5位導師,11/5/2026 下午4:47:52
219653,K1,英語會話,每小時$280 - 320,尖沙咀(上門補習),2026-05-11 16:29:38,：Sorrento,一星期2堂,每堂1小時,"：星期一 9-10, 星期二 9-10, 星期三 9-10, 星期四 9-10, 星期五 1730-1830, 時間可再商議","： 全英語上堂, 外國回流導師, 時間不合請不要申請, 期望最快上課時間:一個月內,不接受視像",0-5位導師,11/5/2026 下午4:47:53
219652,小三,英文,每小時$140 - 190,鑽石山(上門補習),2026-05-11 16:25:51,：星河明居,一星期1堂,每堂1.5小時,：,： 不接受視像,0-5位導師,11/5/2026 下午4:47:54
219651,中一,英文,每小時$220 - 250,荃灣(上門補習),2026-05-11 16:24:55,：綠楊新村,一星期1堂,每堂1.5小時,,"： 期望最快上課時間:2星期內,粵語授課,家長需以wechat聯絡,不接受視像",0-5位導師,11/5/2026 下午4:47:55
219650,小一,全科(中文),每小時$150,紅磡(上門補習),2026-05-11 16:01:32,：黄埔花园,一星期2堂,每堂1.5小時,"：星期一 4-5:30pm, 星期二 4-5:30pm, 星期四 4-5:30pm, 導師必須在以上時段補習","： 有耐性, 最好是polyu的学生，离我家比较近；期望最快上課時間:2星期內,粵語授課、普通話授課,不接受視像",0-5位導師,11/5/2026 下午4:47:56
219647,中一,中文,每小時$160 - 200,美孚(上門補習),2026-05-11 15:42:37,：荔枝角宇晴軒,一星期3堂,每堂2小時,,,0-5位導師,11/5/2026 下午4:47:57
219644,中二,中文,每小時$200 - 260,中環(上門補習),2026-05-11 14:58:48,：御景臺,一星期1堂,每堂1.5小時,"：星期二 1630-2100, 星期三 1930-2100, 星期四 1630-2100, 星期日 2000-2130, 時間可再商議","： 提升閱讀能力, 提升寫作能力, 男導師,期望最快上課時間:2星期內,粵語授課,不接受視像",0-5位導師,11/5/2026 下午4:47:59
219643,K2,拼音 Phonics(英文),每小時$230 - 550,半山(上門補習),2026-05-11 14:50:28,：麦当劳道*号,一星期2堂,每堂1小時,"：星期二 1030-1130, 星期三 1030-1130, 時間可再商議","： 有耐性, 有愛心, 有經驗, 培養孩子學會phnoics自主閱讀,期望最快上課時間:7天內,不接受視像",0-5位導師,11/5/2026 下午4:48:00
219641,小五,英文,每小時$300 - 500,跑馬地(公眾地方),2026-05-11 14:41:05,：社區圖書館,一星期1堂,每堂2小時,：,"： 週日上堂, 英文弱項：填空題, 根據時態填空, 需要找位填空強項的英文補習老師, 需要英文為母語的導師",0-5位導師,11/5/2026 下午4:48:02
219648,中四,英文,每小時$200 - 240,筲箕灣(公眾地方),2026-05-11 14:40:20,,一星期2堂,每堂1.5小時,"：星期二 1700-2000, 星期四 1700-2000, 時間可再商議","： 期望最快上課時間:3天內,粵語授課,不接受視像",0-5位導師,11/5/2026 下午4:48:03
219640,小六 (2人),全科(中文),每小時$200,大圍(上門補習),2026-05-11 14:35:25,：火車站上蓋,一星期2堂,,"：星期一 1700-1900, 星期四 1700-1900, 星期五 1700-1900, 時間可再商議","： 有經驗, 不接受視像。跟功課默書，有唔明既就講解",6-10位導師,11/5/2026 下午4:48:04
219638,小六,全科(英文),每小時$130 - 180,旺角(上門補習),2026-05-11 14:34:25,：旺角廣東道****號,一星期3堂,每堂1.5小時,：,： 不接受視像,0-5位導師,11/5/2026 下午4:48:06
219636,小五,英文,每小時$170 - 250,馬鞍山(上門補習),2026-05-11 14:06:25,：馬鞍山錦豐苑錦荷閣H座 ****室,一星期1堂,每堂1.5小時,：,"： 【有經驗經，熟悉呈分試】,不接受視像, 時間合適可以一至兩堂",0-5位導師,11/5/2026 下午4:48:07
219635,K2,拼音 Phonics(英文),每小時$280 - 350,小西灣(上門補習),2026-05-11 14:01:54,：藍灣半島,一星期1堂,每堂1小時,"：星期三 0945-1045, 星期四 0945-1045, 星期五 0945-1045, 時間可再商議","： 提供筆記, 有愛心, 長補, 期望最快上課時間:7天內,不接受視像",0-5位導師,11/5/2026 下午4:48:08
219634,小四,中文,每小時$150 - 190,牛頭角(上門補習),2026-05-11 13:51:01,：淘大花園,一星期1堂,每堂2小時,"：星期三 1700-1900, 導師必須在以上時段補習","： 期望最快上課時間:7天內,粵語授課,有特殊學習需要,不接受視像",0-5位導師,11/5/2026 下午4:48:10
219637,小四,數學(中文),每小時$190 - 230,香港仔(上門補習),2026-05-11 13:49:38,：褔群大厦,一星期1堂,每堂1.5小時,"：星期六 12-1330, 時間可再商議","： 期望最快上課時間:2星期內,粵語授課,不接受視像",0-5位導師,11/5/2026 下午4:48:11
219631,小六 (2人),數學(中文),每小時$170 - 400,烏溪沙(上門補習),2026-05-11 13:47:54,：烏溪沙村 烏溪沙站行5分鐘,一星期2堂,每堂1.5小時,"：星期一 1800, 星期二 1800, 星期三 1800, 星期四 1800, 星期五 1800, 星期六 1800, 星期日 1800, 時間可再商議","： 期望最快上課時間:2星期內,粵語授課,不接受視像",11-15位導師,11/5/2026 下午4:48:12
219632,小六 (2人),中文,每小時$170 - 400,烏溪沙(上門補習),2026-05-11 13:47:54,：烏溪沙村 烏溪沙站行5分鐘,一星期2堂,每堂1.5小時,"：星期一 1800, 星期二 1800, 星期三 1800, 星期四 1800, 星期五 1800, 星期六 1800, 星期日 1800, 時間可再商議","： 期望最快上課時間:2星期內,粵語授課,不接受視像",6-10位導師,11/5/2026 下午4:48:14
219633,小六 (2人),英文,每小時$170 - 400,烏溪沙(上門補習),2026-05-11 13:47:54,：烏溪沙村 烏溪沙站行5分鐘,一星期2堂,每堂1.5小時,"：星期一 1800, 星期二 1800, 星期三 1800, 星期四 1800, 星期五 1800, 星期六 1800, 星期日 1800, 時間可再商議","： 期望最快上課時間:2星期內,粵語授課、全英文授課,不接受視像",0-5位導師,11/5/2026 下午4:48:15
219629,小五,英文,每小時$170 - 210,啟德(上門補習),2026-05-11 13:45:54,：啟德一號,一星期2堂,每堂1.5小時,：,"： 暑假7月中至8月平日每周2堂，9月開學每周一堂,不接受視像",6-10位導師,11/5/2026 下午4:48:17
219625,小五,全科(中文),每小時$200 - 240,元朗(上門補習),2026-05-11 13:43:58,：元朗yohomidtown,一星期2堂,每堂1.5小時,：,"： 英文小學, 全職導師,不接受視像",0-5位導師,11/5/2026 下午4:48:18
219630,小五,中文,每小時$180,觀塘(上門補習),2026-05-11 13:42:50,：牛頭角上村常逸樓,一星期2堂,每堂2小時,"：星期六 0900-1100, 星期日 0900-1100, 導師必須在以上時段補習","： 有耐性, 中文認字,期望最快上課時間:7天內,不接受視像",0-5位導師,11/5/2026 下午4:48:19
219627,小五,全科(中文),每小時$150 - 190,牛頭角(上門補習),2026-05-11 13:42:41,：樂華村,一星期2堂,每堂1.5小時,"：星期六 1400-1800, 星期日 0900-1600, 時間可再商議","： 期望最快上課時間:3天內,粵語授課,不接受視像",0-5位導師,11/5/2026 下午4:48:21
219628,中二,英文,每小時$180 - 220,九龍灣(公眾地方),2026-05-11 13:42:15,：德福廣場,一星期2堂,每堂1.5小時,"：星期三 1500-1600, 導師必須在以上時段補習","： 提供練習／試題, 期望最快上課時間:3天內,粵語授課、普通話授課,不接受視像",0-5位導師,11/5/2026 下午4:48:22
219626,中一 (2人),數學(英文),每小時$160 - 300,沙田(上門補習),2026-05-11 13:37:04,：大圍車公廟路*號，溱岸*號第*座**樓C室,一星期2堂,,"：星期日 1430-1630, 導師必須在以上時段補習","： 提供筆記, 提供練習／試題, 提升解題技巧, 提升成績，希望可補弱取長,期望最快上課時間:7天內,粵語授課,不接受視像",11-15位導師,11/5/2026 下午4:48:23
219624,小四,全科(中文),每小時$150 - 210,康城(上門補習),2026-05-11 13:36:48,：峻瀅,一星期1堂,每堂1.5小時,"：星期六 1000-1100, 星期日 1000-1100, 時間可再商議","： 有耐性, 針對學生弱項, 提升解題技巧, 期望最快上課時間:2星期內,粵語授課,不接受視像",0-5位導師,11/5/2026 下午4:48:25
219623,中一,中文,每小時$210 - 250,青衣(上門補習),2026-05-11 13:34:54,：偉景花園,一星期1堂,每堂1.5小時,"：星期二 1700-1800, 導師必須在以上時段補習","： 期望最快上課時間:7天內,粵語授課,不接受視像",0-5位導師,11/5/2026 下午4:48:26
219622,中四,中文,每小時$200 - 450,視像補習,2026-05-11 13:34:27,,一星期1堂,每堂1小時,"：星期五 1800-2000, 星期六 1800-2000, 星期日 1000-1700, 時間可再商議","： 現職/曾任中小學教師, 期望最快上課時間:7天內,粵語授課",0-5位導師,11/5/2026 下午4:48:28
219670,小五,樂理,每小時$260 - 350,馬鞍山(上門補習),2026-05-11 19:46:35,：錦泰苑,一星期2堂,每堂1.5小時,,： 想趁暑假時間，找上門老師把樂理學完，考完試；預算大約是15堂的1.5小時課程左右，如果導師有其他計畫安排請預先提出，學費視乎視乎導師樂理補習經驗及級數；不接受視像,0-5位導師,11/5/2026 下午7:52:14
219669,中一,英文,每小時$180 - 220,長沙灣(上門補習),2026-05-11 19:25:41,：青山道***號唐四樓,一星期2堂,每堂2小時,"：星期六 0900-1100, 導師必須在以上時段補習","： 有耐性, 有經驗, 期望最快上課時間:7天內,粵語授課,不接受視像",0-5位導師,11/5/2026 下午7:52:15
219667,自修生,English Language(英文),每小時$230 - 250,屯門(公眾地方),2026-05-11 18:53:37,：屯門市中心,一星期1堂,每堂2小時,"：星期五 1100-1300, 時間可再商議","： 提供筆記, 提供練習／試題, 有經驗, 期望最快上課時間:7天內,會考慮HKDSE導師,不接受視像",0-5位導師,11/5/2026 下午7:52:16
219668,中五,英文,每小時$180 - 220,觀塘(上門補習),2026-05-11 18:49:52,：安泰邨勇泰樓***室,一星期2堂,每堂2小時,"：星期二 1700-1900, 星期四 1700-1900, 星期五 1700-1900, 時間可再商議","： 有耐性, 期望最快上課時間:2星期內,不接受視像",0-5位導師,11/5/2026 下午7:52:17
219666,中五,數學(中文),每小時$200 - 240,觀塘(上門補習),2026-05-11 18:42:03,：觀塘月華街**號好景樓,一星期2堂,每堂2小時,,,0-5位導師,11/5/2026 下午7:52:18
219664,小五,Art(英文),每小時$180 - 300,馬鞍山(上門補習),2026-05-11 18:13:43,：錦泰苑,一星期2堂,每堂2小時,,"： 【行政費一小時】視藝短補，上門1/2次，大約共3-4個小時，考試是6月1日需要預備呈分試，可以考慮應屆DSE畢業生,會更prefer有經驗導師，學費視乎導師經驗，同學目前成績在Ｂ，80分出頭；考試範圍：植物/人物/有規律 不規律 重複排列/對比色/近似色/透視原理,不接受視像",0-5位導師,11/5/2026 下午7:52:19
219661,中三,英文,每小時$180 - 220,大埔(上門補習),2026-05-11 17:36:35,：富善邨,一星期1堂,每堂1.5小時,,"： 長補, 不接受視像",6-10位導師,11/5/2026 下午7:52:21
219659,中二,英文,每小時$180 - 220,油麻地(公眾地方),2026-05-11 17:20:34,：油麻地c口,一星期5堂,每堂2小時,"：星期四 10, 星期五 10, 星期六 10, 星期日 10, 導師必須在以上時段補習","： 針對學生弱項, 一对一,期望最快上課時間:3天內,全英文授課,不接受視像",0-5位導師,11/5/2026 下午7:52:22
219660,中二,數學(中文),每小時$180 - 220,油麻地(公眾地方),2026-05-11 17:20:34,：油麻地c口,一星期5堂,每堂2小時,"：星期四 10, 星期五 10, 星期六 10, 星期日 10, 導師必須在以上時段補習","： 針對學生弱項, 一对一,期望最快上課時間:3天內,普通話授課,不接受視像",6-10位導師,11/5/2026 下午7:52:24
219657,小三,中文,每小時$140 - 180,"大埔,太和(上門或視像皆可)",2026-05-11 17:06:32,：圍頭村,一星期1堂,每堂1.5小時,"：星期三 1700-1830, 星期四 1700-1830, 時間可再商議","： 提供筆記, 提供練習／試題, 有經驗, 希望由暑假8月左右開始準備小學三年級課程，開學後是恒常教學,期望最快上課時間:1個月後,粵語授課",0-5位導師,11/5/2026 下午7:52:25
219658,小三,常識(中文),每小時$140 - 180,"大埔,太和(上門或視像皆可)",2026-05-11 17:06:32,：圍頭村,一星期1堂,每堂1.5小時,"：星期三 1700-1830, 星期四 1700-1830, 時間可再商議","： 提供筆記, 提供練習／試題, 有經驗, 希望由暑假8月左右開始準備小學三年級課程，開學後是恒常教學,期望最快上課時間:1個月後,粵語授課",0-5位導師,11/5/2026 下午7:52:26
219656,小三,全科(中文),每小時$190 - 230,元朗(上門補習),2026-05-11 16:58:42,：新元朗中心,一星期2堂,每堂1.5小時,"：星期三 2000-2100, 星期四 2000-2100, 星期五 1500-1600, 星期日 0900-1000, 時間可再商議","： 提供練習／試題, 針對學生弱項, 期望最快上課時間:3天內,普通話授課,有特殊學習需要,不接受視像",6-10位導師,11/5/2026 下午7:52:27
219655,小四,中文,每小時$200 - 300,堅尼地城(上門補習),2026-05-11 16:52:58,：學士臺,一星期1堂,每堂1.5小時,"：星期五 1500-1900, 星期六 1730-1900, 星期日 1100-1300, 導師必須在以上時段補習","： 有經驗, 提升寫作能力, 期望最快上課時間:3天內,粵語授課、普通話授課,不接受視像",0-5位導師,11/5/2026 下午7:52:29
219684,中三,中文,每小時$160 - 200,黃大仙(上門補習),2026-05-11 22:33:35,：翠竹花園,一星期1堂,每堂1.5小時,,： 不接受視像,0-5位導師,11/5/2026 下午10:38:13
219683,中三,"英文,綜合科學(英文)",每小時$300 - 400,佐敦(上門補習),2026-05-11 22:14:33,：grand Austin,一星期2堂,每堂2小時,,"： 嚴格, 有耐性, 提供練習／試題, 主要是英文+科學輔導 週一至週五7-9pm 週日10am-12pm,不接受視像【全職導師】；需要熟悉國際課程",0-5位導師,11/5/2026 下午10:38:14
219682,中五,"中文,英文",每小時$200 - 240,觀塘(上門補習),2026-05-11 22:05:29,：觀塘月華街**號好景樓,一星期1堂,每堂2小時,,： 不接受視像,0-5位導師,11/5/2026 下午10:38:15
219681,小五,英文,每小時$170 - 210,九龍塘(公眾地方),2026-05-11 21:54:51,：九龙塘地铁站或乐富地铁站,一星期2堂,每堂1.5小時,"：星期一 1600-1800, 星期三 1600-1800, 星期四 1600-1800, 星期日 1000-1200, 導師必須在以上時段補習","： 長補, 英文基础比较差,期望最快上課時間:7天內,粵語授課、全英文授課、普通話授課,不接受視像",0-5位導師,11/5/2026 下午10:38:17
219680,中五,英文,每小時$220 - 350,"半山,北角,天后(公眾地方)",2026-05-11 21:54:33,：Starbucks,一星期2堂,每堂1.5小時,"：星期一 0630-0830, 星期二 0630-0830, 星期三 0630-0830, 星期四 0630-0830, 星期五 0630-0830, 星期六 1600-1800, 星期日 1300-1500, 時間可再商議","： 提供筆記, 提供練習／試題, 提升閱讀能力, 可接受視像補習，學生以前程度不錯，但最近高中變差,期望最快上課時間:3天內,粵語授課,不接受視像",0-5位導師,11/5/2026 下午10:38:18
219679,小五,英文,每小時$170 - 180,沙田(上門補習),2026-05-11 21:52:32,：錦泰苑,一星期2堂,每堂1.5小時,"：星期五 2000-2130, 星期六 1500-1630, 時間可再商議","： 嚴格, 提供練習／試題, 緊貼學校進度, 期望最快上課時間:7天內,粵語授課,不接受視像",0-5位導師,11/5/2026 下午10:38:19
219678,中四,數學(英文),每小時$180 - 220,沙田(上門補習),2026-05-11 20:55:31,：大圍圍方,一星期3堂,每堂1.5小時,：,： 不接受視像,6-10位導師,11/5/2026 下午10:38:20
219677,中四,中文,每小時$180 - 220,深水埗(上門補習),2026-05-11 20:39:50,：美孚,一星期1堂,每堂2小時,"：星期一 1700-2000, 星期二 1700-2000, 星期三 1700-2000, 星期四 1700-2000, 星期五 1700-2000, 星期六 1000-1400, 導師必須在以上時段補習","： 有耐性, 提供練習／試題, 期望最快上課時間:2星期內,粵語授課,不接受視像",0-5位導師,11/5/2026 下午10:38:21
219676,中四,西史(英文),每小時$180 - 220,恆安(上門補習),2026-05-11 20:32:57,：聽濤雅苑,一星期1堂,每堂1.5小時,"：星期六 15-16, 時間可再商議","： 有經驗, 提升解題技巧, 期望最快上課時間:2星期內,粵語授課",0-5位導師,11/5/2026 下午10:38:22
219674,中四,會計(英文),每小時$180 - 220,沙田(上門補習),2026-05-11 20:22:56,：沙田愉翠苑,一星期1堂,每堂2小時,：,"： 需要用粵語授課,可以提供筆記同埋練習,在公共地方也可以,不接受視像",0-5位導師,11/5/2026 下午10:38:23
219673,中二,英文,每小時$230 - 260,天水圍(公眾地方),2026-05-11 20:22:53,：天水圍銀座麥當勞,一星期1堂,每堂1.5小時,,"： 全職導師, 5*以上,Band1畢業生,幫助學生學習興趣自信，提升成績,期望最快上課時間:3天內,有特殊學習需要,家長需以wechat聯絡,不接受視像",0-5位導師,11/5/2026 下午10:38:24
219672,中五,中文,每小時$200 - 240,觀塘(上門補習),2026-05-11 20:13:04,：安泰邨勇泰樓****室,一星期2堂,每堂2小時,"：星期二 1700-1900, 星期四 1700-1900, 星期五 1700-1900, 時間可再商議","： 有耐性, 期望最快上課時間:2星期內,粵語授課,不接受視像",0-5位導師,11/5/2026 下午10:38:25
219671,K2,"中文,英文,數學(英文)",每小時$230 - 270,鴨脷洲(上門補習),2026-05-11 20:04:37,：South horizon,一星期2堂,每堂1小時,"：星期四 6-7, 星期六 9-10, 星期日 1-2 / 6-7, 導師必須在以上時段補習","： 期望最快上課時間:3天內,會考慮HKDSE導師,不接受視像",0-5位導師,11/5/2026 下午10:38:27
219689,中五,中文,每小時$200,將軍澳(上門補習),2026-05-12 00:15:01,：唐明苑,一星期2堂,每堂2小時,"：星期一 1745-1945, 星期二 1745-1945, 星期三 1745-1945, 星期四 1745-1945, 星期五 1745-1945, 星期六 1745-1945, 星期日 1745-1945, 時間可再商議","： 提供筆記, 針對學生弱項, 提升寫作能力, 作文非常弱 文言文也是 對中文興趣不大😭,期望最快上課時間:7天內,粵語授課,不接受視像",0-5位導師,12/5/2026 上午1:12:52
219688,中五,中文,每小時$200 - 370,調景嶺(上門補習),2026-05-11 23:22:54,：善明邨,一星期2堂,每堂1.5小時,"：星期一 1830-2000, 星期五 1830-2000, 時間可再商議","： 提供練習／試題, 現職/曾任中小學教師, 互動教學, 期望最快上課時間:2星期內,粵語授課、普通話授課,不接受視像",0-5位導師,12/5/2026 上午1:12:53
219687,中五,數學(中文),每小時$200 - 300,大角咀(上門補習),2026-05-11 22:52:25,：维港灣,一星期2堂,每堂2小時,"：星期二 500-700, 星期日 500-700, 時間可再商議","： 期望最快上課時間:3天內,粵語授課,不接受視像",16-20位導師,12/5/2026 上午1:12:54
219686,中五,英文,每小時$220 - 360,大角咀(上門補習),2026-05-11 22:48:54,：维港灣,一星期2堂,每堂2小時,"：星期一 1745-1945, 星期五 1745-1945, 星期六 200-400, 時間可再商議","： 期望最快上課時間:3天內,粵語授課、全英文授課,不接受視像",6-10位導師,12/5/2026 上午1:12:55
219685,小三,功課(英文),每小時$190 - 230,元朗(上門補習),2026-05-11 22:35:24,：錦銹花園,一星期2堂,每堂1.5小時,"：星期一 1900-2000, 星期二 1900-2000, 星期三 1900-2000, 星期四 1900-2000, 時間可再商議","： 遊戲教學, 引起學生學習興趣, 願意支付額外交通金額(HKD): 30.00, 期望最快上課時間:7天內,粵語授課、普通話授課,不接受視像",6-10位導師,12/5/2026 上午1:12:57
219691,中三,英文,每小時$190 - 230,視像補習,2026-05-12 06:47:18,,一星期1堂,每堂1小時,"：星期二 1800-1900, 星期五 1800-1900, 時間可再商議","： 提供筆記, 提供練習／試題, 有經驗, 期望最快上課時間:3天內,粵語授課、全英文授課",0-5位導師,12/5/2026 上午7:13:41
219692,中三,物理(英文),每小時$190 - 230,視像補習,2026-05-12 06:47:18,,一星期1堂,每堂1小時,"：星期二 1800-1900, 星期五 1800-1900, 時間可再商議","： 提供筆記, 提供練習／試題, 有經驗, 期望最快上課時間:3天內,粵語授課、全英文授課",0-5位導師,12/5/2026 上午7:13:43
219690,小五,英文,每小時$170 - 210,彩虹(上門補習),2026-05-12 06:39:13,：彩峰苑,一星期2堂,每堂1.5小時,"：星期二 1700-1830, 星期四 1700-1830, 星期六 1100-1230, 時間可再商議","： 期望最快上課時間:2星期內,粵語授課,不接受視像",0-5位導師,12/5/2026 上午7:13:44
219705,K1,英文,每小時$160 - 200,啟德(上門或視像皆可),2026-05-12 11:57:42,：賢文禮士,一星期2堂,每堂1小時,,,0-5位導師,12/5/2026 下午12:09:01
219704,中一,"英文,數學(英文)",每小時$130 - 210,將軍澳(上門補習),2026-05-12 11:54:56,：嘉悅 (地鐵步行*-7分鐘),一星期2堂,每堂1.5小時,：,： 不接受視像,0-5位導師,12/5/2026 下午12:09:02
219703,小二,功課(英文),每小時$140 - 180,馬鞍山(上門補習),2026-05-12 11:39:26,：恆安村,一星期2堂,每堂1.5小時,"：星期一 1630-1800, 星期三 1630-1800, 星期五 1630-1800, 時間可再商議","： 期望最快上課時間:1個月後,不接受視像",0-5位導師,12/5/2026 下午12:09:04
219702,中五,英文,每小時$220 - 330,視像補習,2026-05-12 11:11:26,,一星期1堂,每堂1小時,"：星期日 1000-2000, 導師必須在以上時段補習","： 提供練習／試題, /,期望最快上課時間:7天內,粵語授課",6-10位導師,12/5/2026 下午12:09:05
219700,K3,英語會話,每小時$280 - 350,大圍(上門補習),2026-05-12 10:48:23,：Pavilia Farm,一星期1堂,每堂1小時,"：星期二 1430-1530, 時間可再商議","： 提供筆記, 引起學生學習興趣, 了解學生不足, 坐唔定,期望最快上課時間:2星期內",6-10位導師,12/5/2026 下午12:09:07
219698,中一,數學(中文),每小時$160 - 200,坑口(上門補習),2026-05-12 10:33:37,：坑口,一星期1堂,每堂1.5小時,,,6-10位導師,12/5/2026 下午12:09:08
219699,國際學校 year12,ESS,每小時$430 - 500,視像補習,2026-05-12 10:30:02,,一星期1堂,每堂1.5小時,"：星期一 1800-1900, 星期四 1800-1900, 導師必須在以上時段補習","： 有耐性, 提供練習／試題, 全英語上堂, 導師必須是IB出身並修讀ESS課程,期望最快上課時間:7天內",0-5位導師,12/5/2026 下午12:09:10
219697,中五,數學(英文),每小時$250 - 290,屯門(上門補習),2026-05-12 10:06:59,：時代廣場,一星期1堂,每堂2小時,"：星期日 1030-1300, 時間可再商議","： 長補, 女導師, 數學dse 5星星,期望最快上課時間:7天內,粵語授課,不接受視像",0-5位導師,12/5/2026 下午12:09:11
219701,小六,"中文,英文,數學(中文)",每小時$170 - 210,荃灣(上門補習),2026-05-12 09:21:04,：梨木樹邨,一星期2堂,每堂2小時,"：星期五 1700-1900, 星期日 1000-1200, 導師必須在以上時段補習","： 引起學生學習興趣, 期望最快上課時間:3天內,粵語授課,不接受視像",0-5位導師,12/5/2026 下午12:09:12
219696,中一,英文,每小時$180 - 220,康城(上門補習),2026-05-12 09:13:42,：領都,一星期2堂,每堂1.5小時,"：星期三 1730-1900, 星期六 1130-1300, 星期日 1130-1300, 時間可再商議","： 有耐性, 提供練習／試題, 期望最快上課時間:3天內,全英文授課,不接受視像",0-5位導師,12/5/2026 下午12:09:14
219695,小二,英語會話,每小時$280 - 400,九龍城(上門補習),2026-05-12 09:08:27,：啟德一號二期,一星期2堂,每堂1.5小時,"：星期一 1600-2100, 星期二 1600-2100, 星期四 1600-2100, 星期五 1500-1800, 星期六 0900-1100, 星期日 0900-1300, 時間可再商議","： 有耐性, 期望最快上課時間:3天內,不接受視像",6-10位導師,12/5/2026 下午12:09:15
219694,K1,拼音 Phonics(英文),每小時$230,長沙灣(上門補習),2026-05-12 08:54:44,：保安道街市附近，長沙灣站行8分鐘到,一星期1堂,每堂1小時,"：星期二 1800-1900, 星期三 1800-1900, 導師必須在以上時段補習","： 有經驗, 期望最快上課時間:2星期內,不接受視像",0-5位導師,12/5/2026 下午12:09:17
219693,小三,英文,每小時$300 - 400,"半山,銅鑼灣(上門補習)",2026-05-12 08:30:43,"：Stubbs Road, or Lee Garden",一星期1堂,每堂1小時,"：星期一 15:00-19:00, 星期二 15:00-19:00, 星期三 15:00-19:00, 星期四 15:00-19:00, 星期五 15:00-19:00, 星期六 14:00-19:00, 星期日 9:00-19:00, 時間可再商議","： 有耐性, 全英語上堂+30/h, 【Englisg - Writing】Native English, with international school background, 不接受視像,期望最快上課時間:一個月內",0-5位導師,12/5/2026 下午12:09:18
219727,中二,數學(英文),每小時$210 - 300,屯門(上門補習),2026-05-12 14:28:15,：富健花園,一星期1堂,每堂1.5小時,"：星期六 1500-1600, 時間可再商議","： 有耐性, 期望最快上課時間:7天內,粵語授課,不接受視像",6-10位導師,12/5/2026 下午2:49:18
219725,小五,英文,每小時$170 - 210,啟德(上門補習),2026-05-12 14:21:32,：啟德一號,一星期2堂,每堂1小時,,,0-5位導師,12/5/2026 下午2:49:19
219726,中五,中文chem 如果可以嘅話幫埋數學,每小時$230 - 270,粉嶺(公眾地方),2026-05-12 14:15:19,：粉嶺中心,一星期2堂,每堂1.5小時,"：星期一 4-5, 星期二 4-5, 星期三 4-5, 星期四 4-5, 星期五 4-5, 時間可再商議","： 有耐性, 不接受線上 程度比較低 慢慢補底,期望最快上課時間:3天內,不接受視像",0-5位導師,12/5/2026 下午2:49:20
219724,中五,會計(中文),每小時$200 - 240,柴灣(公眾地方),2026-05-12 14:05:40,,一星期2堂,每堂2小時,"：星期二 430-630, 時間可再商議","： 有耐性, 提供筆記, 提供練習／試題, 期望最快上課時間:2星期內,粵語授課,不接受視像",0-5位導師,12/5/2026 下午2:49:22
219723,中一,數學(英文),每小時$210,洪水橋(上門補習),2026-05-12 14:03:39,：洪福邨,一星期2堂,每堂1.5小時,"：星期六 1300-1900, 星期日 1300-1900, 時間可再商議","： 期望最快上課時間:7天內,粵語授課,不接受視像",0-5位導師,12/5/2026 下午2:49:23
219722,中三,物理(英文),每小時$170 - 210,鑽石山(公眾地方),2026-05-12 13:56:04,：Hollywood plaza,一星期2堂,每堂1.5小時,"：星期六 12-2, 星期日 12-2, 時間可再商議","： 嚴格, 提供筆記, 提供練習／試題, 期望最快上課時間:7天內,粵語授課,不接受視像",0-5位導師,12/5/2026 下午2:49:24
219721,小二,全科(中文),每小時$140 - 160,藍田(上門補習),2026-05-12 13:48:37,：康柏苑,一星期2堂,每堂2小時,"：星期五 1600ufe631800, 星期六 1300ufe631500",： 不接受視像,6-10位導師,12/5/2026 下午2:49:26
219720,中三,英文,每小時$180 - 230,黃大仙(上門補習),2026-05-12 13:44:51,：翠竹花園,一星期1堂,每堂1.5小時,,： 不接受視像,0-5位導師,12/5/2026 下午2:49:27
219719,中五,英文,每小時$200 - 240,視像補習,2026-05-12 13:44:37,,一星期1堂,每堂1小時,：,"： 暫時一星期一堂,看日後情況會增加",6-10位導師,12/5/2026 下午2:49:29
219718,中一,功課(英文),每小時$150 - 260,數碼港(上門補習),2026-05-12 13:34:41,：/,一星期1堂,每堂1.5小時,"：星期一 1500, 導師必須在以上時段補習","： 提供筆記, 有特殊學習需要,期望最快上課時間:7天內",0-5位導師,12/5/2026 下午2:49:30
219715,K1,英文,每小時$160 - 250,西灣河(上門補習),2026-05-12 12:53:05,：嘉亨灣五座,一星期1堂,每堂1小時,"：星期一 1000-1100, 星期二 1000-1100, 星期四 1000-1100, 導師必須在以上時段補習","： 嚴格, 有耐性, 引起學生學習興趣, 想小朋友開心學習英文，包括show and tell，一般生活溝通，phonics, 讓小朋友可以自己睇到英文書,粵語授課、全英文授課,不接受視像",6-10位導師,12/5/2026 下午2:49:31
219714,中五,生物(英文),每小時$200 - 250,視像補習,2026-05-12 12:37:31,,一星期1堂,每堂1小時,"：星期一 19-22, 星期二 19-22, 星期三 19-22, 星期四 19-22, 星期五 19-22, 導師必須在以上時段補習",： 補閒日晚上19-22之間；如果有時內容太多教唔切可以溝通加時，想長補到DSE；需要盡快開始，近期忙碌沒有時間的導師就不要申請,0-5位導師,12/5/2026 下午2:49:32
219713,中一,數學(英文),每小時$160 - 180,斧山(上門補習),2026-05-12 12:31:51,：嘉峰臺,一星期2堂,每堂1.5小時,：,"： 嚴格, 有耐性, 有愛心, 不接受視像",0-5位導師,12/5/2026 下午2:49:34
219712,小一,全科(英文),每小時$140 - 300,西灣河(上門補習),2026-05-12 12:26:51,：嘉哼湾,一星期2堂,每堂1.5小時,"：星期一 415-545, 星期三 415-545, 星期五 415545, 導師必須在以上時段補習","： 期望最快上課時間:一個月內,粵語授課、全英文授課、普通話授課,不接受視像",0-5位導師,12/5/2026 下午2:49:35
219710,小六,全科(英文),每小時$110 - 180,旺角(上門補習),2026-05-12 12:18:15,：旺角廣東道****號,一星期3堂,每堂1.5小時,：,： 不接受視像,0-5位導師,12/5/2026 下午2:49:37
219709,小四,英文,每小時$180 - 200,西營盤(上門補習),2026-05-12 12:16:54,：金陵閣,一星期1堂,每堂1.5小時,：,"： 有耐性, 提供筆記, 星期六早上優先，次為星期六下午，期望最快上課時間:2星期內,粵語授課,不接受視像",0-5位導師,12/5/2026 下午2:49:38
219708,小四,"全科(中文),功課(中文)",每小時$160 - 220,元朗(上門補習),2026-05-12 12:16:15,：加州花園,一星期2堂,每堂2小時,"：星期一 7-9pm, 星期二 7-9pm, 星期三 7-9pm, 星期四 7-9pm, 導師必須在以上時段補習",： 不接受視像,0-5位導師,12/5/2026 下午2:49:39
219707,小五,全科(中文),每小時$200,啟德(上門補習),2026-05-12 12:14:22,：Monaco One(地铁步行*分钟),一星期5堂,每堂1.5小時,"：星期一 1600-1700, 星期二 1700-1800, 星期三 1600-1700, 星期四 1730-1830, 星期五 1500-1600, 星期六 1100-1200, 時間可再商議","： 有耐性, 有愛心, 有經驗, 不接受視像",0-5位導師,12/5/2026 下午2:49:41
219711,中四,化學(英文),每小時$180 - 300,何文田(上門補習),2026-05-12 12:14:02,：皓畋,一星期1堂,每堂1.5小時,"：星期一 1700-2000, 星期二 1700-2000, 星期三 1700-2000, 星期四 1700-2000, 星期五 1700-2000, 時間可再商議","： 提供筆記, 期望最快上課時間:7天內,粵語授課、全英文授課,不接受視像",11-15位導師,12/5/2026 下午2:49:42
219706,小三,英文,每小時$210 - 570,元朗(公眾地方),2026-05-12 12:11:08,：錦上路站,一星期1堂,每堂1.5小時,"：星期四 1700-1800, 星期六 1500-1630, 導師必須在以上時段補習","： 有耐性, 有愛心, 期望最快上課時間:3天內,全英文授課,不接受視像",0-5位導師,12/5/2026 下午2:49:44
219740,中四,化學(英文),每小時$180 - 310,九龍城(上門補習),2026-05-12 17:07:08,：KENT COURT,一星期1堂,每堂1.5小時,"：星期一 1700-1800, 星期三 1700-1800, 星期六 1700-1800, 時間可再商議","： 有耐性, 提供練習／試題, 有經驗, 期望最快上課時間:7天內,粵語授課、全英文授課,不接受視像",0-5位導師,12/5/2026 下午5:28:26
219739,小四,英文,每小時$170 - 210,視像補習,2026-05-12 17:06:58,,一星期1堂,每堂1小時,"：星期一 1800, 星期二 1800, 星期四 1800, 導師必須在以上時段補習","： 提供練習／試題, 期望最快上課時間:3天內,粵語授課",0-5位導師,12/5/2026 下午5:28:28
219738,大專或以上 HKUST year 3,math (matrix 同 stat),每小時$250 - 300,觀塘(上門補習),2026-05-12 16:55:28,：安楹苑或公眾地方上堂都可以,一星期1堂,每堂1小時,：,"： 補呢2個星期 堂數時長冇所謂 補到我識就得 考試前補 stat 20號考 matrix 27號考【短補只收取一堂行政費】,不接受視像",0-5位導師,12/5/2026 下午5:28:29
219737,K3,英文,每小時$160 - 200,沙田(上門補習),2026-05-12 16:54:40,：隆亨村善心樓,一星期2堂,每堂1小時,,,0-5位導師,12/5/2026 下午5:28:30
219736,中五,英文,每小時$240 - 320,鑽石山(上門補習),2026-05-12 16:47:16,：Galaxia (* mins MTR),一星期1堂,每堂1.5小時,：,"： 提供筆記, 不接受視像；Monday to Friday after 4:30, Sat and Sunday.",0-5位導師,12/5/2026 下午5:28:31
219735,中五,英文,每小時$220 - 300,藍田(上門補習),2026-05-12 16:38:18,：藍田邨藍暉樓,一星期1堂,每堂2小時,"：星期六 1200-1400, 星期日 1200-1400, 時間可再商議","： 期望最快上課時間:一個月內,粵語授課、全英文授課,不接受視像",0-5位導師,12/5/2026 下午5:28:32
219734,中三,物理(英文),每小時$200 - 250,馬鞍山(上門補習),2026-05-12 16:26:00,：地鐵站地鐵站步行3分鐘,一星期1堂,每堂1.5小時,"：星期二 1700-1830, 星期三 1700-1830, 導師必須在以上時段補習","： 嚴格, 有耐性, 提供練習／試題, 期望最快上課時間:7天內,粵語授課,不接受視像",0-5位導師,12/5/2026 下午5:28:34
219732,中五,"商業管理(英文),經濟(英文)",每小時$240 - 320,鑽石山(上門補習),2026-05-12 16:14:53,：Galaxia (* mins MTR),一星期2堂,每堂1.5小時,：,"： 提供筆記, 商業&經濟LV5以上；不接受視像；Monday to Friday after 430pm, Sat and Sunday.",6-10位導師,12/5/2026 下午5:28:35
219731,小一,英文,每小時$160 - 200,葵涌(上門補習),2026-05-12 16:08:54,：葵芳,一星期1堂,每堂1.5小時,：,： 不接受視像,0-5位導師,12/5/2026 下午5:28:36
219729,中五,數學(英文),每小時$200 - 330,將軍澳(上門補習),2026-05-12 15:36:55,：怡明邨,一星期2堂,每堂1.5小時,"：星期二 1700, 星期三 1700, 星期五 1700, 星期六 1700, 星期日 1100-1400, 時間可再商議","： 有經驗, 期望最快上課時間:7天內,粵語授課,不接受視像",11-15位導師,12/5/2026 下午5:28:38
219728,中五,英文,每小時$270 - 310,天水圍(上門補習),2026-05-12 15:18:12,：天耀邨,一星期1堂,每堂2小時,,,0-5位導師,12/5/2026 下午5:28:39
219756,中五,英文,每小時$220 - 260,沙田(公眾地方),2026-05-12 19:22:02,,一星期2堂,每堂2小時,"：星期二 1630-1830, 星期四 1730-1930, 時間可再商議","： 期望最快上課時間:7天內,粵語授課,不接受視像",0-5位導師,12/5/2026 下午7:32:51
219755,中五,會計(中文),每小時$200 - 240,觀塘(上門補習),2026-05-12 19:15:11,：Apm附近,一星期1堂,每堂1.5小時,"：星期六 1600-1700, 時間可再商議","： 有耐性, 提供筆記, 互動教學, 期望最快上課時間:7天內,粵語授課,不接受視像",0-5位導師,12/5/2026 下午7:32:52
219754,中一,中文,每小時$210 - 250,元朗(上門或視像皆可),2026-05-12 19:07:36,：宏富苑,一星期1堂,每堂1.5小時,"：星期六 1100-1300, 星期日 1130-1300, 時間可再商議","： 細心, 緊貼學校進度, 期望最快上課時間:7天內,粵語授課",0-5位導師,12/5/2026 下午7:32:53
219753,中三,英文,每小時$190 - 230,觀塘(上門或視像皆可),2026-05-12 19:00:18,：觀塘區順利邨,一星期1堂,每堂1小時,,,0-5位導師,12/5/2026 下午7:32:55
219752,year8,中文,每小時$350,大埔(上門補習),2026-05-12 18:48:07,：比華利山,一星期1堂,每堂1.5小時,：,： 不接受視像,0-5位導師,12/5/2026 下午7:32:56
219751,中一,英文,每小時$230 - 290,西貢(上門補習),2026-05-12 18:32:52,：翠塘花園,一星期1堂,每堂1.5小時,"：星期五 1800-1930, 時間可再商議","： 嚴格, 提供練習／試題, 長補, 需要DSE英文5**,期望最快上課時間:3天內,全英文授課,不接受視像",0-5位導師,12/5/2026 下午7:32:57
219750,中四,數學(英文),每小時$180 - 220,九龍城(公眾地方),2026-05-12 18:25:21,,一星期2堂,每堂1.5小時,"：星期二 1630-1800, 星期四 1630-1800, 導師必須在以上時段補習","： 期望最快上課時間:7天內,粵語授課、全英文授課,不接受視像",0-5位導師,12/5/2026 下午7:32:59
219749,中三,英文,每小時$190 - 230,鑽石山(公眾地方),2026-05-12 18:16:43,：鳳德,一星期1堂,每堂2小時,"：星期日 1500-1700, 時間可再商議","： 有耐性, 提供練習／試題, 指導功課, 期望最快上課時間:2星期內,粵語授課,不接受視像",0-5位導師,12/5/2026 下午7:33:00
219748,小三,中史,每小時$100 - 270,馬鞍山(上門補習),2026-05-12 18:05:07,：新界大埔區馬鞍山恆健街*號錦暉範*摟**室,一星期1堂,每堂1.5小時,,,0-5位導師,12/5/2026 下午7:33:01
219745,K3,講故事,每小時$180 - 252,九龍城(上門補習),2026-05-12 17:58:44,,一星期1堂,每堂1小時,：,： 不接受視像,0-5位導師,12/5/2026 下午7:33:03
219746,國際學校 year12,Chemistry SL(英文),每小時$430 - 500,九龍塘(上門補習),2026-05-12 17:50:46,：畢架山一號,一星期2堂,每堂2小時,"：星期二 730-930, 星期四 730-930, 時間可再商議","： 期望最快上課時間:2星期內,不接受視像",0-5位導師,12/5/2026 下午7:33:04
219747,國際學校 year12,English(A)HL(英文),每小時$430 - 500,九龍塘(上門補習),2026-05-12 17:50:46,：畢架山一號,一星期2堂,每堂2小時,"：星期二 730-930, 星期四 730-930, 時間可再商議","： 期望最快上課時間:2星期內,不接受視像",0-5位導師,12/5/2026 下午7:33:05
219743,中四,中文,每小時$180 - 300,美孚(上門補習),2026-05-12 17:48:36,：美孚新邨,一星期1堂,每堂1.5小時,,"： 有愛心, 需試堂(試堂失敗亦可獲得一半學費),不接受視像",6-10位導師,12/5/2026 下午7:33:07
219744,小三,全科(中文),每小時$190 - 230,天水圍(上門補習),2026-05-12 17:43:42,：天富苑,一星期2堂,每堂1.5小時,"：星期一 1630-1830, 星期三 1630-1830, 時間可再商議","： 有耐性, 提供練習／試題, 有經驗, 期望最快上課時間:7天內,普通話授課,不接受視像",0-5位導師,12/5/2026 下午7:33:08
219742,中四,數學(英文),每小時$140 - 230,深水埗(上門或視像皆可),2026-05-12 17:37:13,：美孚,一星期2堂,每堂1.5小時,"：星期六 1200-1700, 時間可再商議","： 其他, 其他",6-10位導師,12/5/2026 下午7:33:10
219741,中五,中文,每小時$200 - 240,視像補習,2026-05-12 17:27:23,,一星期1堂,每堂1.5小時,"：星期六 1000-1300, 星期日 1000-1300, 時間可再商議","： 有耐性, 提供筆記, 提供練習／試題, 期望最快上課時間:一個月內,粵語授課",6-10位導師,12/5/2026 下午7:33:11
219762,中四,數學(中文),每小時$180 - 220,康城(上門補習),2026-05-12 20:47:57,：MALIBU,一星期2堂,每堂2小時,"：星期一 1700-1800, 星期三 1700-1800, 時間可再商議","： 有耐性, 提供練習／試題, 有經驗, 期望最快上課時間:3天內,粵語授課、普通話授課,不接受視像",0-5位導師,12/5/2026 下午9:27:04
219761,中五,化學(英文),每小時$250 - 290,青衣(上門補習),2026-05-12 20:44:16,：青衣青怡花園，步行10分鐘左右可到青衣港鐵站,一星期1堂,每堂2小時,,,0-5位導師,12/5/2026 下午9:27:05
219760,中二,綜合科學(中文),每小時$260,半山(上門補習),2026-05-12 20:18:53,：香港半山區列拿士地臺,一星期1堂,每堂1.5小時,,： 不接受視像,0-5位導師,12/5/2026 下午9:27:06
219757,小二,全科(中文),每小時$140 - 220,大埔(上門補習),2026-05-12 19:26:50,：雲𣿬,一星期2堂,每堂1.5小時,"：星期一 1600-1830, 星期二 1700-1830, 星期三 1600-1830, 星期四 1600-1830, 星期五 1600-1830, 時間可再商議","： 願意支付額外交通金額(HKD): 10.00, 期望最快上課時間:3天內,粵語授課,不接受視像",6-10位導師,12/5/2026 下午9:27:07
219772,小五,全科(英文),每小時$150 - 250,油塘(上門補習),2026-05-12 23:24:46,：高翔苑,一星期1堂,每堂1.5小時,"：星期一 1630-1930, 導師必須在以上時段補習","： 有經驗, 時間不合請不要申請, 這學期必須在香港, 期望最快上課時間:3天內,粵語授課、全英文授課,不接受視像",0-5位導師,13/5/2026 上午12:02:03
219771,中一,全科,每小時$180 - 200,葵涌(上門補習),2026-05-12 23:04:50,：地鐵站行15分鐘/地鐵站巴士直到樓下,一星期3堂,每堂1.5小時,"：星期一 1700-1830, 星期三 1700-1830, 星期五 1700-1830, 星期日 1500-1800, 時間可再商議","： 程度非常弱,期望最快上課時間:7天內,不接受視像",0-5位導師,13/5/2026 上午12:02:04
219770,小三,全科(中文),每小時$140 - 160,何文田(上門補習),2026-05-12 22:56:57,：何文田*号,一星期3堂,每堂1.5小時,"：星期一 1900-2030, 星期二 1600-1730, 星期四 1830-2000, 時間可再商議","： 期望最快上課時間:7天內,粵語授課,不接受視像",0-5位導師,13/5/2026 上午12:02:05
219769,中五,M2(英文),每小時$200 - 240,九龍城(上門補習),2026-05-12 22:16:49,：龍譽(地鐵站幾分鐘),一星期2堂,每堂1.5小時,"：星期一 20-21, 星期三 1930-21, 星期六 1530-17, 導師必須在以上時段補習","： 提供筆記, 提供練習／試題, 長補, 期望最快上課時間:7天內,不接受視像",0-5位導師,13/5/2026 上午12:02:07
219768,中四,地理(英文),每小時$200 - 270,"灣仔,將軍澳(公眾地方)",2026-05-12 21:54:13,,一星期1堂,每堂1.5小時,"：星期一 1700-2000, 星期三 1700-2000, 星期五 1700-2000, 星期六 1300-1800, 星期日 1300-1800, 時間可再商議","： 期望最快上課時間:7天內,粵語授課,不接受視像",6-10位導師,13/5/2026 上午12:02:08
219766,中二,英文,每小時$180 - 220,灣仔(上門補習),2026-05-12 21:31:38,：駱克道,一星期2堂,每堂1.5小時,"：星期一 1900-2000, 星期六 1000-1100, 時間可再商議","： 有耐性, 提供筆記, 提供練習／試題, 期望最快上課時間:3天內,全英文授課,不接受視像",0-5位導師,13/5/2026 上午12:02:09
219763,小二,英文,每小時$160 - 200,尖沙咀(上門補習),2026-05-12 21:29:04,：佐敦廟街,一星期3堂,每堂1.5小時,：,： 不接受視像,6-10位導師,13/5/2026 上午12:02:11
219764,中二,綜合科學(英文),每小時$180 - 220,大角咀(上門補習),2026-05-12 21:24:38,：合桃街*號福群大廈,一星期1堂,每堂1.5小時,"：星期四 1700-1830, 時間可再商議","： 有耐性, 細心, 緊貼學校進度, 讀寫障礙,期望最快上課時間:3天內,粵語授課,有特殊學習需要,不接受視像",0-5位導師,13/5/2026 上午12:02:12
219765,中二,中文,每小時$180 - 220,大角咀(上門補習),2026-05-12 21:24:38,：合桃街*號福群大廈,一星期1堂,每堂1.5小時,"：星期四 1700-1830, 時間可再商議","： 有耐性, 細心, 緊貼學校進度, 讀寫障礙,期望最快上課時間:3天內,粵語授課,有特殊學習需要,不接受視像",0-5位導師,13/5/2026 上午12:02:14
219774,中五,中史,每小時$250 - 300,元朗(公眾地方),2026-05-13 00:47:31,：元朗廣場星巴克,一星期1堂,每堂1.5小時,"：星期一 1700-2000, 星期二 1700-2000, 星期三 1700-2000, 星期四 1700-2000, 星期五 1700-2000, 星期六 1800-2000, 星期日 1300-2000, 時間可再商議","： 有耐性, 提供筆記, 幫助操練, 期望最快上課時間:7天內,粵語授課,不接受視像",0-5位導師,13/5/2026 上午2:11:51
219773,小一,全科(中文),每小時$140 - 150,馬鞍山(上門補習),2026-05-13 00:10:34,：翠擁華庭,一星期2堂,每堂1.5小時,"：星期一 400-530, 星期五 400-530, 時間可再商議","： 嚴格, 提供筆記, 幫助操練, 期望最快上課時間:一個月內,粵語授課,不接受視像",0-5位導師,13/5/2026 上午2:11:52
219775,中四,物理(英文),每小時$230 - 270,青衣(上門或視像皆可),2026-05-13 06:20:23,：映灣園*期,一星期1堂,每堂1.5小時,,,0-5位導師,13/5/2026 上午6:47:38
219777,小二,全科(英文),每小時$140 - 910,荔枝角(公眾地方),2026-05-13 07:35:08,：四小龍會所,一星期2堂,每堂1.5小時,"：星期一 1730, 星期二 1830, 星期三 1630, 星期四 1730, 星期五 1730, 星期六 1400, 星期日 1330, 時間可再商議","： 有愛心, 期望最快上課時間:3天內,粵語授課,不接受視像",0-5位導師,13/5/2026 上午7:46:31
219776,國際學校 year3,中文,每小時$260,鰂魚涌(上門補習),2026-05-13 07:32:18,：康怡花園,一星期1堂,每堂1.5小時,"：星期三 1930-2030, 星期日 1500-1600, 導師必須在以上時段補習","： , 期望最快上課時間:7天內,粵語授課、普通話授課,會考慮HKDSE導師,不接受視像",0-5位導師,13/5/2026 上午7:46:32
219780,小三,全科(中文),每小時$140 - 350,九龍灣(上門補習),2026-05-13 09:02:27,：Tak Bo Garden,一星期3堂,每堂1.5小時,"：星期一 1830-2000, 星期二 1830-2000, 星期三 1830-2000, 導師必須在以上時段補習","： 有耐性, 有讀寫問題,期望最快上課時間:一個月內,粵語授課,有特殊學習需要",0-5位導師,13/5/2026 上午9:45:56
219779,小二,綜合科學(中文),每小時$100 - 270,啟德(上門補習),2026-05-13 07:49:26,：宋皇臺站,一星期1堂,每堂1.5小時,,,0-5位導師,13/5/2026 上午9:45:57
219778,中五,中文,每小時$200 - 250,何文田(上門或視像皆可),2026-05-13 07:40:03,：何文田村采文樓,一星期2堂,每堂1.5小時,"：星期一 1630-1800, 星期三 1630-1800, 導師必須在以上時段補習","： 有耐性, 提供筆記, 提供練習／試題, 期望最快上課時間:1個月後,粵語授課",0-5位導師,13/5/2026 上午9:45:58
219791,小五,英文,每小時$200 - 300,北角(上門補習),2026-05-13 13:09:41,：城市花園,一星期1堂,每堂1.5小時,"：星期一 1600-1700, 星期三 1600-1700, 時間可再商議","： 有耐性, 細心, 要有經驗、年紀大少少的導師；多練習英文作文,期望最快上課時間:7天內,粵語授課、全英文授課,不接受視像",0-5位導師,13/5/2026 下午1:36:35
219790,中三,數學(英文),每小時$210 - 250,鴨脷洲(上門補習),2026-05-13 12:15:17,：SOUTH HORIZONS,一星期2堂,每堂1.5小時,"：星期一 1700-2100, 星期四 1700-2100, 星期六 1200-1700, 星期日 1200-1700, 時間可再商議","： 嚴格, 有耐性, 提供練習／試題, 期望最快上課時間:3天內,粵語授課、全英文授課,不接受視像",6-10位導師,13/5/2026 下午1:36:36
219789,中五,英文,每小時$200 - 300,寶琳(公眾地方),2026-05-13 12:12:13,：寶琳村商場小童群益會中心獨立自修室,一星期1堂,每堂1.5小時,"：星期六 1600-1800, 導師必須在以上時段補習","： 提供練習／試題, 互動,期望最快上課時間:3天內,粵語授課,不接受視像",0-5位導師,13/5/2026 下午1:36:37
219788,小二,英文,每小時$200 - 230,啟德(上門補習),2026-05-13 12:10:49,：天璽天,一星期3堂,每堂1.5小時,：,"： 不接受視像, 周一，周三，周五，周日的 5pm/ 6:30pm",0-5位導師,13/5/2026 下午1:36:38
219786,中四,"化學(英文),物理(英文)",每小時$180 - 250,大圍(上門或視像皆可),2026-05-13 11:33:57,：沙田秦石邨,一星期1堂,每堂2小時,"：星期六 1400-1800, 星期日 1000-1800, 時間可再商議","： 有經驗, 緊貼學校進度, 針對學生弱項, 每堂可2-3小時，期望最快上課時間:7天內",11-15位導師,13/5/2026 下午1:36:39
219784,中四,旅遊與款待(中文),每小時$200 - 240,視像補習,2026-05-13 11:15:39,,一星期1堂,每堂1.5小時,"：星期三 1730-1900, 導師必須在以上時段補習","： 有耐性, 提供筆記, 提供練習／試題, 期望最快上課時間:3天內,粵語授課",0-5位導師,13/5/2026 下午1:36:40
219785,中五,會計(英文),每小時$350,荃灣(上門補習),2026-05-13 11:12:40,：映日灣,一星期1堂,每堂1.5小時,"：星期三 1700-1830, 導師必須在以上時段補習","： 提供練習／試題, 現職/曾任中小學教師, 期望最快上課時間:3天內,粵語授課、全英文授課,不接受視像",0-5位導師,13/5/2026 下午1:36:42
219783,中四,M2(英文),每小時$180 - 220,大埔(公眾地方),2026-05-13 11:05:30,：大埔墟火車站,一星期1堂,每堂1.5小時,"：星期四 1700-1800, 星期六 1800-1900, 導師必須在以上時段補習","： 期望最快上課時間:7天內,全英文授課,不接受視像",0-5位導師,13/5/2026 下午1:36:43
219782,中四,數學(英文),每小時$180 - 250,大圍(上門或視像皆可),2026-05-13 10:55:14,：沙田秦石邨,一星期1堂,每堂2小時,"：星期六 1400-1800, 星期日 1000-1800, 時間可再商議","： 有經驗, 緊貼學校進度, 針對學生弱項, 每堂可2-3小時，期望最快上課時間:7天內",11-15位導師,13/5/2026 下午1:36:44
219781,中五,M1(英文),每小時$210 - 240,將軍澳(上門補習),2026-05-13 10:47:05,：天晉二期,一星期1堂,每堂1.5小時,：,： 在會所補習；一星期一到二堂 不接受視像,0-5位導師,13/5/2026 下午1:36:46
219802,K2,英語會話,每小時$150 - 250,黃竹坑(上門補習),2026-05-13 16:20:27,,一星期1堂,每堂1.5小時,,"： 其他, 練口語,不接受視像",0-5位導師,13/5/2026 下午4:22:08
219801,中五,"生物(英文),化學(英文)",每小時$220 - 260,大埔(公眾地方),2026-05-13 16:13:22,,一星期2堂,每堂1.5小時,,"： 提供練習／試題, 長補, 期望最快上課時間:7天內,全英文授課,不接受視像，需要住大埔區的導師",0-5位導師,13/5/2026 下午4:22:09
219800,小五,數學(中文),每小時$190 - 200,元朗(上門補習),2026-05-13 16:08:53,：千色店,一星期1堂,每堂1.5小時,"：星期六 1400, 星期日 1600, 時間可再商議","： 提供練習／試題, 期望最快上課時間:3天內,粵語授課,不接受視像",0-5位導師,13/5/2026 下午4:22:10
219798,year10,Mathematics(英文),每小時$350,"九龍灣,屯門(公眾地方)",2026-05-13 14:30:04,,一星期2堂,每堂1.5小時,"：星期一 1545-1715, 星期四 1545-1715, 導師必須在以上時段補習","： 有經驗, 細心, 提升解題技巧, 不接受視像",0-5位導師,13/5/2026 下午4:22:12
219797,大專或以上 HKUST year 3,Algorithm,每小時$250 - 300,觀塘(上門補習),2026-05-13 14:28:10,：安楹苑或公眾地方上堂都可以,一星期1堂,每堂1小時,,"： Course Code: COMP3711, 補呢2個星期 堂數時長冇所謂 補到我識就得 考試前補-26號考【短補只收取一堂行政費】,不接受視像",0-5位導師,13/5/2026 下午4:22:13
219796,year10,Mathematics HL(英文),每小時$300 - 350,南昌(上門補習),2026-05-13 14:13:45,,一星期1堂,每堂1.5小時,,： 不接受視像,0-5位導師,13/5/2026 下午4:22:14
219795,自修生,IELTS,每小時$200-250,將軍澳(上門補習),2026-05-13 14:13:07,：維景灣畔,一星期2堂,每堂2小時,：,"： 有耐性，期望盡快上課，能夠以中英文輔助授課，aim at 5.5，最主要想補Writing, Speaking,不接受視像,平日一星期2堂 有需要weekend亦可加堂",0-5位導師,13/5/2026 下午4:22:15
219793,year10,Biology HL(英文),每小時$300 - 350,南昌(上門補習),2026-05-13 14:06:22,,一星期1堂,每堂2小時,,： 不接受視像,0-5位導師,13/5/2026 下午4:22:17
219794,N班,托兒/幼兒照顧(英文),每小時$180 - 220,九龍城(上門補習),2026-05-13 13:58:56,：the forfar (* mins walk from mtr exit),一星期1堂,每堂1.5小時,"：星期一 1500-1800, 星期二 1500-1800, 星期四 1500-1800, 時間可再商議","： 有耐性, 有愛心, 細心, 期望最快上課時間:一個月內,不接受視像",0-5位導師,13/5/2026 下午4:22:18
219792,中五,中文,每小時$200 - 300,寶琳(公眾地方),2026-05-13 13:52:21,：寶琳村商場小童群益會中心獨立自修室,一星期1堂,每堂1.5小時,：,"： 提供練習／試題, 互動,期望最快上課時間:3天內,粵語授課,不接受視像",6-10位導師,13/5/2026 下午4:22:20
219815,中六,中文,每小時$210 - 250,視像補習,2026-05-13 18:21:03,,一星期2堂,每堂2小時,"：星期一 1700-1900, 時間可再商議","： 期望最快上課時間:3天內,粵語授課,有特殊學習需要,【中六DSE只收取一星期費用】",0-5位導師,13/5/2026 下午7:04:18
219814,中四,英文,每小時$180 - 430,藍田(上門補習),2026-05-13 18:14:40,：kokorosso,一星期2堂,每堂1.5小時,,： 不接受視像,0-5位導師,13/5/2026 下午7:04:19
219813,小一,"中文,常識(中文)",每小時$140 - 180,荃灣(公眾地方),2026-05-13 18:01:26,：金麗苑,一星期2堂,每堂1.5小時,"：星期二 1700-1800, 星期五 1700-1800, 導師必須在以上時段補習","： 有耐性, 提供練習／試題, 緊貼學校進度, 期望最快上課時間:3天內,粵語授課,不接受視像",0-5位導師,13/5/2026 下午7:04:21
219812,中四,數學(中文),每小時$180 - 270,視像補習,2026-05-13 17:58:06,,一星期2堂,每堂2小時,"：星期二 1700-1800, 星期四 1700-1800, 時間可再商議","： 提供筆記, 提供練習／試題, 基礎差,期望最快上課時間:3天內,粵語授課、普通話授課",16-20位導師,13/5/2026 下午7:04:22
219811,小五,"英文,數學(英文)",每小時$180 - 220,藍田(公眾地方),2026-05-13 17:24:42,：藍田匯景會所,一星期1堂,每堂1.5小時,"：星期五 1730-1900, 時間可再商議","： 期望最快上課時間:7天內,不接受視像，女導師",0-5位導師,13/5/2026 下午7:04:23
219810,中五,西史(中文),每小時$200,視像補習,2026-05-13 17:06:56,,一星期1堂,每堂1小時,：,"： 想學多啲題型 技巧，同埋做多啲、睇多啲鞏固知識🙏🏻,期望最快上課時間:2星期內,粵語授課, 星期二 1900-2000, 時間可再商議",0-5位導師,13/5/2026 下午7:04:24
219806,小六,數學(中文),每小時$190 - 230,青衣(上門補習),2026-05-13 16:39:41,：Tsing yi eastful court tower * *rd floor room b tsing yi mtr exit a,一星期3堂,每堂1小時,"：星期五 5-6PM, 星期六 5-6PM, 星期日 5-6PM",： 不接受視像,0-5位導師,13/5/2026 下午7:04:26
219807,小六,英文,每小時$170 - 270,黃大仙(上門補習),2026-05-13 16:37:35,：黃大仙下邨,一星期1堂,每堂1.5小時,"：星期五 1700-1830, 導師必須在以上時段補習","： 期望最快上課時間:一個月內,全英文授課,不接受視像",0-5位導師,13/5/2026 下午7:04:27
219805,中三,數學(中文),每小時$160 - 200,上環(上門補習),2026-05-13 16:35:02,：上環,一星期2堂,每堂2小時,"：星期一 1700-1900, 導師必須在以上時段補習","： 期望最快上課時間:3天內,粵語授課,不接受視像",0-5位導師,13/5/2026 下午7:04:29
219808,小一,全科(英文),每小時$480 - 510,沙田(上門補習),2026-05-13 16:34:07,：Kau to Shan,一星期5堂,每堂3小時,"：星期一 1600-1900, 星期二 1600-1900, 星期三 1600-1900, 星期四 1600-1900, 星期五 1600-1900, 時間可再商議","： 有愛心, 現職/曾任中小學教師, 俱備小學生教導經驗，曾教導國際/直資學校經驗優先,期望最快上課時間:1個月後,全英文授課,不接受視像",0-5位導師,13/5/2026 下午7:04:30
219803,中三,"化學(英文),生物(英文)",每小時$250 - 320,元朗(上門補習),2026-05-13 16:22:02,,一星期1堂,每堂1.5小時,"：, 導師必須在以上時段補習",： 不接受視像,0-5位導師,13/5/2026 下午7:04:31
219804,國際學校 year10,"English Literature(英文),Geography(英文),Science(英文)",每小時$330,大角咀(上門補習),2026-05-13 16:18:28,：柏景灣,一星期1堂,每堂1.5小時,"：星期一 1700-1900, 星期二 1700-1900, 星期三 1700-1900, 星期四 1700-1900, 星期五 1700-1900, 星期日 1600-1900, 導師必須在以上時段補習","： 提供練習／試題, 長補, 有經驗, 了解IGCSE 課程，幫助提升答題技巧針對學生問題提供建議,期望最快上課時間:一個月內,不接受視像",0-5位導師,13/5/2026 下午7:04:33
219827,中四,經濟(英文),每小時$180 - 220,長沙灣(公眾地方),2026-05-13 21:03:54,,一星期2堂,每堂1.5小時,"：星期五 2100-2230, 星期六 2100-2230, 星期日 1430-1600, 時間可再商議","： 有耐性, 提供練習／試題, 互動教學, 可接受視像,可試zoom/實體,期望最快上課時間:3天內,粵語授課,不接受視像",6-10位導師,13/5/2026 下午9:26:29
219825,中二,數學(英文),每小時$210 - 400,東涌(上門補習),2026-05-13 20:55:33,：东涌海堤湾畔*座**,一星期2堂,每堂1.5小時,"：星期四 1900-2030, 星期日 1900-2030, 導師必須在以上時段補習","： 提供練習／試題, 有經驗, 現職/曾任中小學教師, 期望最快上課時間:7天內,普通話授課,不接受視像",0-5位導師,13/5/2026 下午9:26:30
219826,中二,中文,每小時$210 - 400,東涌(上門補習),2026-05-13 20:55:33,：东涌海堤湾畔*座**,一星期2堂,每堂1.5小時,"：星期四 1900-2030, 星期日 1900-2030, 導師必須在以上時段補習","： 提供練習／試題, 有經驗, 現職/曾任中小學教師, 期望最快上課時間:7天內,普通話授課,不接受視像",0-5位導師,13/5/2026 下午9:26:31
219824,中四,英文,每小時$250,天水圍(上門補習),2026-05-13 20:34:35,：天盛苑,一星期1堂,每堂1.5小時,"：星期一 1630, 星期三 1630, 導師必須在以上時段補習","： 期望最快上課時間:7天內,粵語授課、全英文授課,不接受視像",0-5位導師,13/5/2026 下午9:26:32
219823,中一,數學(英文),每小時$160 - 200,石硤尾(上門補習),2026-05-13 20:05:14,：石硤尾邨,一星期2堂,每堂2小時,"：星期六 1100, 時間可再商議","： 期望最快上課時間:3天內,粵語授課,不接受視像",11-15位導師,13/5/2026 下午9:26:33
219822,小三,undefined(中文),每小時$300 - 500,元朗(上門補習),2026-05-13 19:39:25,：錦繡花園M段一街*,一星期2堂,每堂1小時,"：星期一 , 星期五","： 外籍老師,不接受視像",0-5位導師,13/5/2026 下午9:26:34
219820,中四,英文,每小時$200 - 240,啟德(上門補習),2026-05-13 19:21:45,：kaitak upper river bank,一星期1堂,每堂1.5小時,,,6-10位導師,13/5/2026 下午9:26:35
219818,中一,中文,每小時$160 - 200,康城(上門補習),2026-05-13 19:12:44,：首都,一星期2堂,每堂1.5小時,"：星期六 1400-1700, 星期日 1400-1700, 時間可再商議","： 期望最快上課時間:2星期內,粵語授課、普通話授課,不接受視像",0-5位導師,13/5/2026 下午9:26:36
219819,中一,數學(英文),每小時$160 - 200,康城(上門補習),2026-05-13 19:12:44,：首都,一星期2堂,每堂1.5小時,"：星期六 1400-1700, 星期日 1400-1700, 時間可再商議","： 期望最快上課時間:2星期內,粵語授課、普通話授課,不接受視像",6-10位導師,13/5/2026 下午9:26:37
219842,中一,全科,每小時$200 - 320,尖沙咀(上門補習),2026-05-13 23:53:26,：加連威老道,一星期2堂,每堂2小時,"：星期二 1530-1800, 時間可再商議","： 有耐性, 提供練習／試題, 有經驗, 期望最快上課時間:7天內,不接受視像",0-5位導師,14/5/2026 上午12:04:22
219841,中五,中英數及中文化学,每小時$230 - 270,屯門(公眾地方),2026-05-13 23:08:21,：屯門市中心,一星期3堂,每堂2小時,"：星期一 1830-2000, 星期二 1830-2000, 星期三 1830-2000, 星期四 1830-2000, 星期五 1830-2000, 星期六 1600-1900, 星期日 1600-1900, 導師必須在以上時段補習","： 緊貼學校進度, 引起學生學習興趣, 急聘化学科(中文)或中英數補習導師(女性優先)現讀大学中或近年畢業香港大学生或以上学歷,粵語,期望最快上課時間:7天內,不接受視像",0-5位導師,14/5/2026 上午12:04:23
219840,中二,英文,每小時$180 - 220,觀塘(上門補習),2026-05-13 22:54:45,：觀塘秀茂坪南邨秀旺樓****室,一星期1堂,每堂1.5小時,,,0-5位導師,14/5/2026 上午12:04:24
219839,小四,英文,每小時$170 - 210,馬鞍山(上門補習),2026-05-13 22:47:31,：烏溪沙站,一星期1堂,每堂1.5小時,"：星期六 10, 時間可再商議","： , 期望最快上課時間:1個月後,全英文授課,不接受視像",0-5位導師,14/5/2026 上午12:04:26
219838,小二,中文,每小時$140 - 180,大埔(上門補習),2026-05-13 22:38:45,：大埔圖書館,一星期1堂,每堂1小時,,,0-5位導師,14/5/2026 上午12:04:27
219837,中五,生物(中文),每小時$200 - 240,"馬鞍山,烏溪沙(上門或視像皆可)",2026-05-13 22:23:38,：西貢西沙路,一星期2堂,每堂1.5小時,"：星期二 1700-1830, 星期六 1700-1830, 時間可再商議","： 有耐性, 提供筆記, 提供練習／試題, 底子ok 希望拔尖少少🙏🏻,期望最快上課時間:7天內,粵語授課",0-5位導師,14/5/2026 上午12:04:29
219836,中三,英文,每小時$240 - 260,元朗(上門補習),2026-05-13 22:18:22,：新元朗中心,一星期1堂,每堂1.5小時,"：星期三 1700-1830, 時間可再商議","： 有耐性, 提供筆記, 緊貼學校進度, 可以彈性調整時間,期望最快上課時間:3天內,粵語授課,不接受視像",0-5位導師,14/5/2026 上午12:04:30
219835,中三,數學(中文),每小時$130 - 200,大圍(上門補習),2026-05-13 22:16:03,：新翠邨,一星期1堂,每堂1.5小時,"：星期二 1800, 星期三 1800, 星期四 1800, 導師必須在以上時段補習","： 有耐性, 嚴格, 有經驗, 期望最快上課時間:7天內,不接受視像",0-5位導師,14/5/2026 上午12:04:31
219834,中五,會計(中文),每小時$240 - 270,柴灣(公眾地方),2026-05-13 22:04:26,,一星期1堂,每堂1.5小時,：,"： 提供筆記, 了解學生不足,一星期1-2堂，面授地點可以[紅線-太子至尖沙咀][藍線-金鐘至柴灣][綠線-油塘至觀塘]（東區優先）【請導師列明可補地點】,不接受視像",0-5位導師,14/5/2026 上午12:04:32
219831,小一,"全科(中文),功課(英文)",每小時$150,鰂魚涌(上門補習),2026-05-13 22:00:40,：康怡花園,一星期1堂,每堂1小時,：,"： 有耐性, 提供筆記, 提供練習／試題, 主力補英文，導師提供練習。有時要跟功課，全科, 不接受視像；5月補晚上1小時：7:30-8:30pm 19/5、21/5、26/5、28/5 //// 6月開始補下午：2:45-4:15pm 1/6、9/6、15/6、22/6、23/6、29/6, 7月開始補星期一2:45-4:15, 一星期一堂",0-5位導師,14/5/2026 上午12:04:33
219832,中一,英文,每小時$180 - 220,調景嶺(上門補習),2026-05-13 21:56:10,：彩明苑,一星期2堂,每堂2小時,"：星期三 1700-1900, 星期五 1700-1900, 導師必須在以上時段補習","： 期望最快上課時間:3天內,粵語授課,不接受視像",0-5位導師,14/5/2026 上午12:04:34
219833,中一,數學(中文),每小時$180 - 220,調景嶺(上門補習),2026-05-13 21:56:10,：彩明苑,一星期2堂,每堂2小時,"：星期三 1700-1900, 星期五 1700-1900, 導師必須在以上時段補習","： 期望最快上課時間:3天內,粵語授課,不接受視像",0-5位導師,14/5/2026 上午12:04:36
219828,小三,英文,每小時$160 - 180,西營盤(上門補習),2026-05-13 21:29:20,：第三街三喜樓,一星期3堂,每堂2小時,,： 不接受視像,0-5位導師,14/5/2026 上午12:04:37
219830,中二,中文,每小時$210 - 300,屯門(上門或視像皆可),2026-05-13 21:23:32,：屯門碼頭,一星期2堂,每堂1.5小時,"：星期二 1700-1900, 星期四 1700-1900, 星期六 1800-2000, 星期日 1500-1700, 時間可再商議","： 有耐性, 指導功課, 緊貼學校進度, 期望最快上課時間:3天內,粵語授課",11-15位導師,14/5/2026 上午12:04:38
219843,中二,數學(英文),每小時$210 - 250,屯門(上門補習),2026-05-14 00:47:58,：新都大廈,一星期1堂,每堂2小時,"：星期日 2000-2100, 導師必須在以上時段補習","： 有耐性, 提升解題技巧, 期望最快上課時間:3天內,粵語授課、全英文授課,不接受視像",6-10位導師,14/5/2026 上午2:10:01
219844,自修生,數學(英文),每小時$250 - 350,奧運(上門或視像皆可),2026-05-14 03:20:14,：Starbucks,一星期1堂,每堂2小時,"：星期一 1000-0100, 星期二 1000-0100, 星期三 1000-0100, 星期四 1000-0100, 星期五 1000-0100, 星期六 1000-0100, 星期日 1000-0100, 時間可再商議","： 期望最快上課時間:7天內,粵語授課、全英文授課",0-5位導師,14/5/2026 上午4:11:17
219845,自修生,英文,每小時$250 - 350,奧運(上門或視像皆可),2026-05-14 03:20:14,：Starbucks,一星期1堂,每堂2小時,"：星期一 1000-0100, 星期二 1000-0100, 星期三 1000-0100, 星期四 1000-0100, 星期五 1000-0100, 星期六 1000-0100, 星期日 1000-0100, 時間可再商議","： 期望最快上課時間:7天內,粵語授課、全英文授課",0-5位導師,14/5/2026 上午4:11:18
219854,中三,生物(中文),每小時$220 - 260,天水圍(上門補習),2026-05-14 10:51:39,：天盛苑盛昭閣****室,一星期1堂,每堂1.5小時,,,0-5位導師,14/5/2026 上午10:58:23
219855,中四,數學(英文),每小時$180 - 220,樂富(上門補習),2026-05-14 10:47:32,：樂富邨,一星期1堂,每堂1.5小時,"：星期六 1630-1800, 時間可再商議","： 期望最快上課時間:3天內,粵語授課,不接受視像",0-5位導師,14/5/2026 上午10:58:24
219853,小一,全科(英文),每小時$200,大圍(上門補習),2026-05-14 10:44:31,：美松苑,一星期3堂,每堂2小時,"：星期一 1600-1930, 星期二 1600-1930, 星期三 1600-1930, 星期四 1600-1930, 導師必須在以上時段補習",： 時間平日下午，6月中後開始，全科補習+功課輔導，不接受視像【9月後要看學校活動安排，有所調整】,0-5位導師,14/5/2026 上午10:58:26
219852,小五,數學(中文),每小時$100 - 120,視像補習,2026-05-14 09:51:25,,一星期1堂,每堂1小時,：,"： 女導師, 嚴謹，提供筆記；數學5以上, 星期日 8-9pm, 時間可再商議",0-5位導師,14/5/2026 上午10:58:27
219851,小三,中文,每小時$140 - 220,沙田(上門補習),2026-05-14 09:47:54,：愉翠苑,一星期2堂,每堂1.5小時,"：星期二 1615-1715, 星期五 1600-1700, 時間可再商議","： 期望最快上課時間:3天內,粵語授課,不接受視像",0-5位導師,14/5/2026 上午10:58:28
219850,中一,英文,每小時$180 - 220,視像補習,2026-05-14 09:01:43,,一星期2堂,每堂1小時,"：星期六 10-12, 時間可再商議","： 期望最快上課時間:3天內,粵語授課、全英文授課",6-10位導師,14/5/2026 上午10:58:30
219848,中三,地理(英文),每小時$240 - 300,青衣(公眾地方),2026-05-14 08:46:19,：青衣城（地鐵站步行約4分鐘）,一星期2堂,每堂1.5小時,"：星期一 1700-2100, 星期二 1800-2100, 星期三 1500-2100, 星期五 1800-2100, 星期六 1900-2100, 星期日 1000-2000, 導師必須在以上時段補習","： 有耐性, 有經驗, 提升解題技巧, 期望最快上課時間:3天內,粵語授課、全英文授課,不接受視像",0-5位導師,14/5/2026 上午10:58:31
219849,中三,西史(英文),每小時$240 - 300,青衣(公眾地方),2026-05-14 08:46:19,：青衣城（地鐵站步行約4分鐘）,一星期2堂,每堂1.5小時,"：星期一 1700-2100, 星期二 1800-2100, 星期三 1500-2100, 星期五 1800-2100, 星期六 1900-2100, 星期日 1000-2000, 導師必須在以上時段補習","： 有耐性, 有經驗, 提升解題技巧, 期望最快上課時間:3天內,粵語授課、全英文授課,不接受視像",0-5位導師,14/5/2026 上午10:58:32
219847,小一,中文,每小時$140 - 180,九龍灣(上門補習),2026-05-14 08:21:07,：樂雅苑雅和閣,一星期5堂,每堂2.5小時,,,0-5位導師,14/5/2026 上午10:58:34
219846,中四,經濟(中文),每小時$180 - 220,荔景(上門補習),2026-05-14 08:04:12,：浩景臺,一星期1堂,每堂1.5小時,"：星期六 1530-1730, 星期日 1700-1900, 導師必須在以上時段補習","： 願意支付額外交通金額(HKD): 190.00, 期望最快上課時間:7天內,粵語授課,不接受視像",0-5位導師,14/5/2026 上午10:58:35
219866,小三,英文,每小時$150 - 250,杏花邨(上門補習),2026-05-14 13:58:41,：杏花邨,一星期1堂,每堂1.5小時,：,"： 聖心私小畢業優先，主補作文,不接受視像",0-5位導師,14/5/2026 下午2:29:39
219867,小二,數學(中文),每小時$360 - 500,北角(上門補習),2026-05-14 13:17:13,：雲景道,一星期1堂,每堂1.5小時,"：星期一 1630-1730, 星期四 1630-1730, 星期六 0930-1500, 時間可再商議","： 有耐性, 長補, 現職/曾任中小學教師, 可教導孩子英文數學及奥數知識,期望最快上課時間:一個月內,粵語授課,不接受視像",0-5位導師,14/5/2026 下午2:29:40
219864,中五,生物(英文),每小時$200 - 240,荔枝角(上門或視像皆可),2026-05-14 13:15:47,：海麗村,一星期2堂,每堂2小時,"：星期二 2000-2200, 星期六 2000-2200, 星期日 1000-1200, 時間可再商議","： 提供筆記, 期望最快上課時間:2星期內,粵語授課",0-5位導師,14/5/2026 下午2:29:41
219861,小一,全科(中文),每小時$180 - 250,"屯門,兆康(上門補習)",2026-05-14 12:43:18,：novoland,一星期1堂,每堂1.5小時,,"： 同學9月將升讀小一，需要導師教中英數三科，教育系學生優先考慮,不接受視像",0-5位導師,14/5/2026 下午2:29:42
219860,小二,英文,每小時$160 - 200,深水埗(上門補習),2026-05-14 12:37:14,：富昌邨,一星期3堂,每堂1.5小時,"：星期一 1700-1830, 星期三 1700-1830, 星期五 1700-1830, 時間可再商議","： 期望最快上課時間:3天內,粵語授課、全英文授課,急單補習(需要在兩天內開始上第一堂課),不接受視像",0-5位導師,14/5/2026 下午2:29:43
219859,中四,會計(英文),每小時$230 - 270,視像補習,2026-05-14 12:15:58,,一星期1堂,每堂1.5小時,：,： 有耐性,6-10位導師,14/5/2026 下午2:29:45
219858,中五,英文,每小時$200 - 220,油塘(上門補習),2026-05-14 12:00:58,：油塘,一星期0.5堂,每堂1.5小時,：,： 不接受視像,0-5位導師,14/5/2026 下午2:29:46
219857,中二,數學(英文),每小時$160 - 200,烏溪沙(上門補習),2026-05-14 11:17:01,：頌安邨,一星期2堂,每堂1.5小時,"：星期三 1700-1800, 星期五 1700-1800, 時間可再商議","： 細心, 緊貼學校進度, 幫助操練, 期望最快上課時間:1個月後,粵語授課,不接受視像",6-10位導師,14/5/2026 下午2:29:47
219887,中一,中文,每小時$210 - 250,鴨脷洲(上門補習),2026-05-14 17:05:51,：深灣軒,一星期1堂,每堂1.5小時,"：星期六 1200, 時間可再商議","： 提供練習／試題, 期望最快上課時間:3天內,粵語授課,不接受視像",0-5位導師,14/5/2026 下午5:17:36
219886,小五,英文,每小時$150 - 300,屯門(上門補習),2026-05-14 17:05:09,：屯門區嶺南大學附近屋苑,一星期2堂,每堂1小時,：,"： 一星期兩堂，每堂1小時至1.5小時；補英文grammar writing ,不接受視像",0-5位導師,14/5/2026 下午5:17:37
219884,中三,英文,每小時$190 - 230,柴灣(公眾地方),2026-05-14 16:47:04,,一星期1堂,每堂2小時,"：星期一 1600, 星期二 1600, 星期三 1600, 星期四 1600, 星期五 1600, 星期六 1600, 星期日 1600, 時間可再商議","： 期望最快上課時間:2星期內,粵語授課,有特殊學習需要,不接受視像",0-5位導師,14/5/2026 下午5:17:38
219885,中三,數學(中文),每小時$190 - 230,柴灣(公眾地方),2026-05-14 16:47:04,,一星期1堂,每堂2小時,"：星期一 1600, 星期二 1600, 星期三 1600, 星期四 1600, 星期五 1600, 星期六 1600, 星期日 1600, 時間可再商議","： 期望最快上課時間:2星期內,粵語授課,有特殊學習需要,不接受視像",0-5位導師,14/5/2026 下午5:17:40
219883,中三,英文,每小時$190 - 300,佐敦(上門補習),2026-05-14 16:39:53,：佐敦,一星期1堂,每堂1小時,"：星期一 430, 星期二 430, 星期四 430, 星期五 430, 時間可再商議","： 提供筆記, 提供練習／試題, 有經驗, DSE English 5* or above,英文系或全職導師，期望最快上課時間:3天內,粵語授課,不接受視像",0-5位導師,14/5/2026 下午5:17:41
219881,中四,經濟(英文),每小時$180 - 220,視像補習,2026-05-14 16:19:45,,一星期2堂,每堂1.5小時,"：星期三 1600-1700, 星期六 1500-1600, 導師必須在以上時段補習","： 提供練習／試題, 被動及拖延,期望最快上課時間:3天內,粵語授課",11-15位導師,14/5/2026 下午5:17:42
219880,中三,中文,每小時$170 - 210,"九龍塘,大圍(公眾地方)",2026-05-14 16:18:49,：又一城or 圍坊,一星期1堂,每堂2小時,"：星期四 1700-2000, 時間可再商議","： 有耐性, 提供筆記, 提供練習／試題, 接受zoom but 比較想face to face,期望最快上課時間:3天內,粵語授課,不接受視像",0-5位導師,14/5/2026 下午5:17:44
219875,中一,英文,每小時$180 - 230,天后(公眾地方),2026-05-14 16:15:14,：中央圖書館,一星期1堂,每堂1.5小時,"：星期一 17:00, 星期四 17:00, 導師必須在以上時段補習","： 嚴格, 有耐性, 全英文授課,補星期一/四17:00; 不論是否考試季節導師都需要可以幫到忙補，不接受視像",0-5位導師,14/5/2026 下午5:17:45
219876,中三,化學(英文),每小時$170 - 210,九龍塘(公眾地方),2026-05-14 16:13:35,：又一城,一星期1堂,每堂2小時,"：星期四 1700-2000, 時間可再商議","： 有耐性, 提供筆記, 提供練習／試題, 可接受zoom but比較prefer face to face,期望最快上課時間:3天內,粵語授課、全英文授課,不接受視像",0-5位導師,14/5/2026 下午5:17:46
219877,中三,數學(英文),每小時$170 - 210,九龍塘(公眾地方),2026-05-14 16:13:35,：又一城,一星期1堂,每堂2小時,"：星期四 1700-2000, 時間可再商議","： 有耐性, 提供筆記, 提供練習／試題, 可接受zoom but比較prefer face to face,期望最快上課時間:3天內,粵語授課、全英文授課,不接受視像",6-10位導師,14/5/2026 下午5:17:47
219878,小四,中文,每小時$150 - 190,長沙灣(上門補習),2026-05-14 16:11:28,：怡閣苑,一星期1堂,每堂1.5小時,"：星期一 2000-2200, 星期二 2000-2200, 星期三 2000-2200, 時間可再商議","： 有耐性, 提供練習／試題, 有愛心, 有言語閱讀障礙（輕度）,期望最快上課時間:1個月後,粵語授課,有特殊學習需要,不接受視像",0-5位導師,14/5/2026 下午5:17:49
219879,小四,數學(中文),每小時$150 - 190,長沙灣(上門補習),2026-05-14 16:11:28,：怡閣苑,一星期1堂,每堂1.5小時,"：星期一 2000-2200, 星期二 2000-2200, 星期三 2000-2200, 時間可再商議","： 有耐性, 提供練習／試題, 有愛心, 有言語閱讀障礙（輕度）,期望最快上課時間:1個月後,粵語授課,有特殊學習需要,不接受視像",0-5位導師,14/5/2026 下午5:17:50
219874,中三,英文,每小時$180 - 240,灣仔(上門或視像皆可),2026-05-14 15:57:48,,一星期1堂,每堂1.5小時,,,0-5位導師,14/5/2026 下午5:17:52
219873,小五,數學(中文),每小時$140 - 180,大埔(上門補習),2026-05-14 15:47:24,：廣福邨,一星期1堂,每堂1.5小時,"：星期五 5-8, 星期六 10-8, 星期日 10-8, 時間可再商議","： 期望最快上課時間:3天內,粵語授課,不接受視像",0-5位導師,14/5/2026 下午5:17:53
219872,中四,英國文學,每小時$260 - 280,北角(上門補習),2026-05-14 15:39:16,：和富中心,一星期1堂,每堂2小時,"：星期五 2000-2300, 星期六 2000-2300, 星期日 1300-2230, 時間可再商議","： 提供練習／試題, 期望最快上課時間:7天內,全英文授課,不接受視像",0-5位導師,14/5/2026 下午5:17:54
219871,中二,數學(中文),每小時$160 - 200,油塘(上門補習),2026-05-14 14:57:36,：匯景花園,一星期4堂,每堂2小時,,,6-10位導師,14/5/2026 下午5:17:56
219869,國際學校 year1,數學(英文),每小時$280 - 350,屯門(上門補習),2026-05-14 14:45:59,：Oma Oma,一星期1堂,每堂1.5小時,"：星期二 1600-1700, 星期三 1600-1700, 星期五 1600-1700, 導師必須在以上時段補習","： 全英語上堂, 願意支付額外交通金額(HKD): 0.00, 期望最快上課時間:3天內,粵語授課、全英文授課,不接受視像",0-5位導師,14/5/2026 下午5:17:57
219870,國際學校 year1,英文,每小時$280 - 350,屯門(上門補習),2026-05-14 14:45:59,：Oma Oma,一星期1堂,每堂1.5小時,"：星期二 1600-1700, 星期三 1600-1700, 星期五 1600-1700, 導師必須在以上時段補習","： 全英語上堂, 願意支付額外交通金額(HKD): 0.00, 期望最快上課時間:3天內,粵語授課、全英文授課,不接受視像",0-5位導師,14/5/2026 下午5:17:59
219894,中六,英文,每小時$230 - 270,沙田(上門補習),2026-05-14 19:04:05,：水泉澳邨,一星期1堂,每堂1.5小時,,,0-5位導師,14/5/2026 下午7:23:53
219893,小三,"中文,英文",每小時$150 - 200,土瓜灣(上門補習),2026-05-14 18:51:55,：地鐵站10分鐘,一星期2堂,每堂1.5小時,,"： 補逢星期六日，平日不補習，小朋友做功課無問題，但考試就不行，需要導師有方法讓小朋友掌握考試技巧，提升小朋友成績看到效果,不接受視像",0-5位導師,14/5/2026 下午7:23:54
219892,中二,全科(英文),每小時$180 - 250,視像補習,2026-05-14 18:40:25,,一星期4堂,每堂1.5小時,,,6-10位導師,14/5/2026 下午7:23:55
219891,K2,英文,每小時$150 - 700,太古城(上門補習),2026-05-14 18:19:07,：Mount Parker Residents,一星期1堂,每堂1.5小時,：星期五 9:30am,"： 不接受視像,英文母語導師,有國際學校教學經驗優先",0-5位導師,14/5/2026 下午7:23:57
219890,year10 (2人),鋼琴,每小時$350 - 450,何文田(上門補習),2026-05-14 18:18:18,：集德苑,一星期1堂,,"：星期一 3-6pm, 星期三 4-6pm, 星期四 4-6pm, 星期五 4-6pm","： 不接受視像,一位學生考完了8級，準備學演奏級，一位學生year 7(12歲），學緊六級，預計暑假考試",0-5位導師,14/5/2026 下午7:23:58
219889,小二,"中文,英文",每小時$160 - 180,荔景(上門補習),2026-05-14 18:05:18,：悅麗苑,一星期2堂,每堂1.5小時,,： 不接受視像,0-5位導師,14/5/2026 下午7:23:59
219888,小六,"英文,數學(英文)",每小時$160 - 200,何文田(上門或視像皆可),2026-05-14 17:38:37,：何文田邨,一星期2堂,每堂1.5小時,,,6-10位導師,14/5/2026 下午7:24:00
219904,中五,生物(中文),每小時$200 - 310,沙田(上門補習),2026-05-14 21:07:59,：禾輋邨,一星期2堂,每堂2小時,"：星期一 1700-1900, 導師必須在以上時段補習","： 期望最快上課時間:2星期內,粵語授課,不接受視像",0-5位導師,14/5/2026 下午9:15:17
219903,中四,英文,每小時$200 - 400,西營盤(上門補習),2026-05-14 21:07:47,：禮賢閣,一星期1堂,每堂1.5小時,"：星期一 1700-1930, 星期三 1700-1930, 星期四 1700-1930, 星期五 1700-1930, 星期六 1100-1930, 導師必須在以上時段補習","： 有經驗, 現職/曾任中小學教師, 有教DSE經驗，有能力幫學生攞星星,期望最快上課時間:3天內,粵語授課,不接受視像",0-5位導師,14/5/2026 下午9:15:18
219902,小二,中文,每小時$110 - 190,將軍澳(上門補習),2026-05-14 20:40:22,：地鐵行3 分鐘,一星期1堂,每堂1小時,,： 不接受視像,0-5位導師,14/5/2026 下午9:15:19
219901,小二,中文,每小時$140 - 200,調景嶺(上門補習),2026-05-14 20:15:57,：都會駅,一星期2堂,每堂1.5小時,"：星期三 1600-1700, 星期六 1000-1100, 星期日 1000-1100, 導師必須在以上時段補習","： 長補, 有經驗, 期望最快上課時間:3天內,粵語授課、普通話授課,不接受視像",0-5位導師,14/5/2026 下午9:15:20
219900,中四,數學(英文),每小時$230 - 270,青衣(上門補習),2026-05-14 20:13:33,：青衣青怡花園*座**樓C室,一星期1堂,每堂1.5小時,,,11-15位導師,14/5/2026 下午9:15:22
219899,中五,undefined(英文),每小時$230 - 280,屯門(公眾地方),2026-05-14 19:55:10,,一星期1堂,每堂1.5小時,"：星期五 1700-1800, 導師必須在以上時段補習",： 期望最快上課時間:7天內,0-5位導師,14/5/2026 下午9:15:23
219898,中四,生物(英文),每小時$230 - 270,屯門(上門補習),2026-05-14 19:43:47,：屯門屯興路*號*座**H,一星期1堂,每堂2小時,,,0-5位導師,14/5/2026 下午9:15:24
219896,中一,數學(英文),每小時$180 - 220,西營盤(上門補習),2026-05-14 19:30:10,：屋蘭士里,一星期2堂,每堂1.5小時,"：星期一 1700-1800, 星期三 1700-1800, 星期五 1700-1800, 星期六 1400-1500, 時間可再商議","： 期望最快上課時間:3天內,粵語授課,不接受視像",6-10位導師,14/5/2026 下午9:15:26
219897,中一,地理(中文),每小時$180 - 220,西營盤(上門補習),2026-05-14 19:30:10,：屋蘭士里,一星期2堂,每堂1.5小時,"：星期一 1700-1800, 星期三 1700-1800, 星期五 1700-1800, 星期六 1400-1500, 時間可再商議","： 期望最快上課時間:3天內,粵語授課,不接受視像",0-5位導師,14/5/2026 下午9:15:27
219895,中一,英文,每小時$180 - 220,牛池灣(上門補習),2026-05-14 19:25:41,：彩雲一邨,一星期2堂,每堂1.5小時,"：星期一 1700-1800, 星期三 1700-1800, 時間可再商議","： 嚴格, 有耐性, 提供練習／試題, 接受視像,期望最快上課時間:7天內,全英文授課,不接受視像",0-5位導師,14/5/2026 下午9:15:29
219909,中三,中文,每小時$220 - 230,太古城(公眾地方),2026-05-14 23:07:09,：星巴客,一星期1堂,每堂1.5小時,,"： 提供練習,不接受視像",0-5位導師,14/5/2026 下午11:36:41
219908,K2,升學面試課,每小時$150 - 250,黃竹坑(上門補習),2026-05-14 22:07:37,,一星期5堂,每堂1.5小時,,"： 其他, 教授国际学校面試經驗導師,不接受視像,導師需要說普通話, 請備註一星期可補多少堂",0-5位導師,14/5/2026 下午11:36:42
219907,中四,地理(中文),每小時$220-250,將軍澳(上門補習),2026-05-14 21:47:02,：帝景灣(將軍澳地鐵站步行7分鐘),一星期1堂,每堂1.5小時,：,"： 其他, 5*或以上,不接受視像",0-5位導師,14/5/2026 下午11:36:43
219906,中四,"商業管理(中文),經濟(中文)",每小時$220-250,將軍澳(上門補習),2026-05-14 21:46:43,：帝景灣(將軍澳地鐵站步行7分鐘),一星期1堂,每堂1.5小時,：,"： 其他, 5*或以上,不接受視像",0-5位導師,14/5/2026 下午11:36:45
219913,小四,英文,每小時$170 - 210,紅磡(上門補習),2026-05-15 08:09:07,：榮英大廈,一星期1堂,每堂1.5小時,,,0-5位導師,15/5/2026 上午8:09:59
219912,中一,數學(英文),每小時$180 - 200,灣仔(上門補習),2026-05-15 08:04:27,"：灣仔道***至***號,文興大廈",一星期2堂,每堂1.5小時,"：星期一 1700-1830, 時間可再商議",： 期望最快上課時間:3天內,0-5位導師,15/5/2026 上午8:10:00
219911,中二,數學(中文),每小時$210 - 250,天水圍(公眾地方),2026-05-15 07:57:28,,一星期2堂,每堂2小時,"：星期六 1700-1800, 導師必須在以上時段補習","： 期望最快上課時間:3天內,粵語授課,有特殊學習需要,急單補習(需要在兩天內開始上第一堂課),不接受視像",0-5位導師,15/5/2026 上午8:10:01
219910,中四,M2(英文),每小時$180 - 220,荔枝角(上門或視像皆可),2026-05-15 07:30:16,：Aquamarine,一星期2堂,每堂1.5小時,"：星期日 1500-1700, 時間可再商議","： 有耐性, 提供筆記, 提供練習／試題, 期望最快上課時間:3天內,粵語授課",0-5位導師,15/5/2026 上午8:10:03
219926,中三,數學(中文),每小時$210 - 250,屯門(上門補習),2026-05-15 12:11:36,：龍門居,一星期1堂,每堂1.5小時,"：星期四 1800-1930, 時間可再商議","： 有耐性, 有愛心, 細心, 解讀弱，未必太專心，理解弱,期望最快上課時間:7天內,粵語授課,有特殊學習需要,不接受視像",0-5位導師,15/5/2026 下午12:18:53
219925,中一,全科(英文),每小時$140 - 180,灣仔(上門補習),2026-05-15 11:44:54,"：灣仔道***至***號,文興大廈",一星期2堂,每堂1.5小時,"：星期一 1700-1830, 星期三 1700-1830, 時間可再商議",： 期望最快上課時間:3天內,0-5位導師,15/5/2026 下午12:18:54
219924,中一,數學(英文),每小時$180 - 200,灣仔(上門補習),2026-05-15 11:34:48,"：灣仔道***至***號,文興大廈",一星期2堂,每堂1.5小時,"：星期一 1700-1830, 星期三 1700-1830, 時間可再商議",： 期望最快上課時間:3天內,0-5位導師,15/5/2026 下午12:18:55
219923,year9,"Economics(英文),English Language(英文)",每小時$330 - 400,坑口(上門補習),2026-05-15 11:25:19,：東港城,一星期1堂,每堂1.5小時,"：星期一 1730-1900, 導師必須在以上時段補習","： 有耐性, 提供筆記, 提供練習／試題, 女導師，ECON成績達A*,期望最快上課時間:3天內,不接受視像",0-5位導師,15/5/2026 下午12:18:56
219921,中三,數學(英文),每小時$170 - 210,荃灣(上門補習),2026-05-15 11:04:53,：MTR**-** minutes,一星期1堂,每堂1.5小時,"：星期六 9000-1400, 星期日 0900-1230, 時間可再商議","： 醫科生優先($280/hr 起), 有5** 有責任感 管促學生,期望最快上課時間:7天內,粵語授課,不接受視像",0-5位導師,15/5/2026 下午12:18:57
219922,中三,物理(英文),每小時$170 - 210,荃灣(上門補習),2026-05-15 11:04:53,：MTR**-** minutes,一星期1堂,每堂1.5小時,"：星期六 9000-1400, 星期日 0900-1230, 時間可再商議","： 醫科生優先($280/hr 起), 有5** 有責任感 管促學生,期望最快上課時間:7天內,粵語授課,不接受視像",0-5位導師,15/5/2026 下午12:18:58
219919,小四,中文,每小時$150 - 190,葵涌(上門補習),2026-05-15 10:27:31,：葵盛西邨八座,一星期2堂,每堂1.5小時,"：星期三 1630-1800, 星期五 1630-1800","： 認字比較差，比較抗拒中文； 閱讀寫作比較差；目前成績69分想提升成績,不接受視像",0-5位導師,15/5/2026 下午12:19:00
219920,小二,全科(中文),每小時$190 - 230,天水圍(上門補習),2026-05-15 10:26:17,：沙江圍巒山壹號,一星期4堂,每堂1.5小時,"：星期一 1600-1800, 星期二 1600-1800, 星期三 1600-1800, 星期四 1600-1800, 時間可再商議","： 有耐性, 細心, 互動教學, 學費意外會包導師一程天水圍區內，來回的士車費,期望最快上課時間:3天內,粵語授課,不接受視像",0-5位導師,15/5/2026 下午12:19:01
219915,中五,數學(中文),每小時$200 - 280,鑽石山(上門補習),2026-05-15 08:36:44,：悅庭軒,一星期1堂,每堂2小時,"：星期六 4:30-6:30, 時間可再商議","： 有耐性, 有愛心, 粵語授課, 不接受視像,期望最快上課時間:7天內",6-10位導師,15/5/2026 下午12:19:02
219916,中四,會計(中文),每小時$180 - 230,荔景(上門補習),2026-05-15 08:36:44,：浩景臺,一星期1堂,每堂2小時,"：星期六 1600-1800, 星期日 1630-1830, 導師必須在以上時段補習","： 有耐性, 提供練習／試題, 期望最快上課時間:7天內,粵語授課,不接受視像",0-5位導師,15/5/2026 下午12:19:04
219914,小一,全科(英文),每小時$140 - 180,新蒲崗(上門補習),2026-05-15 08:26:23,：新蒲崗,一星期1堂,每堂1小時,"：星期一 4-5, 星期二 4-5, 導師必須在以上時段補習","： 有耐性, 時間不合請不要申請, 上課不可以玩手機, 期望最快上課時間:7天內,不接受視像",0-5位導師,15/5/2026 下午12:19:05
219917,中二,中文,每小時$180 - 220,黃埔(上門或視像皆可),2026-05-15 08:18:14,：黃埔花園,一星期2堂,每堂1.5小時,"：星期一 1700-1900/2000-2130, 星期二 1700-1900/2000-2130, 星期三 1700-1900/2000-2130, 星期四 1700-1900/2000-2130, 星期六 1130-1330/1430-1630, 時間可再商議","： 有耐性, 提供筆記, 提供練習／試題, 女導師，教書上堂形式教解，先視象再按學生需要上門,期望最快上課時間:7天內,粵語授課",0-5位導師,15/5/2026 下午12:19:07
219918,中二,綜合科學(英文),每小時$180 - 220,黃埔(上門或視像皆可),2026-05-15 08:18:14,：黃埔花園,一星期2堂,每堂1.5小時,"：星期一 1700-1900/2000-2130, 星期二 1700-1900/2000-2130, 星期三 1700-1900/2000-2130, 星期四 1700-1900/2000-2130, 星期六 1130-1330/1430-1630, 時間可再商議","： 有耐性, 提供筆記, 提供練習／試題, 女導師，教書上堂形式教解，先視象再按學生需要上門,期望最快上課時間:7天內,粵語授課、全英文授課",0-5位導師,15/5/2026 下午12:19:08
219934,小三,英文,每小時$210 - 250,粉嶺(上門補習),2026-05-15 15:29:31,：粉嶺圍**號,一星期2堂,每堂1.5小時,"：星期六 1500, 導師必須在以上時段補習","： 嚴格, 無,期望最快上課時間:2星期內,粵語授課,不接受視像",0-5位導師,15/5/2026 下午3:39:25
219933,中二,英文,每小時$180 - 250,樂富(公眾地方),2026-05-15 15:17:13,：樂富廣場,一星期1堂,每堂1.5小時,"：星期二 1700-1830, 星期四 1700-1830, 星期日 1030-1200, 導師必須在以上時段補習","： 期望最快上課時間:7天內,全英文授課,不接受視像",0-5位導師,15/5/2026 下午3:39:26
219932,中五,中文,每小時$200 - 250,馬鞍山(上門補習),2026-05-15 14:17:51,：海典居,一星期1堂,每堂2小時,"：星期六 1300-1800, 星期日 1300-1800, 導師必須在以上時段補習","： 提升閱讀能力, 提升解題技巧, 了解學生不足, 期望最快上課時間:7天內,粵語授課,不接受視像",0-5位導師,15/5/2026 下午3:39:27
219931,中一,"數學(英文),綜合科學(英文)",每小時$180 - 260,將軍澳(上門補習),2026-05-15 14:15:29,：寶盈花園,一星期1堂,每堂1小時,"：星期六 900-1800, 時間可再商議","： 期望最快上課時間:一個月內,不接受視像",0-5位導師,15/5/2026 下午3:39:29
219930,中五,中文,每小時$200 - 240,荃灣(上門補習),2026-05-15 14:14:39,：荃灣大窩口邨,一星期1堂,每堂1.5小時,,,0-5位導師,15/5/2026 下午3:39:30
219929,中四,"數學(英文),化學(英文)",每小時$220 - 260,元朗(上門補習),2026-05-15 13:57:31,,一星期1堂,每堂2小時,,： 不接受視像,6-10位導師,15/5/2026 下午3:39:31
219928,中一,英文,每小時$180 - 230,柴灣(上門補習),2026-05-15 13:23:35,：康翠台,一星期1堂,每堂1.5小時,"：星期一 1700-2130, 星期二 1700-2130, 星期日 0900-1700, 時間可再商議","： 期望最快上課時間:3天內,粵語授課,不接受視像",0-5位導師,15/5/2026 下午3:39:33
219927,中三,體育,每小時$250-350,屯門(公眾地方),2026-05-15 13:19:25,：新墟或者大興麥當勞,一星期2堂,每堂2小時,,： 不接受視像,0-5位導師,15/5/2026 下午3:39:34
219939,中二,英文,每小時$180 - 220,沙田(上門補習),2026-05-15 17:59:47,：乙明邨明恩樓,一星期2堂,每堂1.5小時,,,0-5位導師,15/5/2026 下午6:06:37
219938,中五,生物(英文),每小時$200 - 240,"第一城,大埔,太和,沙田(公眾地方)",2026-05-15 17:43:15,：Starbucks,一星期1堂,每堂2小時,"：星期五 1730-1930, 時間可再商議","： 有耐性, 期望最快上課時間:7天內,粵語授課,不接受視像",0-5位導師,15/5/2026 下午6:06:38
219937,中五,會計(中文),每小時$200,視像補習,2026-05-15 16:39:11,,一星期1堂,每堂1小時,"：星期六 1500-1600, 導師必須在以上時段補習","： 提供筆記, 提供練習／試題, 目前level 1,期望最快上課時間:3天內,粵語授課",0-5位導師,15/5/2026 下午6:06:40
219936,中三,中文,每小時$200 - 240,牛池灣(上門補習),2026-05-15 16:24:50,：嘉峰臺,一星期1堂,每堂1.5小時,,"： 提供練習／試題, 長補, 有經驗, Band1A名校，中文科5*或以上的導師；星期六1300-2230內補,不接受視像",0-5位導師,15/5/2026 下午6:06:41
219935,中四,英文,每小時$200 - 280,屯門(上門補習),2026-05-15 16:00:41,：藍地,一星期1堂,每堂1.5小時,：,"： 有耐性, 提供練習／試題, 需要是大學生,【不要應屆/剛畢業生；補習時間需專注在課堂】期望最快上課時間:7天內,粵語授課,不接受視像",0-5位導師,15/5/2026 下午6:06:43
219945,中三,英文,每小時$190 - 500,烏溪沙(上門補習),2026-05-15 19:54:11,：迎海,一星期2堂,每堂2小時,"：星期一 1730-2230, 星期二 1730-2230, 星期三 1730-2230, 星期四 1730-2230, 星期五 1730-2230, 星期六 1800-2230, 星期日 1630-2230, 時間可再商議","： 期望最快上課時間:7天內,粵語授課、全英文授課、普通話授課,急單補習(需要在兩天內開始上第一堂課),不接受視像",0-5位導師,15/5/2026 下午8:06:20
219944,中一,English Language(英文),每小時$180 - 790,柴灣(上門補習),2026-05-15 19:49:41,：翠灣街,一星期1堂,每堂1.5小時,"：星期三 1600-1730, 時間可再商議","： 嚴格, 提供筆記, 提供練習／試題, 期望最快上課時間:2星期內,全英文授課,不接受視像",0-5位導師,15/5/2026 下午8:06:21
219943,中一,數學(中文),每小時$160 - 200,馬鞍山(上門補習),2026-05-15 19:19:55,：新港城,一星期1堂,每堂1.5小時,,,0-5位導師,15/5/2026 下午8:06:22
219942,小三,全科(中文),每小時$190 - 230,天水圍(上門補習),2026-05-15 18:28:33,：沙江圍巒山壹號,一星期4堂,每堂1.5小時,"：星期一 1600-1800, 星期二 1600-1800, 星期三 1600-1800, 星期四 1600-1800, 導師必須在以上時段補習","： 有耐性, 【必須補星期一至四1600-1800內，可以分兩位導師夾日子，請導師註明能補天數】半小時功課；一小時輔導，鞏固課堂知識及溫習；想導師教閱讀答題考試技巧，同學容易大意，課堂上家長會在附近但不會guide住課堂，學費以外會包導師一程於天水圍區內的來回的士車費（拎收據實報實銷）, 首堂應屆DSE考生需出示最新校內成績表及學生證，大學生導師需出示DSE成績及學生證,不接受視像",0-5位導師,15/5/2026 下午8:06:23
219941,小三,全科(中文),每小時$140 - 180,觀塘(上門補習),2026-05-15 18:25:03,：安泰邨,一星期1堂,每堂1.5小時,：星期六 12-2pm,"： 想要30歲左右導師，有責任有交帶的,不接受視像",0-5位導師,15/5/2026 下午8:06:25
219940,小二,全科(英文),每小時$140 - 150,第一城(上門補習),2026-05-15 18:18:38,：愉翠苑,一星期1堂,每堂1小時,：,"： 短補以下日子: 27/5 14:00-15:00 28/5 14:00-15:00 29/5 14:00-15:00 30/5 14:00-15:00 31/5 14:00-15:00 1/6 14:00-15:00,不接受視像【只收一堂行政費】",0-5位導師,15/5/2026 下午8:06:26
219956,中五,經濟(中文),每小時$200 - 1180,上環(上門補習),2026-05-15 22:26:48,：甘雨街,一星期2堂,每堂2小時,"：星期六 1500-1700, 時間可再商議","： 有經驗, 沒有,期望最快上課時間:2星期內,粵語授課,不接受視像",0-5位導師,15/5/2026 下午10:33:58
219955,中五,英文,每小時$220 - 1200,上環(上門補習),2026-05-15 22:24:08,：甘雨街,一星期2堂,每堂2小時,"：星期六 1500-1700, 時間可再商議","： 有經驗, 沒有,期望最快上課時間:一個月內,粵語授課、全英文授課,不接受視像",0-5位導師,15/5/2026 下午10:33:59
219954,中二,數學(英文),每小時$160 - 200,西營盤(公眾地方),2026-05-15 22:22:51,,一星期2堂,每堂1.5小時,"：星期一 1700, 時間可再商議","： 有愛心, 期望最快上課時間:7天內,粵語授課,不接受視像",0-5位導師,15/5/2026 下午10:34:00
219952,中二,數學(英文),每小時$210 - 250,屯門(上門或視像皆可),2026-05-15 22:06:58,：屯門欣寶路菁田邨菁喜樓**樓****室,一星期1堂,每堂1.5小時,"：星期六 1530-1700, 星期日 1530-1700, 導師必須在以上時段補習","： 提供練習／試題, 互動教學, 提升解題技巧, 期望最快上課時間:2星期內,粵語授課、全英文授課",6-10位導師,15/5/2026 下午10:34:01
219953,小三,全科(中文),每小時$140 - 200,荃灣(上門補習),2026-05-15 22:03:56,：麗城花園,一星期2堂,每堂1.5小時,"：星期一 1600-1800, 星期四 1600-1800, 時間可再商議","： 有耐性, 願意支付額外交通金額(HKD): 10.00, 期望最快上課時間:7天內,粵語授課,不接受視像",0-5位導師,15/5/2026 下午10:34:02
219951,中三,"英文,數學(英文)",每小時$190 - 230,康城(公眾地方),2026-05-15 22:02:51,：海茵莊園會所,一星期2堂,每堂2小時,"：星期二 1930-2130, 星期三 1930-2130, 時間可再商議","： 有耐性, 緊貼學校進度, 提升解題技巧, 期望最快上課時間:3天內,粵語授課、普通話授課,不接受視像",0-5位導師,15/5/2026 下午10:34:03
219950,中三,"英文,經濟(英文)",每小時$190 - 300,視像補習,2026-05-15 20:49:36,,一星期1堂,每堂2小時,"：星期日 1030-1230, 時間可再商議","： 期望最快上課時間:7天內,全英文授課",6-10位導師,15/5/2026 下午10:34:04
219948,中一,數學(英文),每小時$160 - 300,九龍城(上門補習),2026-05-15 20:28:56,：沐泰街**号Monaco *A-GB,一星期2堂,每堂2小時,"：星期一 1800-2000, 星期三 1800-2000, 星期四 1800-2000, 時間可再商議","： 有耐性, 有經驗, 幫助操練, 期望最快上課時間:3天內,全英文授課、普通話授課,急單補習(需要在兩天內開始上第一堂課),不接受視像",6-10位導師,15/5/2026 下午10:34:06
219949,中一,Science(英文),每小時$160 - 300,九龍城(上門補習),2026-05-15 20:28:56,：沐泰街**号Monaco *A-GB,一星期2堂,每堂2小時,"：星期一 1800-2000, 星期三 1800-2000, 星期四 1800-2000, 時間可再商議","： 有耐性, 有經驗, 幫助操練, 期望最快上課時間:3天內,全英文授課、普通話授課,急單補習(需要在兩天內開始上第一堂課),不接受視像",0-5位導師,15/5/2026 下午10:34:07
219947,40+歲,英語會話,每小時$330 - 370,"炮台山,香港仔,黃竹坑(公眾地方)",2026-05-15 20:17:08,,一星期2堂,每堂1.5小時,"：星期二 1800-1900, 星期四 1800-1900, 時間可再商議","： 有耐性, 有經驗, 細心, 期望最快上課時間:一個月內,不接受視像, 成人英語会話，因工作及社交需要, 英文程度很差。主要想溝通",0-5位導師,15/5/2026 下午10:34:08
219946,中五,英文,每小時$220 - 260,觀塘(公眾地方),2026-05-15 20:02:54,,一星期2堂,每堂2小時,"：星期六 1400-1500, 時間可再商議","： 期望最快上課時間:7天內,粵語授課、全英文授課,不接受視像",6-10位導師,15/5/2026 下午10:34:09
219958,中五,英國文學,每小時$260 - 300,視像補習,2026-05-15 23:57:31,,一星期1堂,每堂1.5小時,"：星期一 1830-2000, 星期二 1830-2000, 星期三 1830-2000, 星期四 1830-2000, 星期五 1830-2000, 星期六 1830-2000, 星期日 1830-2000, 導師必須在以上時段補習","： 有耐性, 提供筆記, 提供練習／試題, 期望最快上課時間:7天內,粵語授課、全英文授課",0-5位導師,16/5/2026 上午12:22:54
219957,小五,英文,每小時$170,馬鞍山(上門補習),2026-05-15 22:53:58,：耀安邨,一星期2堂,每堂1.5小時,"：星期三 1700-1800, 星期四 1800-1900, 星期六 1500-1800, 導師必須在以上時段補習","： 提供練習／試題, 長補, 期望最快上課時間:3天內,粵語授課、全英文授課,不接受視像",0-5位導師,16/5/2026 上午12:22:55
219960,小二,英語會話,每小時$280 - 300,大埔(上門補習),2026-05-16 06:55:33,：林村,一星期2堂,每堂1.5小時,"：星期一 1700-2000, 星期二 1700-2000, 星期三 1700-2000, 星期四 1700-2000, 星期五 1700-2000, 星期六 1300-1600, 時間可再商議","： 有耐性, 願意支付額外交通金額(HKD): 50.00, 期望最快上課時間:7天內",0-5位導師,16/5/2026 上午8:02:19
219968,中五,英文,每小時$230 - 300,觀塘(上門補習),2026-05-16 11:44:10,：官塘凯汇,一星期1堂,每堂2小時,"：星期日 900-1200, 導師必須在以上時段補習","： 提供練習／試題, 有經驗, 互動教學, 需要性格开朗，有教学经验，有方法的老师，期望最快上課時間:7天內,全英文授課、普通話授課,不接受視像",0-5位導師,16/5/2026 上午11:56:56
219967,中五,數學,每小時$270 - 320,"秀茂坪,觀塘(公眾地方)",2026-05-16 11:32:47,,一星期1堂,每堂2小時,"：星期六 14-1530, 星期日 11-1230, 導師必須在以上時段補習","： 有耐性, 提供筆記, 了解學生不足, 有特殊學習需要,期望最快上課時間:7天內",0-5位導師,16/5/2026 上午11:56:58
219966,中四,中文,每小時$180 - 210,啟德(公眾地方),2026-05-16 11:18:14,,一星期1堂,每堂1.5小時,,"： 中文作文，啟德或者附近都可以【請導師備註地點】,不接受視像",0-5位導師,16/5/2026 上午11:56:59
219965,小四,"中文,英文",每小時$170 - 200,上環(上門補習),2026-05-16 10:37:01,：美意居,一星期2堂,每堂2小時,"：星期六 1530-1730, 星期日 0930-1130, 導師必須在以上時段補習","： 期望最快上課時間:3天內,粵語授課、全英文授課,不接受視像",0-5位導師,16/5/2026 上午11:57:00
219964,中五,英文,每小時$220 - 300,藍田(上門補習),2026-05-16 09:16:18,：康柏苑,一星期2堂,每堂1.5小時,"：星期一 ------------, 星期二 1800-1930, 星期三 1800-1930, 星期四 1800-1930, 星期五 1800-1930, 星期六 --------------, 星期日 1300-1430, 時間可再商議","： 願意支付額外交通金額(HKD): 16.00, 期望最快上課時間:1個月後,粵語授課,不接受視像",6-10位導師,16/5/2026 上午11:57:01
219962,國際學校 year7,英文,每小時$280 - 350,沙田(上門補習),2026-05-16 08:27:03,：Jubilee Garden,一星期3堂,每堂2小時,"：星期一 1600-1700, 星期二 1600-1700, 星期三 1600-1700, 星期四 1600-1700, 星期六 900-1000, 星期日 900-1000, 時間可再商議","： 期望最快上課時間:3天內,全英文授課,急單補習(需要在兩天內開始上第一堂課),不接受視像",0-5位導師,16/5/2026 上午11:57:03
219963,國際學校 year7,數學(英文),每小時$280 - 350,沙田(上門補習),2026-05-16 08:27:03,：Jubilee Garden,一星期3堂,每堂2小時,"：星期一 1600-1700, 星期二 1600-1700, 星期三 1600-1700, 星期四 1600-1700, 星期六 900-1000, 星期日 900-1000, 時間可再商議","： 期望最快上課時間:3天內,全英文授課,急單補習(需要在兩天內開始上第一堂課),不接受視像",0-5位導師,16/5/2026 上午11:57:04
219961,中三,英文,每小時$190 - 250,馬鞍山(上門補習),2026-05-16 08:03:27,：西沙路***号帝琴湾凯琴居*座*A,一星期2堂,每堂1.5小時,"：星期六 900-1800, 星期日 900-1900, 導師必須在以上時段補習","： 提供練習／試題, 全職導師, 有經驗, 期望最快上課時間:7天內,粵語授課、全英文授課,不接受視像",0-5位導師,16/5/2026 上午11:57:05
219983,小三,全科(中文),每小時$190 - 230,元朗(上門補習),2026-05-16 14:21:08,：新元朗中心,一星期2堂,每堂1.5小時,"：星期三 2000-2100, 星期四 2000-2100, 星期五 1500-1600, 星期日 0900-1000, 時間可再商議","： 提供練習／試題, 針對學生弱項, 期望最快上課時間:3天內,普通話授課,有特殊學習需要,不接受視像",0-5位導師,16/5/2026 下午2:29:19
219982,中四,經濟(英文),每小時$180 - 220,荃灣(上門補習),2026-05-16 14:03:33,：灣景花園,一星期1堂,每堂1.5小時,"：星期四 1730, 時間可再商議","： 期望最快上課時間:7天內,粵語授課、全英文授課,不接受視像",0-5位導師,16/5/2026 下午2:29:20
219981,中二,"數學(英文),中文",每小時$160 - 200,洪水橋(上門補習),2026-05-16 14:01:26,：泉薈,一星期1堂,每堂1.5小時,"：星期六 1430-1600, 時間可再商議","： 有耐性, 針對學生弱項, 提升解題技巧, 期望最快上課時間:一個月內",0-5位導師,16/5/2026 下午2:29:21
219980,K1,英文,每小時$180 - 220,觀塘(上門補習),2026-05-16 13:59:58,：月華大廈,一星期3堂,每堂1小時,,"： 訓練小朋友show and tell,不接受視像",0-5位導師,16/5/2026 下午2:29:22
219978,小一,功課(中文),每小時$190,天水圍(上門補習),2026-05-16 13:41:06,：天恆邨,一星期2堂,每堂1.5小時,"：星期一 1530-1700, 星期二 1530-1700, 星期四 1530-1700, 星期五 1530-1700, 時間可再商議","： 嚴格, 期望最快上課時間:3天內,粵語授課,不接受視像",0-5位導師,16/5/2026 下午2:29:24
219977,中四,會計(英文),每小時$190 - 250,尖沙咀(上門或視像皆可),2026-05-16 13:41:01,：聖馬利,一星期1堂,每堂1.5小時,：,"： 有經驗, 要有經驗的導師",0-5位導師,16/5/2026 下午2:29:25
219979,中二,中文,每小時$160 - 200,第一城(上門補習),2026-05-16 13:40:02,：愉翠苑,一星期1堂,每堂1.5小時,"：星期六 1000-1600, 時間可再商議","： 提供筆記, 提供練習／試題, 有經驗, 期望最快上課時間:1個月後,粵語授課,不接受視像",0-5位導師,16/5/2026 下午2:29:27
219976,小二,數學(英文),每小時$130 - 170,康城(上門補習),2026-05-16 13:17:55,：.,一星期1堂,每堂1小時,,,0-5位導師,16/5/2026 下午2:29:28
219973,小一,中文,每小時$190,上水(上門補習),2026-05-16 12:31:08,：順欣,一星期1堂,每堂1.5小時,"：星期五 1500-1600, 星期六 1000-1100, 時間可再商議","： 期望最快上課時間:7天內,粵語授課,不接受視像",0-5位導師,16/5/2026 下午2:29:29
219974,小一,數學(中文),每小時$190,上水(上門補習),2026-05-16 12:31:08,：順欣,一星期1堂,每堂1.5小時,"：星期五 1500-1600, 星期六 1000-1100, 時間可再商議","： 期望最快上課時間:7天內,粵語授課,不接受視像",0-5位導師,16/5/2026 下午2:29:30
219972,小三,英文,每小時$210 - 250,屯門(上門補習),2026-05-16 12:22:14,：海景花園,一星期1堂,每堂1.5小時,"：星期三 1630-1730, 時間可再商議","： 期望最快上課時間:7天內,粵語授課、全英文授課",0-5位導師,16/5/2026 下午2:29:32
219975,中一,數學(英文),每小時$210 - 250,深井(上門補習),2026-05-16 12:14:49,：麗都,一星期1堂,每堂1.5小時,"：星期一 1815-1930, 星期二 1815-1930, 星期三 1815-1930, 星期四 1815-1930, 時間可再商議","： 有耐性, 期望最快上課時間:3天內,粵語授課,不接受視像",0-5位導師,16/5/2026 下午2:29:33
219971,小五,數學(英文),每小時$200,旺角(上門補習),2026-05-16 12:11:41,：富榮花園,一星期2堂,每堂1.5小時,"：星期一 1500-1700, 星期二 1500-1800, 星期三 1500-1800, 星期四 1500-1800, 時間可再商議","： 有耐性, 提供練習／試題, 緊貼學校進度, 期望最快上課時間:一個月內,粵語授課,有特殊學習需要,不接受視像",0-5位導師,16/5/2026 下午2:29:35
219970,中三,生物(英文),每小時$200 - 220,鑽石山(上門補習),2026-05-16 12:01:10,：慈雲山慈愛苑三期,一星期1堂,每堂1.5小時,：,"： 要5*或以上，有耐性及有經驗補開F.3-F.6 補band1同學的導師,不接受視像",0-5位導師,16/5/2026 下午2:29:36
219969,小一,英文,每小時$160 - 200,油麻地(上門補習),2026-05-16 11:57:06,：炮台街,一星期2堂,每堂1.5小時,"：星期五 1530-1430, 星期六 1530-1700, 星期日 1530-1700, 時間可再商議","： 有耐性, 學習後很容易遺忘,期望最快上課時間:3天內,粵語授課、全英文授課,急單補習(需要在兩天內開始上第一堂課),不接受視像",0-5位導師,16/5/2026 下午2:29:37
219989,小四,全科(英文),每小時$160 - 200,九龍塘(上門補習),2026-05-16 16:09:56,：廣播道,一星期1堂,每堂1.5小時,：星期二 17:00-18:30,： 不接受視像,0-5位導師,16/5/2026 下午4:25:35
219988,中三,生物(英文),每小時$150 - 180,視像補習,2026-05-16 15:59:30,,一星期1堂,每堂1小時,"：星期日 1100-1300/1500-1800, 導師必須在以上時段補習",： LV5以上,0-5位導師,16/5/2026 下午4:25:37
219987,中一,數學(英文),每小時$160 - 200,灣仔(上門補習),2026-05-16 15:10:56,：文興大廈,一星期1堂,每堂2小時,"：星期一 1700-1805, 時間可再商議","： 有耐性, 提供筆記, 有經驗, 數學較弱,期望最快上課時間:3天內,粵語授課、全英文授課,不接受視像",0-5位導師,16/5/2026 下午4:25:38
219985,中一,英文,每小時$180 - 260,何文田(上門補習),2026-05-16 15:10:24,：Onmantin,一星期1堂,每堂1.5小時,"：星期二 1600-1800, 星期四 1600-1800, 星期五 1600-1800, 時間可再商議","： 期望最快上課時間:7天內,全英文授課,不接受視像",0-5位導師,16/5/2026 下午4:25:39
219986,中四,英文,每小時$200 - 240,藍田(公眾地方),2026-05-16 15:09:38,：蓝田,一星期1堂,每堂1.5小時,"：星期五 17001800, 時間可再商議","： 期望最快上課時間:7天內,粵語授課,不接受視像",0-5位導師,16/5/2026 下午4:25:40
219984,中四,數學(中文),每小時$200 - 250,康城(上門補習),2026-05-16 15:07:38,：日出康城領都,一星期1堂,每堂1.5小時,"：星期二 1730, 星期三 1730, 星期日 1100/1600","： dse 成績好,有時會問埋生物及化學科，不接受視像",6-10位導師,16/5/2026 下午4:25:42
219990,中三,全科(英文),每小時$190 - 200,天水圍(上門補習),2026-05-16 16:58:12,：天水圍天瑞路*號嘉湖山莊翠湖居*座*樓D室,一星期3堂,每堂2小時,"：星期一 1630-1830, 星期二 1600-1800, 星期三 1630-1800, 星期五 1600-1800, 星期日 1600-1800, 導師必須在以上時段補習","： 有耐性, 提升解題技巧, 了解學生不足, 期望最快上課時間:7天內",0-5位導師,16/5/2026 下午5:58:16
219994,中一,全科(英文),每小時$170 - 250,啟德(上門補習),2026-05-16 18:57:15,：monaco,一星期1堂,每堂1.5小時,"：星期一 1900, 導師必須在以上時段補習","： 必須逢星期一19:00開始，跟全科各科都會問一問，主要是跟英文,不接受視像",0-5位導師,16/5/2026 下午7:10:28
219993,小三,全科(英文),每小時$150 - 200,啟德(上門補習),2026-05-16 18:56:46,：monaco,一星期1堂,每堂1.5小時,"：星期一 1700, 導師必須在以上時段補習","： 有耐性導師，同學認字比較慢，必須逢星期一1700開始,不接受視像",0-5位導師,16/5/2026 下午7:10:29
219992,中二,"英文,數學(英文)",每小時$180 - 220,長沙灣(上門補習),2026-05-16 18:25:58,：元州邨,一星期2堂,每堂2小時,"：星期六 1100-1300, 時間可再商議","： 有經驗, 期望最快上課時間:2星期內,粵語授課、全英文授課,不接受視像",6-10位導師,16/5/2026 下午7:10:30
219991,中二,英文,每小時$160 - 200,元朗(上門補習),2026-05-16 18:04:25,：元朗富達廣場,一星期2堂,每堂1.5小時,"：星期四 18:00, 星期五 18:00, 星期六 16:00, 導師必須在以上時段補習",： 不接受視像,0-5位導師,16/5/2026 下午7:10:31
219995,中五,生物(英文),每小時$250,西貢(公眾地方),2026-05-16 19:10:44,：hkust,一星期1堂,每堂2小時,"：星期一 16-18, 時間可再商議","： 提供練習／試題, 指導功課, 期望最快上課時間:3天內,粵語授課,不接受視像",0-5位導師,16/5/2026 下午8:07:43
219996,中二,英文,每小時$180 - 200,葵興(公眾地方),2026-05-16 18:52:33,：光辉围,一星期2堂,每堂1.5小時,"：星期一 1700---1800, 星期二 1700---1800, 星期日 1000---1100, 時間可再商議","： 提供筆記, 有經驗, 針對學生弱項, 閱讀較困難 聆聽程度較差,期望最快上課時間:1個月後,粵語授課、普通話授課,不接受視像",0-5位導師,16/5/2026 下午8:07:44
220001,中四,化學(英文),每小時$230,天水圍(公眾地方),2026-05-16 21:08:30,：Ping shan Tin Shui wai Library.,一星期2堂,每堂1.5小時,"：星期四 1700-1800, 星期日 1700-1800, 導師必須在以上時段補習","： 有耐性, 提供筆記, 全英語上堂, 期望最快上課時間:3天內,全英文授課,不接受視像",0-5位導師,16/5/2026 下午9:59:10
220000,中三,英文,每堂$500 - 800,觀塘(上門補習),2026-05-16 20:42:29,：福建中學,一星期1堂,每堂1小時,：,"： 其他, 到學校上堂，每堂1小時15分鐘，每堂$300-800左右。只需6/23-7/10上堂，共10堂，中一至中三，每年級一班，每班15人左右，每堂課75分鐘。每日每年級最多一次課，最早上午9:30開始，最遲中午12:00結束，每堂課具體的開始同結束時間，由老師確定。老師如果佈置作業，需要負責批改作業。不接受視像",0-5位導師,16/5/2026 下午9:59:10
219999,中五,英國文學,每小時$260 - 300,視像補習,2026-05-16 20:32:17,,一星期1堂,每堂1.5小時,"：星期一 1830-2000, 星期二 1830-2000, 星期三 1830-2000, 星期四 1830-2000, 星期五 1830-2000, 星期六 1830-2000, 星期日 1830-2000, 導師必須在以上時段補習","： 有耐性, 提供筆記, 提供練習／試題, 期望最快上課時間:7天內,粵語授課、全英文授課",0-5位導師,16/5/2026 下午9:59:12
219997,國際學校 year6,全科老師,每小時$280 - 400,烏溪沙(上門補習),2026-05-16 20:08:08,：雲海,一星期2堂,每堂1.5小時,"：星期二 1715-1845, 星期四 1700-1930, 導師必須在以上時段補習","： 有耐性, 提供筆記, 長補, 12yrs男生，比較懶思考，需要活動教學,期望最快上課時間:7天內,不接受視像",0-5位導師,16/5/2026 下午9:59:12
220003,小四,英文,每小時$170 - 270,寶琳(上門補習),2026-05-16 22:59:01,：怡心園,一星期1堂,每堂1.5小時,"：星期三 1630, 時間可再商議","： 提供練習／試題, 緊貼學校進度, 提升寫作能力, 期望最快上課時間:3天內,粵語授課、全英文授課,不接受視像",0-5位導師,16/5/2026 下午11:07:23
220002,中五,數學(中文),每小時$180,沙田(上門或視像皆可),2026-05-16 22:00:28,：康林苑,一星期2堂,每堂2小時,：,：,6-10位導師,16/5/2026 下午11:07:24
220004,K3,"中文,英文",每小時$160 - 200,灣仔(上門補習),2026-05-16 23:17:27,：近地鐵站,一星期1堂,每堂1小時,"：星期五 1700-1800, 時間可再商議","： 期望最快上課時間:7天內,粵語授課,不接受視像",0-5位導師,17/5/2026 上午12:08:13
220005,中四,化學(英文),每小時$180 - 300,黃大仙(公眾地方),2026-05-17 01:41:22,：黃大仙starbucks或者pacific,一星期2堂,每堂2小時,"：星期日 15-1630, 時間可再商議","： 提供筆記, 期望最快上課時間:7天內,粵語授課,不接受視像",0-5位導師,17/5/2026 上午2:10:20
220006,中五,物理(英文),每小時$200 - 300,視像補習,2026-05-17 03:11:49,,一星期1堂,每堂1.5小時,"：星期三 2045-2215, 星期四 2045-2230, 星期六 1300-1600, 星期日 1300-1600, 時間可再商議","： 提供筆記, 提供練習／試題, 要求曾考5*或以上, 上堂節奏希望偏快,期望最快上課時間:7天內,粵語授課",0-5位導師,17/5/2026 上午3:34:38
220007,小四,全科(中文),每小時$200 - 240,粉嶺(上門補習),2026-05-17 07:43:50,：欣盛苑,一星期2堂,每堂1.5小時,"：星期一 1630-1800, 星期三 1630-1800, 時間可再商議","： 嚴格, 有耐性, 有愛心, 期望最快上課時間:一個月內,粵語授課,不接受視像",0-5位導師,17/5/2026 上午8:09:20
220023,小五,中文,每小時$150 - 200,油塘(上門補習),2026-05-17 12:30:13,：匯景花園會所,一星期1堂,每堂1.5小時,：,"： 已大學畢業的導師；中文專科老師,有保底經驗,小五中文作文，逢星期日,不接受視像",0-5位導師,17/5/2026 下午12:32:33
220022,小三,英文,每小時$210 - 570,元朗(公眾地方),2026-05-17 12:16:19,：錦上路站,一星期1堂,每堂1.5小時,"：星期四 1700-1800, 星期六 1500-1630, 導師必須在以上時段補習","： 有耐性, 有愛心, 期望最快上課時間:3天內,全英文授課,不接受視像",0-5位導師,17/5/2026 下午12:32:34
220021,中五,經濟(英文),每小時$200 - 240,"紅磡,黃埔(公眾地方)",2026-05-17 11:42:04,,一星期1堂,每堂1.5小時,"：星期日 1200-1900, 時間可再商議","： 有耐性, 針對學生弱項, 期望最快上課時間:2星期內,粵語授課、全英文授課,不接受視像",0-5位導師,17/5/2026 下午12:32:35
220018,中五,中文,每小時$400 - 500,大圍(上門補習),2026-05-17 11:21:54,：近大圍地鐵站,一星期1堂,每堂1小時,,"： 每堂補1小時, DSE 5** 或 HKCEE HKAL grade A ,不接受視像",0-5位導師,17/5/2026 下午12:32:36
220019,中五,英文,每小時$400 - 500,大圍(上門補習),2026-05-17 11:21:54,：近大圍地鐵站,一星期1堂,每堂1小時,,"： 每堂補1小時, DSE 5** 或 HKCEE HKAL grade A ,不接受視像",0-5位導師,17/5/2026 下午12:32:38
220020,中五,化學(英文),每小時$200 - 240,長沙灣(上門補習),2026-05-17 11:21:23,：蘇屋邨,一星期2堂,每堂1.5小時,"：星期日 17-1830, 時間可再商議","： 期望最快上課時間:2星期內,粵語授課、全英文授課,不接受視像",0-5位導師,17/5/2026 下午12:32:39
220017,中一,中文,每小時$160 - 250,北角(上門補習),2026-05-17 11:13:36,：provident centre,一星期1堂,每堂1.5小時,"：星期六 1400, 星期日 1900, 時間可再商議","： 期望最快上課時間:7天內,粵語授課,不接受視像",0-5位導師,17/5/2026 下午12:32:40
220015,中二,英文,每小時$180 - 220,烏溪沙(上門補習),2026-05-17 11:06:05,：地铁站行八分钟,一星期2堂,每堂2小時,"：星期一 2000-2100, 星期五 2000-2100, 星期六 1100-1700, 導師必須在以上時段補習","： 期望最快上課時間:7天內,普通話授課,不接受視像",0-5位導師,17/5/2026 下午12:32:42
220016,中二,數學(英文),每小時$180 - 220,烏溪沙(上門補習),2026-05-17 11:06:05,：地铁站行八分钟,一星期2堂,每堂2小時,"：星期一 2000-2100, 星期五 2000-2100, 星期六 1100-1700, 導師必須在以上時段補習","： 期望最快上課時間:7天內,普通話授課,不接受視像",0-5位導師,17/5/2026 下午12:32:43
220013,小二,英文,每小時$160 - 200,油塘(上門補習),2026-05-17 11:02:33,：油美苑,一星期1堂,每堂1小時,"：星期一 9-11am, 星期四 9-11am, 星期六 9-11am",： 不接受視像,0-5位導師,17/5/2026 下午12:32:44
220012,中一,數學(英文),每小時$200 - 240,長沙灣(上門補習),2026-05-17 11:02:15,：蘇屋邨荷花樓,一星期1堂,每堂1.5小時,：星期日 9am-17:00,"： 全英文教學, 每堂1.5-2小時,不接受視像",0-5位導師,17/5/2026 下午12:32:45
220014,中五,數學(英文),每小時$220 - 260,視像補習,2026-05-17 11:01:45,,一星期1堂,每堂1.5小時,"：星期六 1000-1300, 星期日 1000-1300, 時間可再商議","： 提供筆記, 提供練習／試題, 期望最快上課時間:7天內,粵語授課",11-15位導師,17/5/2026 下午12:32:47
220011,中一,數學(英文),每小時$160 - 250,北角(上門補習),2026-05-17 10:23:13,：provident centre,一星期1堂,每堂1.5小時,"：星期六 1400-, 星期日 1900-, 時間可再商議","： 期望最快上課時間:7天內,粵語授課,不接受視像",6-10位導師,17/5/2026 下午12:32:48
220010,中二,數學(中文),每小時$160 - 200,美孚(上門補習),2026-05-17 10:15:26,：美孚新村,一星期2堂,每堂1.5小時,,,0-5位導師,17/5/2026 下午12:32:50
220009,大專或以上 MU Lipace year two,英文,每小時$270 - 310,屯門(上門補習),2026-05-17 09:51:15,：海麗花園,一星期2堂,每堂2小時,"：星期一 1000-1700, 星期二 1000-1700, 星期三 1000-1700, 星期四 1000-1700, 時間可再商議","： 有耐性, 有愛心, 細心, 不嫌棄我人這麼大英文這麼差,期望最快上課時間:1個月後,粵語授課,不接受視像",0-5位導師,17/5/2026 下午12:32:51
220008,小四,英文,每小時$220 - 260,元朗(上門補習),2026-05-17 08:56:48,：翠巒,一星期2堂,每堂2小時,"：星期日 1300-1500, 導師必須在以上時段補習","： 提升解題技巧, 小四：詞彙量不足導致閱讀理解抓不到重點、看圖作文不夠字數、句子結構弱。需要導師教授閱讀理解的關鍵字解題技巧，並提供寫作框架（Sentence structure）訓練。,期望最快上課時間:3天內,粵語授課、普通話授課",0-5位導師,17/5/2026 下午12:32:52
220032,中五,物理(英文),每小時$200 - 350,馬鞍山(上門補習),2026-05-17 14:57:55,：耀安村耀遜樓,一星期1堂,每堂1.5小時,"：星期一 1700-1900, 星期二 1700-1900, 星期三 1700-1900, 時間可再商議","： 提供筆記, 提供練習／試題, 期望最快上課時間:7天內,粵語授課,不接受視像",0-5位導師,17/5/2026 下午3:23:51
220030,中三,物理(英文),每小時$200 - 230,大埔(上門補習),2026-05-17 14:43:57,：大埔富雅花園,一星期2堂,每堂2小時,"：星期二 1900-2030, 星期三 1900-2030, 時間可再商議","： 期望最快上課時間:3天內,粵語授課、全英文授課,急單補習(需要在兩天內開始上第一堂課),不接受視像",0-5位導師,17/5/2026 下午3:23:52
220031,中三,化學(英文),每小時$200 - 230,大埔(上門補習),2026-05-17 14:43:57,：大埔富雅花園,一星期2堂,每堂2小時,"：星期二 1900-2030, 星期三 1900-2030, 時間可再商議","： 期望最快上課時間:3天內,粵語授課、全英文授課,急單補習(需要在兩天內開始上第一堂課),不接受視像",0-5位導師,17/5/2026 下午3:23:53
220028,小一,"中文,英文",每小時$140 - 300,西灣河(上門補習),2026-05-17 14:22:13,：嘉哼湾,一星期3堂,每堂1.5小時,"：星期一 1630-1800, 星期三 1630-1800, 星期五 1630-1800, 導師必須在以上時段補習","： 期望最快上課時間:一個月內,粵語授課、全英文授課、普通話授課,不接受視像",0-5位導師,17/5/2026 下午3:23:54
220027,31-34歲,英文,每小時$500 - 800,半山(上門補習),2026-05-17 14:20:07,：山頂,一星期2堂,每堂1.5小時,：,"： 【歐美外籍導師】如果沒有，香港的都可以, 成人英文, 需要識普通話, 主要是想學英語，準備應付小朋友幼稚園的面試,不接受視像",0-5位導師,17/5/2026 下午3:23:56
220026,中三,英國文學,每小時$230 - 270,大圍(上門補習),2026-05-17 13:50:00,：雲疊花園*座* A,一星期2堂,每堂2小時,"：星期二 1700-1900, 星期四 1700-1900, 星期六 1300-1500, 導師必須在以上時段補習","： 期望最快上課時間:3天內,粵語授課",0-5位導師,17/5/2026 下午3:23:57
220025,中五,英文,每小時$180 - 250,"東涌,青衣(上門補習)",2026-05-17 13:13:43,：裕泰苑，北大嶼山醫院對面,一星期1堂,每堂1.5小時,"：星期一 6:30pm, 星期二 6:30pm, 星期三 6:30pm, 星期四 6:30pm, 星期五 6:30pm","： 嚴格, 有耐性, 長補, 導師最好住東涌，補平日一至五放學後；週末都可以. 不接受視像",0-5位導師,17/5/2026 下午3:23:58
220024,小三,英文,每小時$160 - 200,大埔(上門補習),2026-05-17 12:28:28,：普益街**號閣樓,一星期2堂,每堂1.5小時,"：星期二 1600-1700, 星期四 1600-1700, 時間可再商議","： 期望最快上課時間:7天內,粵語授課,不接受視像",0-5位導師,17/5/2026 下午3:24:00
220035,中五,數學(英文),每小時$250 - 290,青衣(上門補習),2026-05-17 17:11:52,：青衣,一星期1堂,每堂1.5小時,,,6-10位導師,17/5/2026 下午5:19:22
220034,K2,中文,每小時$100-120,旺角(上門補習),2026-05-17 17:07:28,：大角咀,一星期1堂,每堂1.5小時,：,： 大學生、不接受視像,0-5位導師,17/5/2026 下午5:19:23
220033,中三,化學(英文),每小時$170 - 210,大圍(上門補習),2026-05-17 15:51:08,：溱岸*號,一星期2堂,每堂2小時,"：星期一 1700-1800, 星期二 1700-1800, 星期三 1700-1800, 星期四 1700-1800, 星期五 1700-1800, 星期六 1700-1800, 星期日 1700-1800, 時間可再商議","： 提供練習／試題, 短補, 有經驗, 期望最快上課時間:3天內,粵語授課、全英文授課,急單補習(需要在兩天內開始上第一堂課)",0-5位導師,17/5/2026 下午5:19:24
220038,中一,數學(英文),每小時$180,灣仔(上門補習),2026-05-17 19:33:14,：文興大廈,一星期1堂,每堂1.5小時,"：星期一 17:00-18:30, 時間可再商議","： 有耐性, 有愛心, 有經驗, 有耐性、愛心、有經驗、希望能改善女女數學困難，考試要合格、粵語授課、教導英數,不接受視像",0-5位導師,17/5/2026 下午7:48:26
220037,中五,M2(英文),每小時$200 - 240,西灣河(上門補習),2026-05-17 19:21:39,：太安樓,一星期2堂,每堂1.5小時,"：星期一 1700-2100, 星期日 1100-2100, 時間可再商議","： 有耐性, 提供筆記, 互動教學, 期望最快上課時間:3天內,粵語授課,不接受視像",0-5位導師,17/5/2026 下午7:48:27
220036,小六,全科(中文),每小時$150 - 170,沙田(上門補習),2026-05-17 19:03:17,：插桅桿村,一星期2堂,每堂2小時,"：星期二 1630, 導師必須在以上時段補習","： 期望最快上課時間:7天內,粵語授課,不接受視像",0-5位導師,17/5/2026 下午7:48:28
220039,中五,數學(中文),每小時$200 - 240,南昌(上門或視像皆可),2026-05-17 20:43:35,：凱樂苑、南昌站,一星期2堂,每堂1.5小時,,,0-5位導師,17/5/2026 下午8:44:50
220043,中四,數學(英文),每小時$180 - 220,黃大仙(上門補習),2026-05-17 22:08:46,：東頭村,一星期1堂,每堂1.5小時,"：星期一 1730-1900, 時間可再商議","： 期望最快上課時間:7天內,粵語授課、全英文授課,不接受視像",0-5位導師,17/5/2026 下午10:16:38
220042,中三,英文,每小時$240 - 310,屯門(上門補習),2026-05-17 22:01:57,：龍門居,一星期1堂,每堂1.5小時,"：星期六 1100-1200, 時間可再商議","： 有耐性, 有讀寫障礙，專注力不足,期望最快上課時間:7天內,粵語授課、全英文授課,有特殊學習需要,不接受視像",0-5位導師,17/5/2026 下午10:16:39
220041,中二,英文,每小時$180 - 220,油塘(上門補習),2026-05-17 20:50:14,：油美苑,一星期1堂,每堂1.5小時,"：星期一 1900-2200, 星期四 1900-2200, 星期六 1900-2200, 星期日 1900-2200, 時間可再商議","： 提供筆記, 期望最快上課時間:2星期內,全英文授課,不接受視像",0-5位導師,17/5/2026 下午10:16:40
220040,中二,中文,每小時$160 - 180,將軍澳(上門補習),2026-05-17 20:42:08,：將軍澳中心,一星期2堂,每堂2小時,"：星期一 1700-1900, 星期二 1700-1900, 星期四 1700-1900, 星期五 1700-1900, 時間可再商議","： 有耐性, 提供練習／試題, 有經驗, 比較不集中，中文較弱,期望最快上課時間:7天內,粵語授課,不接受視像",0-5位導師,17/5/2026 下午10:16:42
220046,小五,升中面試,每小時$180 - 200,坑口(上門或視像皆可),2026-05-17 23:05:35,：東港城,一星期1堂,每堂1.5小時,"：星期一 1900-2200, 星期二 1900-2200, 星期三 1900-2200, 星期四 1900-2200, 星期五 1900-2200, 星期六 1600-2200, 星期日 1600-2200, 時間可再商議","： 有經驗, 期望最快上課時間:一個月內",0-5位導師,17/5/2026 下午11:32:27
220045,小四 (2人),全科(英文),每小時$200 - 240,元朗(上門補習),2026-05-17 22:16:55,：富達廣場（大棠路輕鐵站10分鐘）,一星期2堂,每堂2小時,"：星期二 1600-1700, 星期五 1600-1700, 導師必須在以上時段補習","： 嚴格, 有經驗, 引起學生學習興趣, 期望最快上課時間:3天內,全英文授課,不接受視像",0-5位導師,17/5/2026 下午11:32:28
220044,中二,英文,每小時$180 - 220,荃灣(視像補習),2026-05-17 22:16:43,：Hhhh,一星期2堂,每堂1.5小時,,,6-10位導師,17/5/2026 下午11:32:29
220047,中三,中文,每小時$240 - 280,九龍塘(公眾地方),2026-05-18 01:40:53,：又一城 food court,一星期1堂,每堂2小時,"：星期一 1630-1900, 星期二 1630-1900, 時間可再商議","： 有耐性, 提升閱讀能力, 提升寫作能力, 自己極度篇英文科，中文作文好差，睇唔明文言文,期望最快上課時間:一個月內,粵語授課,不接受視像",0-5位導師,18/5/2026 上午2:44:07
220061,K2,英文,每小時$400 - 500,葵涌(上門補習),2026-05-18 12:30:21,：嘉翠園,一星期1堂,每堂1小時,,： 不接受視像【只需要NET導師】,0-5位導師,18/5/2026 下午12:41:54
220060,小二,數學(英文),每小時$120 - 150,深水埗(上門補習),2026-05-18 12:21:09,：睿峰,一星期2堂,每堂1小時,,"： 最少1年以上教學經驗，可以教自然拼读的 帮忙小朋友记住单词,不接受視像， 星期一：7.30-8.30pm。5月可以// 星期二， 三：8-9点.6月开始可以// 星期六2-3pm",0-5位導師,18/5/2026 下午12:41:56
220059,中五,"數學(英文),會計(中文)",每小時$185 - 200,油塘(上門補習),2026-05-18 11:49:28,：油塘,一星期2堂,每堂1.5小時,：,： 不接受視像,0-5位導師,18/5/2026 下午12:41:57
220058,中五,地理(英文),每小時$220,"奧運,荔枝角(公眾地方)",2026-05-18 11:42:13,：長沙灣廣場或奧海城starbucks,一星期3堂,每堂1.5小時,"：星期一 1400-1900, 星期二 1400-1900, 星期三 1400-1900, 星期四 1400-1900, 星期五 1400-1900, 星期日 1400-1900, 導師必須在以上時段補習","： 提供筆記, 幫助操練, 提升解題技巧, 【短補三個星期直至6月8日前】期望最快上課時間:3天內,粵語授課,不接受視像",0-5位導師,18/5/2026 下午12:41:58
220057,中四,Economics(英文),每小時$400 - 560,大埔(上門補習),2026-05-18 11:33:44,：聚豪天下,一星期3堂,每堂2小時,,"： 有耐性, 提供筆記, 提供練習／試題, 全英文面授課；導師需課前提供預習資料，課後HW，課堂多溝通互動，實際應用，案例分析。期望最快上課時間:3天內,全英文授課,不接受視像",0-5位導師,18/5/2026 下午12:42:00
220056,N班,英文,每小時$180 - 220,大角咀(上門補習),2026-05-18 11:20:49,：One SilverSea,一星期2堂,每堂1小時,"：星期二 3:45-4:45, 星期四 3:45-4:45, 導師必須在以上時段補習","： 有耐性, 有愛心, 長補, 5月26及28 1545-1645試堂，如合適逢星期二四上堂，導師必須要有幼兒教學經驗；教3歲，不接受視像",0-5位導師,18/5/2026 下午12:42:00
220055,中二 (2人),中文,每小時$160 - 200,視像補習,2026-05-18 10:03:36,,一星期2堂,,"：星期一 1830-2030, 星期二 1830-2030, 導師必須在以上時段補習","： 有耐性, 提供練習／試題, 有經驗, 一位中二男生，一位中一女生，每人輪流上1小時，讀寫障礙,期望最快上課時間:3天內,粵語授課",6-10位導師,18/5/2026 下午12:42:02
220054,小四 (2人),全科(英文),每小時$150 - 210,大角咀(上門補習),2026-05-18 09:53:29,：維港灣,一星期1堂,,,"： 一位小四女學生，一位小三男學生，每人輪流各上1小時，每星期一或兩次，補全科，但主要系中文科同作文，仔仔比較坐唔定，想搵師資好啲，課程都比較深,不接受視像",0-5位導師,18/5/2026 下午12:42:03
220053,小三,中文,每小時$140 - 180,將軍澳(上門補習),2026-05-18 09:41:12,：富康花園,一星期2堂,每堂1.5小時,"：星期二 1600-1900, 星期四 1600-1900, 星期五 1600-1900, 星期六 1600-1900, 時間可再商議","： 有耐性, 提供筆記, 有愛心, 期望最快上課時間:2星期內,粵語授課,不接受視像",0-5位導師,18/5/2026 下午12:42:05
220052,小二,全科(中文),每小時$140 - 270,黃大仙(公眾地方),2026-05-18 08:54:34,：地鐵站行五分鐘,一星期3堂,每堂2小時,"：星期一 1630-1830, 星期二 1630-1830, 星期四 1630-1830, 星期六 1630-1830, 時間可再商議","： 有耐性, 提升閱讀能力, 有教SEN經驗( $30/hr 起), 讀寫障礙,期望最快上課時間:2星期內,粵語授課,有特殊學習需要,不接受視像",6-10位導師,18/5/2026 下午12:42:06
220050,中三,中文,每小時$180 - 200,觀塘(公眾地方),2026-05-18 08:51:18,：凱滙,一星期2堂,每堂2小時,"：星期一 1700-1900, 星期二 1700-1900, 星期三 1700-1900, 星期四 1700-1900, 星期五 1700-1900, 導師必須在以上時段補習","： 有耐性, 指導功課, 期望最快上課時間:3天內,粵語授課,不接受視像",0-5位導師,18/5/2026 下午12:42:07
220051,中三,數學(中文),每小時$180 - 200,觀塘(公眾地方),2026-05-18 08:51:18,：凱滙,一星期2堂,每堂2小時,"：星期一 1700-1900, 星期二 1700-1900, 星期三 1700-1900, 星期四 1700-1900, 星期五 1700-1900, 導師必須在以上時段補習","： 有耐性, 指導功課, 期望最快上課時間:3天內,粵語授課,不接受視像",6-10位導師,18/5/2026 下午12:42:08
220049,中二,英文,每小時$180 - 240,藍田(上門補習),2026-05-18 08:43:52,：麗港城,一星期1堂,每堂1.5小時,"：星期六 1500-1600, 星期日 1500-1600, 時間可再商議","： 期望最快上課時間:7天內,粵語授課,不接受視像",0-5位導師,18/5/2026 下午12:42:10
220048,小四,中文,每小時$150 - 190,鰂魚涌(上門補習),2026-05-18 08:34:35,：太古站平路步行5分鐘內,一星期1堂,每堂1.5小時,"：星期三 1600-1730, 星期四 1600-1730, 時間可再商議","： 提升閱讀能力, 提升寫作能力, 了解學生不足, 期望最快上課時間:7天內,粵語授課,不接受視像",0-5位導師,18/5/2026 下午12:42:11
220076,25-30歲,"英文,職業面試預備（翻譯相關）",每小時$175 - 200,視像補習,2026-05-18 14:38:36,,一星期1堂,每堂2小時,：,： 導師本週需有時間能多備課及加堂上課；目前重點要學習中文翻譯為英文；及英語聆聽找重點以中文口述出來，導師需要有翻譯訣竅及萬用句式詞彙教導；後續大約每週1堂持續英語及面試學習,0-5位導師,18/5/2026 下午4:37:50
220084,小三,英文,每小時$150 - 200,荃灣(上門補習),2026-05-18 16:36:14,,一星期1堂,每堂1.5小時,,"： 英文基礎比較差，內地轉過來約兩年,不接受視像",0-5位導師,18/5/2026 下午4:37:51
220082,小二,全科(英文),每小時$140 - 150,第一城(上門補習),2026-05-18 16:26:13,：愉翠苑,一星期1堂,每堂1小時,：,"： 暫時以下日子: 27/5 14:00-15:00 28/5 14:00-15:00 29/5 14:00-15:00 30/5 14:00-15:00 31/5 14:00-15:00 1/6 14:00-15:00,不接受視像",0-5位導師,18/5/2026 下午4:37:52
220083,中三,英文,每小時$190 - 360,視像補習,2026-05-18 16:21:17,,一星期1堂,每堂1小時,"：星期一 1530, 星期二 1600, 星期三 1600, 時間可再商議","： 全英語上堂, 期望最快上課時間:7天內,全英文授課",0-5位導師,18/5/2026 下午4:37:53
220081,中四,英文,每小時$220 - 300,康城(上門補習),2026-05-18 16:16:55,：日出康城,一星期1堂,每堂2小時,,： 【不接受視像】,0-5位導師,18/5/2026 下午4:37:54
220079,小五 (2人),英文,每小時$250 - 300,坑口(上門或視像皆可),2026-05-18 15:29:00,：翠林邨,一星期3堂,,"：星期二 2030-2130, 星期五 2030-2130, 星期日 1330-1730, 導師必須在以上時段補習",： 有經驗，全職導師，導師需有學歷證明，一位小五女生，一位中三男生，平日星期二補一位學生，星期五補一位學生，每堂1小時，星期日兩位學生每人輪流上1小時，共2小時【平日zoom，星期日必須上門】,6-10位導師,18/5/2026 下午4:37:56
220078,中二,數學(英文),每小時$160 - 250,火炭(上門補習),2026-05-18 15:18:49,：駿景園（火炭火車站行15分鐘）,一星期2堂,每堂1.5小時,"：星期一 1800-1900, 星期三 1800-1900, 時間可再商議","： 神科生優先($250/hr 起), 喇沙中學或男拔中學畢業生,或其他名校男校畢業生,期望最快上課時間:7天內,全英文授課,不接受視像",0-5位導師,18/5/2026 下午4:37:57
220077,中五,地理(中文),每小時$220 - 280,太和(公眾地方),2026-05-18 15:11:15,：太和火車站,一星期1堂,每堂1.5小時,"：星期二 1630-1830, 時間可再商議","： 嚴格, 有耐性, 提供練習／試題, 期望最快上課時間:3天內,粵語授課,不接受視像",0-5位導師,18/5/2026 下午4:37:59
220075,小二,"中文,英文,數學(英文)",每小時$180 - 230,"上環,半山(上門補習)",2026-05-18 14:33:38,：嘉景臺,一星期2堂,每堂1.5小時,"：星期一 1600-1900, 星期二 1600-1900","： 有耐性, 有愛心, 不接受視像",0-5位導師,18/5/2026 下午4:38:00
220074,中一,"數學(中文),西史(中文),地理(中文)",每小時$230 - 250,粉嶺(上門補習),2026-05-18 14:14:49,：樂嶺樓,一星期3堂,每堂2小時,"：星期一 2000-2200, 星期二 2000-2200, 星期三 2000-2200, 星期四 2000-2200, 星期五 2000-2200, 導師必須在以上時段補習","： 期望最快上課時間:3天內,不接受視像",0-5位導師,18/5/2026 下午4:38:01
220072,中三,中文,每小時$170 - 300,視像補習,2026-05-18 14:14:15,,一星期1堂,每堂1.5小時,"：星期一 1930-2100, 時間可再商議","： 提供筆記, 長補, 全職導師, 期望最快上課時間:1個月後,粵語授課",11-15位導師,18/5/2026 下午4:38:03
220073,中四,數學(英文),每小時$180 - 220,觀塘(上門補習),2026-05-18 14:09:21,：曉麗苑,一星期1堂,每堂1.5小時,"：星期六 1000-1800, 時間可再商議","： 提供練習／試題, 有經驗, 針對學生弱項, 大意、底子一般,期望最快上課時間:2星期內,粵語授課、全英文授課,不接受視像",6-10位導師,18/5/2026 下午4:38:04
220071,中五,M2(英文),每小時$200 - 240,銅鑼灣(公眾地方),2026-05-18 13:56:47,：禮頓中心starbucks,一星期1堂,每堂1.5小時,"：星期一 1630-, 星期二 1630-, 星期三 1630-, 星期六 1600-, 星期日 1000-, 時間可再商議","： 期望最快上課時間:3天內,粵語授課、全英文授課,不接受視像",6-10位導師,18/5/2026 下午4:38:06
220070,中四,資訊及通訊科技(中文),每小時$200 - 240,荃灣(上門補習),2026-05-18 13:42:12,：麗城花園,一星期1堂,每堂1.5小時,"：星期六 1500-1800, 星期日 1500-1800, 時間可再商議","： 期望最快上課時間:7天內,粵語授課,不接受視像",0-5位導師,18/5/2026 下午4:38:07
220069,中二,"綜合科學(英文),數學(英文)",每小時$180 - 250,炮台山(上門補習),2026-05-18 13:30:10,：城市花园道**号维港颂*座,一星期1堂,每堂1.5小時,,"： 直資學校8年级,不接受視像",6-10位導師,18/5/2026 下午4:38:08
220068,小一,全科(英文),每小時$190 - 230,屯門(上門補習),2026-05-18 13:16:36,：愛琴海岸,一星期3堂,每堂2小時,"：星期一 1600, 星期二 1600, 星期三 1600, 星期四 1600, 星期五 1600, 星期六 1600, 星期日 1600, 時間可再商議","： 期望最快上課時間:一個月內,粵語授課,不接受視像",0-5位導師,18/5/2026 下午4:38:10
220066,小六,Composing,每小時$200 - 320,杏花邨(上門或視像皆可),2026-05-18 13:11:01,：Heng fa chuen,一星期1堂,每堂1.5小時,"：星期一 2000, 星期二 2000, 星期三 2000, 星期四 2000, 星期五 2130, 星期六 1200, 星期日 1200, 時間可再商議",： 期望最快上課時間:3天內,0-5位導師,18/5/2026 下午4:38:11
220065,中五,數學(英文),每小時$200 - 240,秀茂坪(上門補習),2026-05-18 13:04:01,：安達邨,一星期1堂,每堂1.5小時,"：星期日 1400-1530, 導師必須在以上時段補習","： 有耐性, 提供筆記, 有愛心, 要由淺入深,期望最快上課時間:7天內,粵語授課、全英文授課,有特殊學習需要,不接受視像",6-10位導師,18/5/2026 下午4:38:13
220067,小六,數學(中文),每小時$140 - 180,荃灣(上門補習),2026-05-18 13:01:03,：韻濤居,一星期2堂,每堂2小時,"：星期二 1600-1800, 星期四 1600-1800, 時間可再商議","： 提供練習／試題, 長補, 針對學生弱項, 期望最快上課時間:2星期內,粵語授課,不接受視像",0-5位導師,18/5/2026 下午4:38:14
220064,小三,中文,每小時$250 - 320,馬鞍山(上門補習),2026-05-18 12:42:29,：耀安村,一星期2堂,每堂1.5小時,"：星期一 1930-2100, 星期二 1830-2000, 星期四 1930-2100, 星期五 1830-2000, 時間可再商議","： 要全職專科老師已大學畢業,【在讀學生不要申請】粵語授課、普通話授課,有特殊學習需要,不接受視像",6-10位導師,18/5/2026 下午4:38:15
220063,小四,"數學(中文),人文及科學",每小時$180 - 220,九龍灣(上門補習),2026-05-18 12:40:14,：德福花園,一星期2堂,每堂1.5小時,"：星期一 1700-1800, 星期三 1700-1800, 星期四 1700-1800, 星期五 1700-1800, 星期六 1000-1200, 星期日 17-1800, 時間可再商議","： 提供練習／試題, 需要補數學和人文及科學，期望最快上課時間:3天內,不接受視像",0-5位導師,18/5/2026 下午4:38:16
220092,K2,"升小廣東話全面補習,升學面試課",每小時$300 - 400,紅磡(公眾地方),2026-05-18 18:39:02,,一星期2堂,每堂2小時,"：星期一 9-10, 星期三 9-11, 星期四 9-11, 星期五 18-19, 導師必須在以上時段補習","： 有耐性, 遊戲教學, 有經驗, 普通话是母语，英文学术底子极佳，但家庭没有广东话语境; 目标：精准备战男拔（DBSPD）首轮和 SPCC 影片/大组游戏题。要求：必须是香港本地人，母语为正宗港式粤语。必须有丰富的小一面试培训经验（前名牌幼稚园幼师、现任面试自由教师、或毕业于传统神校且极有经验的私人教练优先）; 能够自备面试教具（如数理逻辑卡、听指令障碍道具等）; 核心任务：全程只用极速、地道的本地广东话进行高强度的“多步复杂动作指令脱敏”以及社交解难特训期望最快上課時間:3天內,不接受視像",0-5位導師,18/5/2026 下午8:05:41
220093,中二,英文,每小時$180 - 310,深水埗(上門補習),2026-05-18 18:34:44,：深水埗桂林街荔枝角道***號二座**樓B室,一星期2堂,每堂1.5小時,"：星期四 1900-2030, 星期六 1300-1430, 導師必須在以上時段補習","： 有耐性, 提供筆記, 有經驗, 期望最快上課時間:7天內,粵語授課、全英文授課,有特殊學習需要,不接受視像",0-5位導師,18/5/2026 下午8:05:42
220091,中一,數學(英文),每小時$180 - 220,旺角(上門補習),2026-05-18 18:18:00,：5分鐘,一星期1堂,每堂1.5小時,"：星期六 1000-1100, 時間可再商議","： 有耐性, 長補, 需要較多經驗，期望最快上課時間:7天內,不接受視像",0-5位導師,18/5/2026 下午8:05:43
220090,中五,物理(英文),每小時$300,青衣(上門補習),2026-05-18 18:07:28,：灝景灣,一星期1堂,每堂1.5小時,：,"： 提供筆記, 提供練習／試題, 全職導師, 其他, 要全職導師，需試堂(試堂失敗亦可獲得一半學費),不接受視像",0-5位導師,18/5/2026 下午8:05:44
220089,中四,英文,每小時$180 - 240,堅尼地城(上門補習),2026-05-18 17:48:18,,一星期1堂,每堂1.5小時,,： 不接受視像,0-5位導師,18/5/2026 下午8:05:45
220088,中四,化學(英文),每小時$180 - 220,黃大仙(上門補習),2026-05-18 17:35:13,：黃大仙竹園北邨桃園樓,一星期1堂,每堂2小時,"：星期一 1700, 星期二 1700",： 不接受視像,0-5位導師,18/5/2026 下午8:05:47
220087,中三,英文,每小時$190 - 250,佐敦(上門補習),2026-05-18 17:13:14,：永利大楼,一星期2堂,每堂1.5小時,"：星期二 1730-1900, 星期三 1730-1900, 導師必須在以上時段補習","： 有耐性, 長補, 細心, 学生英文基础很薄弱、对学英文有点困难、教学需详细、要温柔的女老师,期望最快上課時間:7天內,粵語授課、普通話授課,不接受視像",6-10位導師,18/5/2026 下午8:05:48
220086,小二,全科(英文),每小時$130 - 150,荔枝角(公眾地方),2026-05-18 16:54:27,：四小龍會所,一星期2堂,每堂1.5小時,"：星期一 1730, 星期二 1830, 星期三 1630, 星期四 1730, 星期五 1730, 星期六 1400, 星期日 1330, 時間可再商議","： 有愛心, 期望最快上課時間:3天內,粵語授課,不接受視像",0-5位導師,18/5/2026 下午8:05:49
220100,中三,數學(英文),每小時$160 - 300,鑽石山(公眾地方),2026-05-18 22:59:13,：星河明居,一星期2堂,每堂1.5小時,"：星期二 1700-1830, 星期三 1630-1830, 星期四 1700-1830, 時間可再商議","： 提供練習／試題, 幫助操練, 提升解題技巧, 期望最快上課時間:7天內,粵語授課,不接受視像",16-20位導師,18/5/2026 下午11:56:01
220098,小二,數學(英文),每小時$140 - 180,大埔(上門補習),2026-05-18 22:45:26,：大埔圖書館,一星期1堂,每堂1小時,：星期六 9:30-10:30,： 不接受視像,0-5位導師,18/5/2026 下午11:56:02
220099,中三,物理(英文),每小時$180 - 200,屯門(公眾地方),2026-05-18 22:44:57,：邁亞美海灣,一星期1堂,每堂1.5小時,"：星期五 1800-1930, 星期六 1000-1130, 導師必須在以上時段補習","： 提供練習／試題, 期望最快上課時間:3天內,粵語授課,不接受視像",0-5位導師,18/5/2026 下午11:56:03
220096,中一,數學(英文),每小時$160 - 200,灣仔(上門補習),2026-05-18 21:19:59,：文興大廈,一星期2堂,每堂1.5小時,"：星期一 1700-1805, 時間可再商議","： 有耐性, 提供筆記, 有經驗, 數學較弱,期望最快上課時間:3天內,粵語授課、全英文授課,不接受視像",6-10位導師,18/5/2026 下午11:56:04
220094,中一,"數學(英文),綜合科學(英文)",每小時$220 - 230,將軍澳(上門補習),2026-05-18 21:04:06,：將軍澳中心,一星期2堂,每堂1.5小時,"：星期一 1730-1900, 星期三 1730-1900, 星期五 1730-1900, 時間可再商議","： 有耐性, 提升解題技巧, 提供筆記, 期望最快上課時間:3天內",6-10位導師,18/5/2026 下午11:56:06
220102,中三,英文,每小時$190 - 230,視像補習,2026-05-19 07:00:29,,一星期1堂,每堂1.5小時,"：星期二 1500-1900, 星期五 1500-1900, 星期日 1500-1800, 時間可再商議","： 全職導師, 特別希望導師能夠指導英文作文特別希望導師能夠指導英文(高階作文),期望最快上課時間:3天內,粵語授課、全英文授課",0-5位導師,19/5/2026 上午7:41:00
220101,小五,數學(中文),每小時$190 - 230,屯門(上門補習),2026-05-19 06:26:56,：三聖邨,一星期1堂,每堂1.5小時,"：星期五 1800-1900, 時間可再商議","： 期望最快上課時間:一個月內,粵語授課",0-5位導師,19/5/2026 上午7:41:01
220104,小五,英文,每小時$250 - 450,荔枝角(上門補習),2026-05-19 09:19:18,：泓景臺,一星期1堂,每堂1.5小時,"：星期二 4-530, 星期四 4-530, 導師必須在以上時段補習","： 提供練習／試題, 期望最快上課時間:1個月後,粵語授課、全英文授課,不接受視像",0-5位導師,19/5/2026 上午9:49:11
220103,中四,化學(英文),每小時$300 - 450,恆安(上門補習),2026-05-19 08:35:54,：恆安邨,一星期1堂,每堂1.5小時,"：星期二 1630-1800, 時間可再商議","： 期望最快上課時間:3天內,粵語授課,不接受視像",0-5位導師,19/5/2026 上午9:49:12
220126,中三,數學(英文),每小時$160 - 200,葵涌(上門補習),2026-05-19 13:54:59,：浩景臺,一星期3堂,每堂1.5小時,,,0-5位導師,19/5/2026 下午1:55:29
220125,,數學(中文),每小時$100 - 270,天水圍(上門或視像皆可),2026-05-19 13:37:17,：柏慧豪園,一星期3堂,每堂1.5小時,,,0-5位導師,19/5/2026 下午1:55:30
220124,小二,廣東話,每小時$200 - 300,薄扶林(上門補習),2026-05-19 13:32:34,：Bel Air,一星期1堂,每堂1小時,,"： Cantonese & Mandarin ,不接受視像",0-5位導師,19/5/2026 下午1:55:31
220123,小一,全科(英文),每小時$140 - 180,半山(上門補習),2026-05-19 13:16:47,：Tregunter Tower *,一星期2堂,每堂1.5小時,"：星期一 1630-1800, 星期三 1630-1800, 導師必須在以上時段補習","： 期望最快上課時間:一個月內,粵語授課,不接受視像",0-5位導師,19/5/2026 下午1:55:33
220122,中五,"中文,英文,數學(英文)",每小時$230 - 270,屯門(公眾地方),2026-05-19 13:13:59,：屯門天后廟廣場（我的工作室）,一星期3堂,每堂2小時,"：星期一 1830-2000, 星期二 1830-2000, 星期三 1830-2000, 星期四 1830-2000, 星期五 1830-2000, 星期六 1600-1900, 星期日 1600-1900, 導師必須在以上時段補習","： 緊貼學校進度, 引起學生學習興趣, 急聘中英數補習導師(女性優先)現讀大学中或近年畢業香港大学生或以上学歷,粵語,期望最快上課時間:7天內,不接受視像",0-5位導師,19/5/2026 下午1:55:34
220121,中三,Mathematics(英文),每小時$160 - 300,視像補習,2026-05-19 12:50:16,,一星期2堂,每堂1小時,"：星期一 1900-2000, 星期五 1630-1900, 星期日 0900-1200, 導師必須在以上時段補習","： 有耐性, 期望最快上課時間:3天內,有特殊學習需要,會考慮HKDSE導師",11-15位導師,19/5/2026 下午1:55:36
220116,小五,中文,每小時$240 - 280,油塘(上門補習),2026-05-19 12:38:12,：油美苑,一星期1堂,每堂1.5小時,"：星期二 18, 星期三 18, 星期六 10, 導師必須在以上時段補習","： 期望最快上課時間:3天內,普通話授課,不接受視像",0-5位導師,19/5/2026 下午1:55:37
220117,小一,全科(英文),每小時$140 - 180,秀茂坪(上門補習),2026-05-19 12:35:33,：安達臣 安秀苑,一星期2堂,每堂1.5小時,"：星期一 1630-1800, 星期三 1630-1800, 導師必須在以上時段補習","： 曾在補習社工作, 期望最快上課時間:3天內,粵語授課、全英文授課,不接受視像",0-5位導師,19/5/2026 下午1:55:38
220119,小一,全科(中文),每小時$140 - 180,馬鞍山(上門補習),2026-05-19 12:33:04,：馬鞍山海典居鄰近馬鞍山地鐵站5分鐘步行,一星期2堂,每堂1.5小時,"：星期一 1700-1900, 星期二 1700-1900, 星期三 1700-1900, 星期四 1700-1900, 星期五 1700-1900, 時間可再商議","： 有耐性, 小一身還未掌握到功課時間,期望最快上課時間:3天內,粵語授課,不接受視像",0-5位導師,19/5/2026 下午1:55:40
220115,小五,全科(中文),每小時$200 - 250,鴨脷洲(上門補習),2026-05-19 12:29:52,：South horizons,一星期3堂,每堂2小時,"：星期二 1630-1800, 星期三 1630-1800, 星期五 1600-1730, 導師必須在以上時段補習","： 有耐性, 提供練習／試題, 有經驗, 期望最快上課時間:1個月後,粵語授課,不接受視像",0-5位導師,19/5/2026 下午1:55:41
220114,小四,英文,每小時$170 - 210,寶琳(上門補習),2026-05-19 11:50:44,：怡心園,一星期1堂,每堂1.5小時,"：星期三 1630, 時間可再商議","： 緊貼學校進度, 針對學生弱項, 提升寫作能力, 期望最快上課時間:3天內,粵語授課、全英文授課,不接受視像",0-5位導師,19/5/2026 下午1:55:42
220113,K3,英文,每小時$160 - 200,銅鑼灣(上門補習),2026-05-19 11:48:36,：Lok Sing Centre,一星期2堂,每堂1小時,"：星期一 1330-1500, 星期二 1330-1500, 星期四 1330-1500, 時間可再商議","： 有愛心, 期望最快上課時間:3天內,全英文授課,不接受視像",0-5位導師,19/5/2026 下午1:55:43
220112,中一,英文,每小時$230 - 270,屯門(上門補習),2026-05-19 11:31:38,：豫豐花園,一星期2堂,每堂1.5小時,"：星期二 1730-1900, 星期五 1730-1900, 導師必須在以上時段補習","： 有耐性, 有愛心, 有經驗, 上課需戴口罩, 英文DSE 5*以上, 最快6月16日可補,期望最快上課時間:一個月內,粵語授課,不接受視像",0-5位導師,19/5/2026 下午1:55:45
220110,中五,生物(中文),每小時$160 - 260,視像補習,2026-05-19 11:22:39,,一星期1堂,每堂1.5小時,,"： 嚴格, 有耐性, 提供筆記, 不要大學生導師 週末上堂, 需要5**導師【內地補習機構找視像補習導師教學，一對一補習（學生對象可能有變動），需流利普通話教學，會用到微信溝通，月繳為主(payment team可以商量)】，普通話授課",0-5位導師,19/5/2026 下午1:55:46
220109,小四,功課(英文),每小時$150 - 400,佐敦(上門補習),2026-05-19 11:22:06,：grand Austin,一星期4堂,每堂2小時,"：星期一 7-9pm, 星期二 7-9pm, 星期三 7-9pm, 星期四 7-9pm, 星期五 7-9pm","： 要補Cambridge課程；不接受視像,全英文授課,全職導師",0-5位導師,19/5/2026 下午1:55:47
220108,中一,英文,每小時$230 - 860,香港仔(公眾地方),2026-05-19 10:40:57,：香港仔中心,一星期1堂,每堂1.5小時,"：星期二 1600-1700, 星期三 1745-1845, 時間可再商議","： 提供練習／試題, 期望最快上課時間:3天內,粵語授課,不接受視像",6-10位導師,19/5/2026 下午1:55:49
220107,中五 (2人),English(A)SL(英文),每小時$180 - 220,視像補習,2026-05-19 10:32:56,,一星期1堂,每堂1小時,"：星期一 1800-1900, 時間可再商議",： 期望最快上課時間:7天內,0-5位導師,19/5/2026 下午1:55:50
220106,中三,化學(英文),每小時$220 - 240,中環(上門補習),2026-05-19 10:18:11,：荷李活華庭,一星期2堂,每堂1.5小時,"：星期二 5:00-6:00pm, 星期五 5:00-6:00pm","： 有耐性, 有愛心, 不接受視像",0-5位導師,19/5/2026 下午1:55:51
220105,中五,英文,每小時$220 - 350,寶琳(上門補習),2026-05-19 09:11:47,：新都城三期 地鐵行3分鐘,一星期1堂,每堂2小時,"：星期一 1630-1930, 星期五 1630-1930, 星期六 1300-1800, 時間可再商議","： 針對學生弱項, 提升解題技巧, 了解學生不足, 想補底 而家大概Level 2 目標上升4 有心讀 希望可以根據我嘅程度去教同埋比練習,期望最快上課時間:3天內,粵語授課,不接受視像",6-10位導師,19/5/2026 下午1:55:52
220145,中三,資訊及通訊科技(英文),每小時$200 - 260,沙田(上門補習),2026-05-19 17:29:44,,一星期1堂,每堂1.5小時,,"： 導師必須要有補習經驗；想今個星期六開始,不接受視像",0-5位導師,19/5/2026 下午5:53:37
220146,中二 (2人),英文,每小時$180 - 250,大圍(上門補習),2026-05-19 17:27:28,：世界花園,一星期2堂,每堂2小時,"：星期五 1700-1900, 星期六 1000-1200, 時間可再商議","： 有耐性, 細心, 針對學生弱項, 願意支付額外交通金額(HKD): 5.00, 期望最快上課時間:3天內,粵語授課,不接受視像",0-5位導師,19/5/2026 下午5:53:38
220144,中三,"物理(英文),資訊及通訊科技(英文)",每小時$220 - 280,沙田(上門補習),2026-05-19 17:25:00,：好運中心,一星期1堂,每堂1.5小時,,： 不接受視像；需要擅長電腦的導師，最好能兼顧教導到物理（請導師備注能教導學科）,0-5位導師,19/5/2026 下午5:53:39
220143,中四,物理(中文),每小時$110 - 250,寶琳(上門補習),2026-05-19 16:43:49,：新都城一期,一星期1堂,每堂2小時,"：星期日 0900, 導師必須在以上時段補習","： 期望最快上課時間:3天內,不接受視像",0-5位導師,19/5/2026 下午5:53:41
220142,中一,中文,每小時$200 - 220,荔枝角(上門補習),2026-05-19 15:58:54,：泓景臺,一星期1堂,每堂1.5小時,：,"： 提供筆記, 提供練習／試題, 不接受視像",6-10位導師,19/5/2026 下午5:53:42
220141,中一,"英文,數學(英文),綜合科學(英文)",每小時$230 - 260,荔枝角(上門補習),2026-05-19 15:58:16,：泓景臺,一星期2堂,每堂1.5小時,：,"： 提供筆記, 提供練習／試題, 不接受視像",6-10位導師,19/5/2026 下午5:53:43
220139,中四,地理(英文),每小時$200 - 270,視像補習,2026-05-19 15:51:32,,一星期1堂,每堂1.5小時,,"： 有耐性, 提供筆記, 提供練習／試題, 期望最快上課時間:7天內,粵語授課",0-5位導師,19/5/2026 下午5:53:45
220140,中二,英文,每小時$210 - 260,九龍灣(公眾地方),2026-05-19 15:48:01,：德福廣場,一星期2堂,每堂1.5小時,"：星期一 1500-1800, 導師必須在以上時段補習","： 提供練習／試題, 有經驗, 曾在補習社工作, 要求女老師,期望最快上課時間:3天內,粵語授課,不接受視像",0-5位導師,19/5/2026 下午5:53:46
220138,小一,英文,每小時$130 - 150,屯門(上門補習),2026-05-19 15:42:01,：屯門輕鐵景峰站,一星期1堂,每堂1小時,：,"： 不接受視像, 需要可以長補的導師, 星期五下午5：30-7點前，星期六/日時間(協商)",0-5位導師,19/5/2026 下午5:53:47
220137,中五,英文,每小時$220 - 250,將軍澳(上門補習),2026-05-19 15:34:18,：馬遊塘村,一星期1堂,每堂2小時,"：星期日 1200-1400, 時間可再商議","： 願意支付額外交通金額(HKD): 20.00, 期望最快上課時間:一個月內,粵語授課,不接受視像",6-10位導師,19/5/2026 下午5:53:49
220136,小三,常識(中文),每小時$190 - 230,屯門(上門或視像皆可),2026-05-19 15:27:38,：屯門市廣場,一星期2堂,每堂1.5小時,"：星期二 19-21, 星期四 19-21, 導師必須在以上時段補習","： 有耐性, 有愛心, 針對學生弱項, 可接受視像, 中文底子薄弱，容易分心，可接受網課,期望最快上課時間:3天內,粵語授課,不接受視像",0-5位導師,19/5/2026 下午5:53:50
220135,小二,全科(中文),每小時$140 - 160,藍田(上門補習),2026-05-19 15:11:42,：康柏苑,一星期2堂,每堂2小時,"：星期五 1600-1800, 星期六 1300-1500",： 不接受視像,0-5位導師,19/5/2026 下午5:53:51
220133,小二,全科(中文),每小時$140 - 180,坑口(上門補習),2026-05-19 14:55:39,：厚德邨,一星期2堂,每堂1.5小時,"：星期一 1800-2000, 星期二 1800-2000, 星期三 1800-2000, 星期四 1800-2000, 星期五 1800-2000, 星期六 1200-1800, 星期日 1200-1800, 時間可再商議","： 有耐性, 有愛心, 互動教學, 期望最快上課時間:3天內,粵語授課",6-10位導師,19/5/2026 下午5:53:53
220134,中五,中文,每小時$200 - 240,何文田(上門補習),2026-05-19 14:54:46,：地鐵站行5分鐘,一星期1堂,每堂1.5小時,"：星期一 1615-1715, 星期日 1200-1300, 時間可再商議","： 有耐性, 提供練習／試題, 針對學生弱項, 期望最快上課時間:1個月後,粵語授課,不接受視像",0-5位導師,19/5/2026 下午5:53:54
220132,小一,"中文,普通話",每小時$130 - 150,屯門(上門補習),2026-05-19 14:49:49,：屯門輕鐵景峰站,一星期1堂,每堂1小時,：,"： 不接受視像, 普教中, 邀請想長期教學普通話老師, 星期五下午5：30-7點前，星期六/日時間(協商)",0-5位導師,19/5/2026 下午5:53:56
220131,中四,Rollar Skating,每小時$1500 - 230,鴨脷洲(公眾地方),2026-05-19 14:49:00,,一星期1堂,每堂1.5小時,：,： 不接受視像,0-5位導師,19/5/2026 下午5:53:57
220130,year9,數學(中文),每小時$300 - 400,元朗(上門補習),2026-05-19 14:43:06,：屏山,一星期1堂,每堂1.5小時,：,"： 有耐性, 有經驗, 其他, 不接受視像",6-10位導師,19/5/2026 下午5:53:58
220129,中四,英文,每小時$280 - 350,視像補習,2026-05-19 14:42:24,,一星期1堂,每堂1小時,"：星期一 1800, 星期二 2000, 星期四 2000, 時間可再商議","： 有耐性, 提供筆記, 提供練習／試題, 期望最快上課時間:7天內,粵語授課",6-10位導師,19/5/2026 下午5:53:59
220128,小六,數學(英文),每小時$140 - 250,大埔(上門補習),2026-05-19 14:20:15,：怡雅苑,一星期2堂,每堂1.5小時,"：星期一 1700-, 星期四 1800-, 星期五 1700-, 時間可再商議","： 期望最快上課時間:7天內,粵語授課,不接受視像",0-5位導師,19/5/2026 下午5:54:01
220127,中五,英文,每小時$200 - 240,坑口(公眾地方),2026-05-19 13:59:33,：海悅豪園(地鐵站對面),一星期1堂,每堂2小時,：,"： 期望最快上課時間:6月正式開始, 可以星期二先上堂試試. 全英文授課, 不接受視像",0-5位導師,19/5/2026 下午5:54:02
220155,小五,全科(中文),每小時$150 - 190,大埔(上門補習),2026-05-19 19:46:26,：新峰花園,一星期2堂,每堂1.5小時,"：星期二 1630-1800, 星期四 1630-1800, 時間可再商議","： 期望最快上課時間:7天內,粵語授課,不接受視像",0-5位導師,19/5/2026 下午8:38:16
220154,中二 (2人),"英文,數學(英文)",每小時$180 - 250,大圍(上門補習),2026-05-19 18:55:11,：世界花園,一星期2堂,每堂2小時,"：星期五 1700-1900, 星期六 1000-1200, 時間可再商議","： 有耐性, 細心, 針對學生弱項, 願意支付額外交通金額(HKD): 5.00, 數學科導師需要中文卷同英文卷都教到，因兩位同學就讀同一間學校，但係一個係精英班英文授課，一個普通班中文授課。期望最快上課時間:3天內,粵語授課,不接受視像",6-10位導師,19/5/2026 下午8:38:17
220153,大專或以上 Year 1,數學(英文),每小時$100 - 270,天水圍(上門或視像皆可),2026-05-19 18:53:10,：柏慧豪園,一星期3堂,每堂1.5小時,：,"： 其他, 補statistic，sehh1028，補到8月",0-5位導師,19/5/2026 下午8:38:18
220152,中四,中文,每小時$200 - 250,視像補習,2026-05-19 18:46:57,,一星期1堂,每堂1.5小時,：,： 每週1-2堂,11-15位導師,19/5/2026 下午8:38:19
220151,中一,英文,每小時$160 - 240,屯門(上門補習),2026-05-19 18:46:02,,一星期2堂,每堂2小時,：,： 不接受視像;一個星期可以安排2-3堂,0-5位導師,19/5/2026 下午8:38:21
220149,小五,數學(中文),每小時$260 - 300,大圍(上門補習),2026-05-19 18:34:01,：景田苑,一星期1堂,每堂1.5小時,,"： 經驗多的全職補習導師，不考慮學生導師,不接受視像",0-5位導師,19/5/2026 下午8:38:22
220150,中五,會計(英文),每小時$250,元朗(公眾地方),2026-05-19 18:25:51,：Yoho Starbucks,一星期1堂,每堂1.5小時,"：星期四 1630-1800, 星期五 1630-1800, 時間可再商議","： 期望最快上課時間:一個月內,粵語授課,不接受視像",0-5位導師,19/5/2026 下午8:38:23
220148,小一,數學(英文),每小時$140 - 250,西灣河(上門補習),2026-05-19 18:21:36,：嘉哼湾,一星期3堂,每堂1.5小時,：,"： 要求全英数学，因为学校授课也是全英, 期望最快上課時間:一個月內,粵語授課、全英文授課、普通話授課,不接受視像",6-10位導師,19/5/2026 下午8:38:24
220147,中一,英文,每小時$250 - 300,北角(上門補習),2026-05-19 18:05:48,：北角地鐵站上面,一星期2堂,每堂2小時,"：星期三 1900-2030, 星期五 1900-2030, 星期六 1000-1200, 時間可再商議","： 有愛心, 初一男生，2025年到港讀書，其他科目均優秀，目前在家可以與菲傭日常交流，數學，科學及地理全英授課近一年，但是英語有一定的差距，希望快速提升。 师资要求：英语专业在读学生优先，具备扎实的英语基础，擅长基础英语教学，性格活潑，擅長引導學生，自律，給學生做個好榜樣。,期望最快上課時間:7天內,全英文授課,有特殊學習需要,不接受視像",6-10位導師,19/5/2026 下午8:38:26
220165,小五,英文,每小時$170 - 260,大埔(上門補習),2026-05-19 23:41:32,：怡雅苑,一星期1堂,每堂1.5小時,"：星期一 1700-, 星期四 1700-, 星期五 1700-, 星期六 1100-, 星期日 1100-, 時間可再商議","： 期望最快上課時間:7天內,粵語授課、全英文授課,不接受視像",0-5位導師,20/5/2026 上午12:03:30
220164,小一,數學(中文),每小時$180 - 220,鴨脷洲(上門補習),2026-05-19 23:28:03,：利東邨,一星期1堂,每堂1.5小時,"：星期五 1800-1900, 時間可再商議","： 期望最快上課時間:3天內,粵語授課,不接受視像",0-5位導師,20/5/2026 上午12:03:31
220163,中五,經濟(英文),每小時$200 - 240,秀茂坪(上門補習),2026-05-19 22:43:20,：安達邨 禮達樓 ****室,一星期1堂,每堂1.5小時,"：星期日 1600-1730, 導師必須在以上時段補習","： 有耐性, 提供筆記, 提供練習／試題, 補咗一年，都唔太識，要由淺入深，慢慢令佢明白和操題,期望最快上課時間:2星期內,粵語授課、全英文授課,有特殊學習需要,不接受視像",0-5位導師,20/5/2026 上午12:03:32
220162,中五,西史(英文),每小時$200 - 250,元朗(上門補習),2026-05-19 22:40:23,：屏山站附近,一星期1堂,每堂1.5小時,,"： 其他, 星期一至五4.30-6.00pm,不接受視像",0-5位導師,20/5/2026 上午12:03:33
220161,中五,生物(英文),每小時$200 - 250,元朗(上門補習),2026-05-19 22:39:58,：屏山站附近,一星期1堂,每堂1.5小時,,"： 其他, 星期一至五4.30-6.00pm,不接受視像",0-5位導師,20/5/2026 上午12:03:34
220160,中五,"數學(英文),會計(英文)",每小時$220 - 280,元朗(上門補習),2026-05-19 22:39:19,：屏山站附近,一星期1堂,每堂1.5小時,,"： 其他, 星期一至五4.30-6.00pm,不接受視像",0-5位導師,20/5/2026 上午12:03:35
220159,中三,數學(英文),每小時$150 - 180,天水圍(上門或視像皆可),2026-05-19 22:30:32,：天水圍天華邨,一星期1堂,每堂1.5小時,：,,11-15位導師,20/5/2026 上午12:03:37
220157,中三,"英文,綜合科學(英文)",每小時$300 - 400,佐敦(上門補習),2026-05-19 21:00:45,：grand Austin,一星期5堂,每堂2小時,：,"： 嚴格, 有耐性, 提供練習／試題, 一星期6堂，主要是英文+科學輔導 週一至週五7-9pm 週日10am-12pm,不接受視像【全職導師】；需要熟悉國際課程",0-5位導師,20/5/2026 上午12:03:38
220156,中四,物理(英文),每小時$180 - 350,土瓜灣(上門補習),2026-05-19 20:42:10,：美怡大厦,一星期1堂,每堂2小時,"：星期四 1700-1900, 星期五 1700-1900, 時間可再商議","： 有耐性, 提供練習／試題, 有經驗, 期望最快上課時間:3天內,粵語授課",6-10位導師,20/5/2026 上午12:03:39
220171,小三,英文,每小時$160 - 190,火炭(上門補習),2026-05-20 01:46:49,：近火炭站,一星期1堂,每堂1.5小時,"：星期五 1800-1900, 星期六 1100-1230, 導師必須在以上時段補習","： 期望最快上課時間:7天內,粵語授課,不接受視像",0-5位導師,20/5/2026 上午2:14:24
220172,小三,中文,每小時$160 - 190,火炭(上門補習),2026-05-20 01:46:49,：近火炭站,一星期1堂,每堂1.5小時,"：星期五 1800-1900, 星期六 1100-1230, 導師必須在以上時段補習","： 期望最快上課時間:7天內,粵語授課,不接受視像",0-5位導師,20/5/2026 上午2:14:25
220169,中三,數學(英文),每小時$160 - 890,第一城(公眾地方),2026-05-20 01:06:58,：置富Starbucks,一星期2堂,每堂2小時,"：星期六 1500-1700, 導師必須在以上時段補習","： 有耐性, 提供練習／試題, 有經驗, 因為我唔係好熟form3 嘅topic,而過多半個月就要考final,所以我想係呢一段時間盡量pick up返啲嘢,期望最快上課時間:7天內,粵語授課,不接受視像",11-15位導師,20/5/2026 上午2:14:26
220170,K1,Oral English for ESF Interview,每小時$300 - 400,九龍城(上門補習),2026-05-20 01:06:28,：啟德*號*期,一星期2堂,每堂1小時,"：星期二 10-11, 星期三 10-11, 星期四 10-11, 星期五 10-11, 導師必須在以上時段補習","： 有愛心, 全英語上堂, 外國回流導師, ESF teacher thes best,期望最快上課時間:1個月後,不接受視像",0-5位導師,20/5/2026 上午2:14:27
220168,中五,英文,每小時$220 - 300,視像補習,2026-05-20 00:43:30,,一星期1堂,每堂1.5小時,"：星期三 2030-2200, 星期六 1300-1900, 星期日 1300-1900, 時間可再商議","： 提供筆記, 提供練習／試題, 曾考5*或以上,期望最快上課時間:7天內,粵語授課",0-5位導師,20/5/2026 上午2:14:28
220167,中一,數學(中文),每小時$160 - 200,旺角(上門補習),2026-05-20 00:32:33,：Na,一星期2堂,每堂1.5小時,,,6-10位導師,20/5/2026 上午2:14:29
220166,小三,數學(中文),每小時$130 - 250,尖沙咀(上門補習),2026-05-19 23:54:13,：The waterfront,一星期1堂,每堂1.5小時,"：星期二 1600-1830, 星期五 16001830, 星期日 900-1200, 導師必須在以上時段補習","： 有耐性, 理解中文題、有趣，細心教導,期望最快上課時間:7天內,粵語授課,不接受視像",11-15位導師,20/5/2026 上午2:14:30
220181,中五,"商業管理(英文),經濟(英文)",每小時$240 - 320,鑽石山(上門補習),2026-05-20 12:18:32,：Galaxia (* mins MTR),一星期2堂,每堂1.5小時,：,"： 提供筆記, 商業&經濟LV5以上；不接受視像；Monday to Friday after 430pm, Sat and Sunday；year 2 or year 3 以上",0-5位導師,20/5/2026 下午12:22:05
220180,中三,生物(英文),每小時$200 - 240,沙田(上門或視像皆可),2026-05-20 12:06:37,：沥源,一星期1堂,每堂1.5小時,：星期五 1800-,"： 有耐性, 提供筆記, 提供練習／試題, 一周補一次或者兩次，期望最快上課時間:3天內,粵語授課、普通話授課",0-5位導師,20/5/2026 下午12:22:06
220179,中四,物理(中文),每小時$180 - 430,藍田(上門補習),2026-05-20 11:51:55,：kokorosso,一星期2堂,每堂1.5小時,"：星期一 1800-1930, 星期二 1900-2030, 星期三 1800-1930, 星期四 1800-1930, 星期五 1800-1930, 星期六 1800-1930, 星期日 1800-1930, 時間可再商議","： 有耐性, 提供筆記, 提供練習／試題, 希望可以上门1对1,期望最快上課時間:7天內,粵語授課、普通話授課,不接受視像",0-5位導師,20/5/2026 下午12:22:07
220178,小一,中文,每小時$140 - 180,荃灣(上門補習),2026-05-20 11:00:11,：麗城花園三期,一星期1堂,每堂1.5小時,"：星期六 1500-1600, 導師必須在以上時段補習","： 引起學生學習興趣, 期望最快上課時間:7天內,粵語授課,不接受視像",0-5位導師,20/5/2026 下午12:22:08
220177,中五,數學(英文),每小時$190 - 300,火炭(上門補習),2026-05-20 10:44:55,：銀禧花園,一星期1堂,每堂1.5小時,"：星期一 4:45-6:30, 星期三 4:45-6:30, 星期四 4:45-6:30, 星期五 4:45-6:30","： 5** 有豐富經驗, 專補DSE,不接受視像",0-5位導師,20/5/2026 下午12:22:09
220176,中五,地理(英文),每小時$260 - 300,火炭(上門補習),2026-05-20 10:43:37,：銀禧花園,一星期1堂,每堂1.5小時,"：星期五 1600, 導師必須在以上時段補習","： 5**，有豐富經驗,不接受視像",0-5位導師,20/5/2026 下午12:22:11
220175,小二,中文,每小時$190 - 230,元朗(上門補習),2026-05-20 10:31:42,：Park yoho,一星期2堂,每堂1.5小時,"：星期三 1700-1800, 星期五 1700-1800, 時間可再商議","： 期望最快上課時間:3天內,普通話授課,不接受視像",0-5位導師,20/5/2026 下午12:22:12
220174,year9,Science(英文),每小時$300 - 400,元朗(上門補習),2026-05-20 10:30:57,：屏山,一星期1堂,每堂1.5小時,：,"： 有耐性, 有經驗, 其他, IP底導師，不接受視像",0-5位導師,20/5/2026 下午12:22:14
220173,中四,經濟(英文),每小時$180 - 220,長沙灣(公眾地方),2026-05-20 09:41:38,,一星期2堂,每堂1.5小時,"：星期五 2100-2230, 星期六 2100-2230, 星期日 1430-1600, 時間可再商議","： 有耐性, 提供練習／試題, 互動教學, 可接受視像,可試zoom/實體,期望最快上課時間:3天內,粵語授課,不接受視像",6-10位導師,20/5/2026 下午12:22:15
220195,中二,"英文,數學(英文)",每小時$220 - 240,油塘(上門補習),2026-05-20 15:36:47,：油美苑,一星期2堂,每堂1.5小時,,"： 主要英文及數學, 其他科考試前幫忙温習下,不接受視像",0-5位導師,20/5/2026 下午3:59:52
220194,中五,數學(英文),每小時$220 - 250,粉嶺(公眾地方),2026-05-20 14:54:43,,一星期1堂,每堂1.5小時,"：星期三 1630-1800, 導師必須在以上時段補習","： 有耐性, 提供練習／試題, 提供筆記, 期望最快上課時間:3天內,不接受視像",0-5位導師,20/5/2026 下午3:59:53
220191,中一,綜合科學(英文),每小時$250 - 300,元朗(公眾地方),2026-05-20 14:50:19,：原築會所,一星期1堂,每堂2小時,"：星期一 4:30, 星期三 4:30, 星期五 4:30","： 有耐性, 有愛心, 長補, 不接受視像",0-5位導師,20/5/2026 下午3:59:54
220192,中一,地理(英文),每小時$250 - 300,元朗(公眾地方),2026-05-20 14:50:19,：原築會所,一星期1堂,每堂2小時,"：星期一 4:30, 星期三 4:30, 星期五 4:30","： 有耐性, 有愛心, 長補, 不接受視像",0-5位導師,20/5/2026 下午3:59:56
220193,中一,西史(英文),每小時$250 - 300,元朗(公眾地方),2026-05-20 14:50:19,：原築會所,一星期1堂,每堂2小時,"：星期一 4:30, 星期三 4:30, 星期五 4:30","： 有耐性, 有愛心, 長補, 不接受視像",0-5位導師,20/5/2026 下午3:59:57
220190,year3,"全科(英文),功課(英文)",每小時$150 - 200,九龍塘(上門補習),2026-05-20 14:43:24,：地鉄行過來约*分鈡,一星期4堂,每堂1.5小時,"：星期二 4:30-6:00pm, 星期四 7:30-9:00pm, 星期五 5:30-7:00pm, 星期日 10:00-11:30am, 時間可再商議","： 同學8歲,主要中英文 星期日要review整個星期的情況, 星期五需要做嗮功課, 同學只能講普通話或英文, 國際學校今年year 3 下年year 4要求可能會高啲 想打好個底同睇功課,不接受視像",0-5位導師,20/5/2026 下午3:59:58
220189,中一,英文,每小時$300 - 340,西貢(上門補習),2026-05-20 14:19:48,：翠塘花園,一星期1堂,每堂1.5小時,"：星期五 1500-1600, 時間可再商議","： 嚴格, 提供練習／試題, 長補, 期望最快上課時間:7天內,全英文授課,不接受視像",0-5位導師,20/5/2026 下午4:00:00
220188,中四,化學(英文),每小時$180 - 250,沙田(上門補習),2026-05-20 13:27:29,：沙田市中心,一星期2堂,每堂1.5小時,"：星期二 1700-1900, 星期六 14:00-20:00, 導師必須在以上時段補習",： 期望最快上課時間:3天內,6-10位導師,20/5/2026 下午4:00:01
220187,小六,中文,每小時$150 - 170,大埔(上門補習),2026-05-20 13:16:23,：大埔黃魚灘村,一星期2堂,每堂2小時,"：星期一 1600-1700, 星期三 1600-1700, 星期五 1600-1700, 時間可再商議","： 嚴格, 有經驗, 期望最快上課時間:7天內,粵語授課,不接受視像",0-5位導師,20/5/2026 下午4:00:02
220186,小二,英文,每小時$180,鴨脷洲(上門補習),2026-05-20 13:12:57,：海怡半島,一星期2堂,每堂1.5小時,"：星期一 1600-1730, 星期三 1600-1730, 導師必須在以上時段補習","： 針對學生弱項, 有讀寫障礙，專注力不足,期望最快上課時間:3天內,粵語授課,有特殊學習需要,不接受視像",0-5位導師,20/5/2026 下午4:00:04
220185,小六,中文,每小時$150 - 250,大圍(上門補習),2026-05-20 12:52:36,：富嘉花園,一星期2堂,每堂2小時,"：星期一 1500-1700, 星期三 1500-1700, 星期四 1500-1700, 星期日 1500-1700, 時間可再商議","： 有經驗, 提升寫作能力, 了解學生不足, 幫助中文作文和閱讀理解長答題,期望最快上課時間:3天內,粵語授課,不接受視像",6-10位導師,20/5/2026 下午4:00:05
220184,中四,數學(英文),每小時$230 - 270,洪水橋(上門補習),2026-05-20 12:29:51,：田心村,一星期2堂,每堂1.5小時,"：星期二 2000-2100, 星期三 2000-2100, 星期四 2000-2100, 星期六 1500-1600, 時間可再商議","： 有耐性, 提供練習／試題, 有經驗, 期望最快上課時間:7天內,粵語授課",16-20位導師,20/5/2026 下午4:00:06
220183,小三,全科(中文),每小時$210 - 250,屯門(上門補習),2026-05-20 12:27:36,：倚嶺南庭,一星期2堂,每堂2小時,：,： 不接受視像,0-5位導師,20/5/2026 下午4:00:07
220182,中四,數學(英文),每小時$230 - 300,粉嶺(上門補習),2026-05-20 12:13:12,：花都廣場,一星期1堂,每堂2小時,"：星期六 900-1800, 導師必須在以上時段補習","： 經驗豐富的導師；期望最快上課時間:7天內,粵語授課,不接受視像",16-20位導師,20/5/2026 下午4:00:09
220205,K2,英文,每小時$210 - 250,元朗(上門補習),2026-05-20 18:50:50,：錦繡,一星期1堂,每堂2小時,：,"： Trinity,不接受視像",0-5位導師,20/5/2026 下午7:17:24
220204,小三,全科(中文),每小時$190,屯門(上門補習),2026-05-20 18:26:54,：悅湖山莊,一星期1堂,每堂1.5小時,"：星期六 300-530, 星期日 1000-400, 時間可再商議","： 期望最快上課時間:7天內,不接受視像",0-5位導師,20/5/2026 下午7:17:25
220203,中五,英文，数学,每小時$180 - 430,筲箕灣(上門補習),2026-05-20 18:18:54,：香岛*座**B,一星期2堂,每堂2小時,"：星期一 1700--1900, 星期五 1700--1900, 時間可再商議","： 嚴格, 期望最快上課時間:3天內,不接受視像",0-5位導師,20/5/2026 下午7:17:26
220202,小五,中文,每小時$150 - 190,馬鞍山(上門或視像皆可),2026-05-20 17:52:41,：乌溪沙翠拥华庭,一星期2堂,每堂1小時,,,6-10位導師,20/5/2026 下午7:17:27
220201,小四,中文,每小時$150 - 170,油塘(上門補習),2026-05-20 17:44:38,：高翔苑,一星期1堂,每堂1.5小時,"：星期四 1630-1800, 星期五 1630-1800, 時間可再商議","： 期望最快上課時間:2星期內,粵語授課、普通話授課,不接受視像",0-5位導師,20/5/2026 下午7:17:29
220198,小三,英文,每小時$200,大埔(上門補習),2026-05-20 16:52:12,：逸遥路*号附近,一星期1堂,每堂1.5小時,：,"： 有耐性, 不接受視像; 主要補writing",0-5位導師,20/5/2026 下午7:17:30
220199,中一,英文,每小時$180 - 300,鰂魚涌(上門補習),2026-05-20 16:51:05,：華信花園,一星期1堂,每堂1.5小時,"：星期一 1800, 星期二 1800, 星期三 1800, 星期四 1800, 星期五 1800, 星期六 1800, 星期日 1800, 時間可再商議","： 學生粵語不好，希望老師可以普通話溝通,期望最快上課時間:7天內,全英文授課、普通話授課,不接受視像",11-15位導師,20/5/2026 下午7:17:32
220197,小三 (2人),數學(中文),每小時$130,九龍城(上門補習),2026-05-20 16:39:52,：啟德,一星期1堂,每堂1.5小時,"：星期六 1130-1300, 時間可再商議","： 嚴格, 有耐性, 提供練習／試題, 期望最快上課時間:1個月後,粵語授課,不接受視像",6-10位導師,20/5/2026 下午7:17:33
220200,國際學校 year9,數學(英文),每小時$190-250,葵涌(上門補習),2026-05-20 16:39:33,：華景山莊,一星期1堂,每堂1.5小時,"：星期一 15:30, 星期二 1630, 星期三 1630, 時間可再商議","： 提供練習／試題, 學生聽得懂廣東話但主要用英文教授，可接受視像,期望最快上課時間:3天內,全英文授課,會考慮HKDSE導師,不接受視像",0-5位導師,20/5/2026 下午7:17:35
220196,中二,英文,每小時$180 - 220,馬鞍山(上門補習),2026-05-20 16:13:18,：聽濤雅苑,一星期1堂,每堂1.5小時,"：星期四 1700-1830, 星期日 1400-1530, 時間可再商議","： 期望最快上課時間:7天內,粵語授課,不接受視像",0-5位導師,20/5/2026 下午7:17:35
220217,中五,M2(中文),每小時$260 - 300,觀塘(上門補習),2026-05-20 21:29:06,：官塘凯汇,一星期1堂,每堂2小時,"：星期三 after 5pm, 導師必須在以上時段補習","： 有耐性, 提供練習／試題, 有經驗, 期望最快上課時間:7天內,普通話授課,不接受視像",0-5位導師,20/5/2026 下午10:00:42
220216,小三,英文,每小時$160 - 200,大埔(上門補習),2026-05-20 21:27:51,：大埔泰亨祠堂村,一星期2堂,每堂1小時,"：星期一 17:00-18:00, 星期五 17:00-18:00, 導師必須在以上時段補習",： 不接受視像,0-5位導師,20/5/2026 下午10:00:44
220215,中五,生物(英文),每小時$200,柴灣(公眾地方),2026-05-20 21:07:01,：青年廣場,一星期1堂,每堂2小時,"：星期一 1800-2100, 星期二 1800-2100, 星期日 1800-2100, 時間可再商議","： 有耐性, 提供筆記, 有愛心, 甩咗好多課題,期望最快上課時間:7天內,粵語授課,有特殊學習需要,不接受視像",0-5位導師,20/5/2026 下午10:00:45
220214,中五,會計(英文),每小時$200 - 240,北角(上門補習),2026-05-20 21:03:26,：僑冠大廈,一星期1堂,每堂2小時,"：星期六 1600, 時間可再商議","： 期望最快上課時間:2星期內,粵語授課,不接受視像",0-5位導師,20/5/2026 下午10:00:46
220213,中五,英文,每小時$220,大埔(上門補習),2026-05-20 20:58:53,：倚龍山莊,一星期1堂,每堂1.5小時,"：星期四 1730-1900, 星期六 1000-1200, 星期日 1000-1200, 時間可再商議","： 提升寫作能力, 期望最快上課時間:一個月內,粵語授課,不接受視像",0-5位導師,20/5/2026 下午10:00:47
220212,中五,中文,每小時$250,天水圍(上門補習),2026-05-20 20:49:01,：柏慧豪園（輕鐵站行3分鐘）,一星期1堂,每堂1.5小時,"：星期一 1630-1800, 星期日 1000-1130, 時間可再商議","： 期望最快上課時間:7天內,粵語授課,不接受視像",0-5位導師,20/5/2026 下午10:00:48
220211,中三,數學(中文),每小時$160 - 200,沙田(上門補習),2026-05-20 20:40:39,：大圍,一星期1堂,每堂1.5小時,,,0-5位導師,20/5/2026 下午10:00:50
220210,中三,物理(英文),每小時$220 - 280,沙田(上門補習),2026-05-20 20:38:00,：好運中心,一星期1堂,每堂1.5小時,：星期六 10am,"： 希望五月23號星期六早上可以上堂補物理的導師, 不接受視像；需要擅長電腦的導師，最好能兼顧教導到ICT（請導師備注能教導學科）【物理至少有5*的導師】",0-5位導師,20/5/2026 下午10:00:51
220209,小一,中文,每小時$140 - 180,旺角(公眾地方),2026-05-20 19:55:57,：富多來,一星期2堂,每堂2小時,"：星期一 1600-1900, 星期二 1600-1900, 星期三 1600-1900, 星期四 1600-1900, 星期五 1600-1900, 星期六 1200-1600, 星期日 1000-1900, 導師必須在以上時段補習","： 有耐性, 學習遲緩,期望最快上課時間:7天內,粵語授課,有特殊學習需要,不接受視像",0-5位導師,20/5/2026 下午10:00:52
220208,中四,數學(英文),每小時$230 - 270,元朗(上門補習),2026-05-20 19:45:50,：柏珑,一星期5堂,每堂2小時,"：星期一 1600-2130, 星期二 1600-2130, 星期三 1600-2130, 星期四 1600-2130, 星期五 1600-2130, 星期六 1600-2130, 星期日 1600-2130, 時間可再商議","： 這學期必須在香港, 期望最快上課時間:1個月後,粵語授課、全英文授課,不接受視像",6-10位導師,20/5/2026 下午10:00:53
220207,中二,英文,每小時$230 - 330,屯門(上門補習),2026-05-20 19:27:39,：景新臺,一星期1堂,每堂1.5小時,"：星期一 1730-1900, 星期二 1730-1900, 導師必須在以上時段補習","： 有耐性, 提供練習／試題, 長補, 期望最快上課時間:2星期內,粵語授課,不接受視像",0-5位導師,20/5/2026 下午10:00:54
220206,中一,地理(英文),每小時$180 - 200,視像補習,2026-05-20 19:08:49,,一星期2堂,每堂1.5小時,"：星期一 1700-1830, 星期四 1700-1830, 時間可再商議","： 有耐性, 提供練習／試題, 提升解題技巧, 可接受視像補習，可隨時改動時間,期望最快上課時間:1個月後,粵語授課、全英文授課",0-5位導師,20/5/2026 下午10:00:55
220227,小二,英文,每小時$160 - 200,藍田(公眾地方),2026-05-21 01:11:10,：藍田圖書館,一星期2堂,每堂1.5小時,"：星期一 1600-1730, 導師必須在以上時段補習","： 期望最快上課時間:3天內,粵語授課,不接受視像",0-5位導師,21/5/2026 上午1:21:25
220226,year7,全科(英文),每小時$280 - 350,太古城(上門補習),2026-05-21 01:03:27,：Mount Parker Residences,一星期5堂,每堂2小時,"：星期一 1645-1845, 星期二 1910-2110, 星期三 1545-1745, 星期四 1910-2110, 星期五 1545-1745, 時間可再商議","： 有耐性, 外國回流導師, 有教SEN經驗( $30/hr 起), 希望寻找一位有国际学校经验、英文能力强、有耐心的老师长期辅导。 需求如下： • 主要方向： 英文提升（阅读、写作、词汇、表达、自信建立） 全科辅导（Math / Science / Social Studies 等） 协助适应IB / inquiry-based learning 学习模式 提升英文理解与学术表达能力,期望最快上課時間:3天內,有特殊學習需要,不接受視像",0-5位導師,21/5/2026 上午1:21:26
220225,中四,經濟(英文),每小時$180 - 220,西環(公眾地方),2026-05-20 23:59:17,,一星期1堂,每堂1.5小時,"：星期一 1500-1600, 時間可再商議","： 期望最快上課時間:3天內,粵語授課,不接受視像",6-10位導師,21/5/2026 上午1:21:27
220224,中四,數學(英文),每小時$180 - 220,西環(公眾地方),2026-05-20 23:56:01,,一星期1堂,每堂1.5小時,"：星期一 1500-1600, 時間可再商議","： 期望最快上課時間:3天內,粵語授課,不接受視像",6-10位導師,21/5/2026 上午1:21:29
220223,K3,數學(中文),每小時$130 - 170,銅鑼灣(上門補習),2026-05-20 23:32:37,：寶漢大廈,一星期1堂,每堂1小時,"：星期二 1600-1700, 星期五 1600-1700, 時間可再商議","： 有耐性, 有愛心, 期望最快上課時間:7天內,粵語授課,不接受視像",0-5位導師,21/5/2026 上午1:21:30
220222,中一,"中文,數學(英文)",每小時$220 - 240,康城(上門補習),2026-05-20 22:55:13,,一星期1堂,每堂1.5小時,：,"： ⁠中文教, 22/5 - 18/6 可以日日來 , ⁠主要中文及數學及考試日的幫助,4/6-18/6考試期間可加時, 今屈DSE學生 也可以,不接受視像【短補只收一堂行政費】",0-5位導師,21/5/2026 上午1:21:32
220221,小二,中文,每小時$140 - 250,視像補習,2026-05-20 22:41:11,,一星期2堂,每堂1.5小時,"：星期五 1830-1930, 導師必須在以上時段補習","： 提供筆記, 提供練習／試題, 閱讀障礙,期望最快上課時間:2星期內,粵語授課",11-15位導師,21/5/2026 上午1:21:33
220218,中五,化學(中文),每小時$200 - 270,"土瓜灣,紅磡,黃埔(公眾地方)",2026-05-20 22:26:58,：黃埔Starbucks,一星期2堂,每堂2小時,"：星期六 1400-1600, 星期日 1530-1730, 時間可再商議","： 有耐性, 提供筆記, 醫科生優先($280/hr 起), 期望最快上課時間:2星期內,粵語授課,不接受視像",0-5位導師,21/5/2026 上午1:21:34
220219,中三,中史,每小時$170 - 210,馬鞍山(上門補習),2026-05-20 22:26:19,：富安花園,一星期2堂,每堂1.5小時,"：星期一 1800-1900, 導師必須在以上時段補習","： 期望最快上課時間:3天內,粵語授課,不接受視像",0-5位導師,21/5/2026 上午1:21:35
220220,中三,西史(中文),每小時$170 - 210,馬鞍山(上門補習),2026-05-20 22:26:19,：富安花園,一星期2堂,每堂1.5小時,"：星期一 1800-1900, 導師必須在以上時段補習","： 期望最快上課時間:3天內,粵語授課,不接受視像",0-5位導師,21/5/2026 上午1:21:37
220230,小一,中文,每小時$140 - 180,鰂魚涌(上門補習),2026-05-21 12:14:52,：康怡花園,一星期1堂,每堂1.5小時,"：星期三 1700-1900, 星期五 1800-2000, 星期日 1000-1200, 時間可再商議","： 期望最快上課時間:2星期內,粵語授課,不接受視像",0-5位導師,21/5/2026 下午12:41:50
220229,中五,經濟(英文),每小時$200 - 250,葵涌(上門補習),2026-05-21 11:20:08,：葵義路**號葵翠邨碧翠樓****室,一星期1堂,每堂1.5小時,"：星期六 1200-1800, 星期日 1200-1800, 時間可再商議","： 提供筆記, 提供練習／試題, 有愛心, 期望最快上課時間:7天內,粵語授課、全英文授課",0-5位導師,21/5/2026 下午12:41:51
220228,中五,生物(英文),每小時$200 - 240,視像補習,2026-05-21 09:23:42,,一星期2堂,每堂2小時,"：星期二 1800-2000, 星期三 1800-2000, 星期四 1800-20000, 時間可再商議","： 提供筆記, 提供練習／試題, 有經驗, 期望最快上課時間:3天內,粵語授課",16-20位導師,21/5/2026 下午12:41:53
220241,中二,中文,每小時$180 - 220,荃灣(上門補習),2026-05-21 15:24:35,：汀九青山公路***號（轉小巴）,一星期1堂,每堂1小時,"：星期四 6-7pm, 導師必須在以上時段補習","： 長補；暑假時想加較多堂，能夠補埋中三理科預習更好,不接受視像；要大學生導師",0-5位導師,21/5/2026 下午4:22:25
220246,小三,英文,每小時$210 - 250,上水(上門補習),2026-05-21 16:12:40,：上水彩石邨耀石樓***室,一星期2堂,每堂1.5小時,,,0-5位導師,21/5/2026 下午4:22:27
220245,grade7,數學(英文),每小時$230 - 420,"美孚,荔枝角(公眾地方)",2026-05-21 15:58:12,：美孚新邨,一星期1堂,每堂1.5小時,"：星期六 11:00, 導師必須在以上時段補習","： 有耐性, 長補, 現職/曾任中小學教師, 女老師，美國國際學校 不接受視像",0-5位導師,21/5/2026 下午4:22:28
220244,中四,物理(英文),每小時$180 - 400,美孚(公眾地方),2026-05-21 15:57:14,,一星期1堂,每堂1.5小時,"：星期四 1700-1830, 導師必須在以上時段補習","： 有耐性, 提供筆記, 提供練習／試題, 期望最快上課時間:一個月內,粵語授課,不接受視像",0-5位導師,21/5/2026 下午4:22:30
220243,N班,英文,每小時$180,大坑(上門補習),2026-05-21 15:27:11,：cavendish heights,一星期1堂,每堂1.5小時,"：, 導師必須在以上時段補習","： 有耐性, 有愛心, 有經驗, 不接受視像, 小朋友2歲",0-5位導師,21/5/2026 下午4:22:31
220242,N班,普通話,每小時$180,大坑(上門補習),2026-05-21 15:26:53,：cavendish heights,一星期1堂,每堂1.5小時,"：, 導師必須在以上時段補習","： 有耐性, 有愛心, 有經驗, 不接受視像, 小朋友2歲, 需要普通話交流,認識身邊事物",0-5位導師,21/5/2026 下午4:22:32
220240,中四,"會計(中文),經濟(英文)",每小時$160 - 220,葵涌(上門補習),2026-05-21 14:42:23,：葵馥苑,一星期2堂,每堂1.5小時,"：星期一 1500-1630, 星期二 1500-1630, 時間可再商議","： 有耐性, 有耐性、細心、愛心,不接受視像,最好曾讀林護中學",0-5位導師,21/5/2026 下午4:22:34
220239,小四,全科(英文),每小時$160,筲箕灣(上門補習),2026-05-21 14:41:21,：明華,一星期2堂,每堂1.5小時,"：星期六 1000-1100, 星期日 1000-1100, 時間可再商議","： 不接受視像, ST. JO 優先",0-5位導師,21/5/2026 下午4:22:35
220237,小六,英文,每小時$220,粉嶺(上門補習),2026-05-21 14:24:40,：皇后山,一星期2堂,每堂1.5小時,"：星期一 1530, 星期二 1530, 星期三 1500, 星期四 1530, 星期五 1530, 導師必須在以上時段補習","： 有耐性, 提供筆記, 長補, 期望最快上課時間:3天內,粵語授課、全英文授課,不接受視像",0-5位導師,21/5/2026 下午4:22:36
220238,中四,中文,每小時$180 - 280,觀塘(公眾地方),2026-05-21 14:24:14,：apm,一星期2堂,每堂1.5小時,"：星期一 1715-1900, 星期四 1715-1900, 星期五 1715-1900, 星期六 1500-1900, 星期日 1400-1900, 時間可再商議","： 針對學生弱項, 提升解題技巧, 期望最快上課時間:3天內,粵語授課,不接受視像",6-10位導師,21/5/2026 下午4:22:38
220236,中四,中文,每小時$180 - 220,黃埔(上門或視像皆可),2026-05-21 14:11:35,：黃埔花園,一星期1堂,每堂1.5小時,"：星期六 1000-1100, 時間可再商議","： 針對學生弱項, 提升寫作能力, 了解學生不足, 因為學校在深圳只能接受Zoom及只有週末才能上課，主力補習中文作文,期望最快上課時間:7天內,粵語授課、普通話授課",0-5位導師,21/5/2026 下午4:22:39
220235,小二,英文,每小時$160,深水埗(上門補習),2026-05-21 13:55:32,：富昌邨 富悅樓,一星期1堂,每堂1.5小時,"：星期二 1700-1800, 時間可再商議","： 嚴格, 有耐性, 長補, 期望最快上課時間:7天內,粵語授課,不接受視像",0-5位導師,21/5/2026 下午4:22:40
220234,中三,英文,每小時$190 - 230,火炭(上門補習),2026-05-21 13:37:25,：銀禧花園,一星期2堂,每堂1.5小時,"：星期一 1630-1800, 星期四 1630-1800, 導師必須在以上時段補習","： 有經驗, 提升閱讀能力, 提升寫作能力, 學生性格內斂，prefer 女教師,期望最快上課時間:7天內,粵語授課、全英文授課,不接受視像",0-5位導師,21/5/2026 下午4:22:42
220233,中四,中文,每小時$180 - 220,北角(上門或視像皆可),2026-05-21 13:36:42,：富雅花園,一星期2堂,每堂2小時,"：星期一 1800-1900, 星期三 1800-1900, 星期四 1800-1900, 星期五 1800-1900, 時間可再商議","： 期望最快上課時間:3天內,粵語授課",6-10位導師,21/5/2026 下午4:22:43
220232,小六,功課(英文),每小時$120 - 150,上水(上門補習),2026-05-21 12:56:09,：上水火車站附近屋苑,一星期1堂,每堂1.5小時,：,"： 主力數學 有耐性，嚴格的導師, 【時間不符請勿申請】,不接受視像",6-10位導師,21/5/2026 下午4:22:44
220231,year7,英文,每小時$350 - 600,赤柱(上門補習),2026-05-21 12:52:50,：南赤柱,一星期4堂,每堂1.5小時,：,"： 嚴格, 提供練習／試題, 需要已經畢業老師, CIS學校，要熟悉CIS最好教過CIS數學 按照CIS 教學大綱教；學生英文普通話為母語，需要老師英文水平好，能英文教學；不接受online,不接受視像",0-5位導師,21/5/2026 下午4:22:46
220258,中五,"undefined(英文),undefined(英文)",每小時$200 - 280,"觀塘,將軍澳,油塘(公眾地方)",2026-05-21 19:30:06,,一星期1堂,每堂1.5小時,"：星期二 1630-1800, 星期四 1630-1800, 星期日 1300-1800, 導師必須在以上時段補習","： 提供練習／試題, 提供筆記, 幫助操練, 期望最快上課時間:7天內",0-5位導師,21/5/2026 下午7:44:02
220257,中四,"物理(中文),化學(中文)",每小時$180 - 220,葵涌(上門補習),2026-05-21 19:04:36,：葵馥苑,一星期1堂,每堂2小時,：,： 不接受視像,0-5位導師,21/5/2026 下午7:44:03
220256,小一,英文,每小時$120 - 150,鑽石山(上門補習),2026-05-21 18:41:05,：龍蟠苑,一星期2堂,每堂1.5小時,：,： 不接受視像,6-10位導師,21/5/2026 下午7:44:05
220255,中二,英文,每小時$160 - 230,屯門(上門補習),2026-05-21 18:40:09,：藍地青磚圍,一星期1堂,每堂1.5小時,,： 基礎比較弱，升中二但可能目前大約只小學程度；導師要有方法識得教，LV5以上導師,0-5位導師,21/5/2026 下午7:44:06
220254,小一,數學(中文),每小時$130 - 180,葵涌(上門補習),2026-05-21 18:32:47,：安蔭村康蔭樓,一星期1堂,每堂1.5小時,"：星期五 1600-1700, 導師必須在以上時段補習","： 有耐性, 提供練習／試題, 引起學生學習興趣, 願意支付額外交通金額(HKD): 10.00, 期望最快上課時間:7天內,粵語授課,不接受視像",0-5位導師,21/5/2026 下午7:44:07
220253,中二,英文,每小時$230 - 270,屯門(上門補習),2026-05-21 18:23:53,：近兆康西鐵站,一星期1堂,每堂1.5小時,"：星期日 1500-1600, 時間可再商議","： 提供筆記, 提供練習／試題, 有經驗, 為小朋友升中三準備 ,DSE英文有5*或5**,期望最快上課時間:1個月後,全英文授課,暑假時間可安排平日上堂,不接受視像",0-5位導師,21/5/2026 下午7:44:09
220252,N班,托兒/幼兒照顧(英文),每小時$250 - 280,牛池灣(上門補習),2026-05-21 17:07:37,：峻弦,一星期2堂,每堂1.5小時,"：星期一 0900-1000, 星期二 0900-1000, 星期三 0900-1000, 星期四 0900-1000, 星期五 0900-1000, 時間可再商議","： 全英語上堂,外國回流導師,遊戲教學, 小朋友1歲半左右，想跟英文為母語的老師溝通，主要玩遊戲，講故事，可用家中玩具教學。全英語上堂 外國回流導師 時間不合請不要申請期望最快上課時間:2星期內,不接受視像",0-5位導師,21/5/2026 下午7:44:10
220251,小四,"中文,英文,數學(中文)",每小時$200 - 250,視像補習,2026-05-21 17:04:43,,一星期3堂,每堂1小時,,"： 有耐性, 提供筆記, 提供練習／試題, 有專注力不足，讀寫障礙，ADHD，晚上8:00開始補，每堂1小時，一星期補三晚",6-10位導師,21/5/2026 下午7:44:12
220249,小二,英文,每小時$160 - 200,馬鞍山(上門補習),2026-05-21 16:44:24,：富寶花園,一星期1堂,每堂1.5小時,"：星期二 1400-1700, 星期四 1400-1700, 時間可再商議","： 針對學生弱項, 提升閱讀能力, 提升寫作能力, 期望最快上課時間:1個月後,粵語授課",6-10位導師,21/5/2026 下午7:44:13
220250,小二,英文,每小時$160 - 200,馬鞍山(上門補習),2026-05-21 16:44:24,：富寶花園,一星期1堂,每堂1.5小時,"：星期二 1400-1700, 星期四 1400-1700, 時間可再商議","： 針對學生弱項, 提升閱讀能力, 提升寫作能力, 期望最快上課時間:1個月後,粵語授課",0-5位導師,21/5/2026 下午7:44:15
220248,中四,商業管理(英文),每小時$180 - 220,西環(公眾地方),2026-05-21 16:42:34,,一星期1堂,每堂1.5小時,"：星期一 1500-1600, 時間可再商議","： 期望最快上課時間:3天內,粵語授課,不接受視像",0-5位導師,21/5/2026 下午7:44:16
220247,中一,中文,每小時$160 - 200,杏花邨(上門補習),2026-05-21 16:24:31,：杏花邨,一星期1堂,每堂1.5小時,"：星期二 1700-1900, 星期四 1700-1900, 時間可再商議","： 有耐性, 提供練習／試題, 長補, 中文科DSE 5*或以上,期望最快上課時間:7天內,粵語授課,不接受視像",0-5位導師,21/5/2026 下午7:44:17
220266,中五 (2人),英文,每小時$220,九龍塘(公眾地方),2026-05-21 22:23:34,,一星期1堂,每堂2小時,"：星期日 1500-1700, 時間可再商議","： 期望最快上課時間:一個月內,粵語授課、全英文授課,不接受視像",0-5位導師,21/5/2026 下午10:28:56
220265,中三,英文,每小時$180 - 230,黃大仙(上門補習),2026-05-21 22:17:18,：翠竹花園,一星期1堂,每堂1.5小時,,： 不接受視像,0-5位導師,21/5/2026 下午10:28:57
220263,中四,ielts,每小時$260 - 300,視像補習,2026-05-21 21:14:14,,一星期1堂,每堂1.5小時,"：星期日 0800-0900, 導師必須在以上時段補習",： 期望最快上課時間:一個月內,0-5位導師,21/5/2026 下午10:28:59
220264,K3,中文,每小時$140 - 180,"九龍城,旺角(上門補習)",2026-05-21 21:11:07,：塘尾道***号,一星期1堂,每堂2小時,"：星期六 1700-1900, 導師必須在以上時段補習","： 嚴格, 期望最快上課時間:一個月內,粵語授課,不接受視像",0-5位導師,21/5/2026 下午10:28:59
220261,中二,數學(英文),每小時$180 - 200,柴灣(公眾地方),2026-05-21 20:51:06,：Starbucks or青年廣場,一星期2堂,每堂1.5小時,"：星期二 1700-1830, 星期四 1700-1830, 時間可再商議","： 針對學生弱項, 期望最快上課時間:3天內,粵語授課,不接受視像",6-10位導師,21/5/2026 下午10:29:01
220262,中二,英文,每小時$180 - 200,柴灣(公眾地方),2026-05-21 20:51:06,：Starbucks or青年廣場,一星期2堂,每堂1.5小時,"：星期二 1700-1830, 星期四 1700-1830, 時間可再商議","： 針對學生弱項, 期望最快上課時間:3天內,粵語授課,不接受視像",0-5位導師,21/5/2026 下午10:29:02
220260,中二,"物理(英文),化學(英文)",每小時$180 - 220,葵涌(上門補習),2026-05-21 20:38:13,：葵馥苑,一星期1堂,每堂2小時,：星期日 1000-1200,： 不接受視像,0-5位導師,21/5/2026 下午10:29:03
220259,中三,全科(英文),每小時$100 - 200,九龍灣(上門補習),2026-05-21 20:37:57,：麗晶花園**座,一星期2堂,每堂1小時,"：星期三 1730-1900, 星期五 1730-1900, 星期日 0800-0930, 導師必須在以上時段補習","： 有耐性, 提供筆記, 提供練習／試題, 期望最快上課時間:3天內",0-5位導師,21/5/2026 下午10:29:05
220268,小二,全科(中文),每小時$140 - 250,北角(上門補習),2026-05-21 23:34:45,：威景台,一星期2堂,每堂1.5小時,"：星期三 1530-1700, 星期五 1630-180, 時間可再商議","： 期望最快上課時間:7天內,粵語授課,不接受視像",0-5位導師,22/5/2026 上午1:18:19
220271,中四,經濟(中文),每小時$180 - 260,深水埗(上門補習),2026-05-22 09:34:42,：爱海颂（离地铁*分钟）,一星期2堂,每堂1.5小時,"：星期一 1700-1830, 星期二 1700-1830, 星期三 1700-1830, 星期四 1700-1830, 星期五 1700-1830, 星期六 1700-1830, 星期日 1700-1830, 時間可再商議","： 有耐性, 提供筆記, 提供練習／試題, 期望最快上課時間:3天內,粵語授課、普通話授課,不接受視像",0-5位導師,22/5/2026 上午9:51:18
220270,中三,英文,每小時$190 - 230,火炭(上門補習),2026-05-22 09:15:01,：銀禧花園,一星期2堂,每堂1.5小時,"：星期一 1600-1730, 星期二 1600-1730, 星期三 1600-1730, 星期四 1600-1730, 星期五 1600-1730, 時間可再商議","： 提供筆記, 提供練習／試題, 期望最快上課時間:7天內,粵語授課、全英文授課,不接受視像",0-5位導師,22/5/2026 上午9:51:19
220283,小二,木結他,每小時$200 - 300,薄扶林(上門補習),2026-05-22 13:44:44,：Bel Air,一星期1堂,每堂1小時,,"： Cantonese & Mandarin ,不接受視像",0-5位導師,22/5/2026 下午1:59:48
220285,小三,數學(英文),每小時$200 - 250,堅尼地城(上門補習),2026-05-22 13:33:24,：The Merton,一星期2堂,每堂1.5小時,"：星期三 1700-1830, 星期五 1700-1830, 星期六 0930-1100, 時間可再商議","： 有耐性, 数学比较好，目前上一年级，但是数学可以学习三年级的内容,期望最快上課時間:3天內,粵語授課、全英文授課、普通話授課,家長需以wechat聯絡,不接受視像",0-5位導師,22/5/2026 下午1:59:49
220282,中四,英文,每小時$200 - 240,何文田(公眾地方),2026-05-22 13:31:47,：Starbucks,一星期1堂,每堂1.5小時,"：星期一 1700-1900, 星期二 1700-1900, 星期三 1700-1900, 星期四 1700-1900, 導師必須在以上時段補習","： 有耐性, 提供筆記, 提供練習／試題, 英文基礎很差長期分數停留在30分左右,期望最快上課時間:1個月後,粵語授課,不接受視像",0-5位導師,22/5/2026 下午1:59:50
220281,中一,綜合科學(英文),每小時$180 - 300,秀茂坪(公眾地方),2026-05-22 13:28:51,：圖書館,一星期2堂,每堂1.5小時,"：星期五 1630, 時間可再商議","： 提供練習／試題, 緊貼學校進度, 針對學生弱項, 期望最快上課時間:一個月內,粵語授課、全英文授課,不接受視像",0-5位導師,22/5/2026 下午1:59:52
220280,中四,化學(英文),每小時$180 - 260,九龍城(上門補習),2026-05-22 13:11:28,：KENT COURT,一星期1堂,每堂1.5小時,"：星期一 1700-1800, 時間可再商議","： 有耐性, 提供練習／試題, 有經驗, 期望最快上課時間:7天內,粵語授課、全英文授課,不接受視像",0-5位導師,22/5/2026 下午1:59:53
220279,中五,物理(英文),每小時$200 - 300,視像補習,2026-05-22 13:08:34,,一星期1堂,每堂1.5小時,"：星期三 2045-2215, 星期四 2045-2230, 星期日 1300-2000, 時間可再商議","： 提供筆記, 提供練習／試題, 要求曾考5*或以上有補習社經驗, 上堂節奏希望偏快,期望最快上課時間:7天內,粵語授課",0-5位導師,22/5/2026 下午1:59:55
220278,中二,英文,每小時$400 - 800,何文田(上門補習),2026-05-22 12:58:36,：君柏,一星期1堂,每堂1.5小時,,"： 有耐性, 提供筆記, 提供練習／試題, 【需要現職學校英文老師】可以補星期一/三的下午或者晚上；及星期五全天；需要長期可以上門補習的,不接受視像",6-10位導師,22/5/2026 下午1:59:56
220277,中二,"數學(中文),英文",每小時$180 - 220,馬鞍山(上門補習),2026-05-22 12:16:09,：利安邨,一星期1堂,每堂1.5小時,"：星期六 1500-1630, 時間可再商議","： 期望最快上課時間:3天內,粵語授課、全英文授課,不接受視像",0-5位導師,22/5/2026 下午1:59:57
220276,小一,中文,每小時$120 - 150,鑽石山(上門補習),2026-05-22 11:35:36,：龍蟠苑,一星期2堂,每堂1.5小時,,： 不接受視像,6-10位導師,22/5/2026 下午1:59:59
220275,中四,英文,每小時$180 - 240,西貢(上門補習),2026-05-22 11:28:17,：科大周邊 窩美村,一星期2堂,每堂1.5小時,"：星期一 1630-, 星期二 1630-, 星期三 1630-, 星期四 1630-, 星期六 , 星期日 , 導師必須在以上時段補習","： 需星期一至四補其中一天1630後，及星期六日約另一天；導師需要有交帶責任心預備教材練習,不接受視像",0-5位導師,22/5/2026 下午2:00:00
220274,小六,數學(英文),每小時$170 - 250,大圍(上門補習),2026-05-22 10:45:41,：名誠,一星期1堂,每堂1.5小時,"：星期一 1600-1730, 星期三 1730-1900, 導師必須在以上時段補習","： 有耐性, 提供筆記, 提供練習／試題, 導師需考過IB，期望最快上課時間:3天內,全英文授課,不接受視像",0-5位導師,22/5/2026 下午2:00:02
220273,小六,中文,每小時$170 - 250,大圍(上門補習),2026-05-22 10:45:38,：名誠,一星期1堂,每堂1.5小時,"：星期一 1600-1730, 星期三 1730-1900, 導師必須在以上時段補習","： 有耐性, 提供筆記, 提供練習／試題, 普通話教學，導師需考過IB，期望最快上課時間:3天內,全英文授課,不接受視像",0-5位導師,22/5/2026 下午2:00:03
220272,小二,"英文,中文,數學(英文)",每小時$210 - 250,屯門(公眾地方),2026-05-22 10:22:49,：屯門恒福花園,一星期2堂,每堂2小時,"：星期三 10, 星期四 10, 時間可再商議","： 提供練習／試題, 教育大學學生，期望最快上課時間:1個月後,全英文授課、粵語授課,不接受視像",0-5位導師,22/5/2026 下午2:00:04
220295,中一,綜合科學(英文),每小時$180 - 220,灣仔(上門補習),2026-05-22 17:42:51,：文興大廈,一星期1堂,每堂1.5小時,"：星期一 1600-1705, 星期二 1600-1705, 星期六 1600-1705, 導師必須在以上時段補習","： 有耐性, 提供練習／試題, 有經驗, 弱,期望最快上課時間:3天內,粵語授課、全英文授課,不接受視像",0-5位導師,22/5/2026 下午5:46:41
220294,25-30歲,英語會話,每小時$280 - 500,"金鐘,中環,灣仔,觀塘,九龍灣(公眾地方)",2026-05-22 17:34:22,,一星期2堂,每堂1.5小時,"：星期一 1800-2200, 星期二 1800-2200, 星期三 1800-2200, 星期四 1800-2200, 星期五 1800-2200, 星期六 1800-2200, 星期日 1800-2200, 時間可再商議","： 期望最快上課時間:一個月內,不接受視像",0-5位導師,22/5/2026 下午5:46:43
220293,小一,全科(英文),每小時$140 - 180,筲箕灣(上門補習),2026-05-22 17:30:34,：愛蝶灣,一星期2堂,每堂1.5小時,"：星期一 1900-2000, 星期三 19002000, 導師必須在以上時段補習","： 有經驗, 期望最快上課時間:3天內,粵語授課,不接受視像",0-5位導師,22/5/2026 下午5:46:44
220292,小二,數學(英文),每小時$130,火炭(上門補習),2026-05-22 17:17:53,：地鐵2分鐘內,一星期1堂,每堂1.5小時,"：星期二 1745, 星期三 1745, 星期四 1745, 星期五 1745, 時間可再商議","： 有耐性, 提供筆記, 提供練習／試題, 期望最快上課時間:2星期內,粵語授課、全英文授課,不接受視像",0-5位導師,22/5/2026 下午5:46:45
220291,小一,中文,每小時$120 - 150,屯門(上門補習),2026-05-22 16:37:48,：屯門鍾屋村,一星期1堂,每堂1.5小時,：,： 不接受視像,0-5位導師,22/5/2026 下午5:46:47
220289,中四,會計(英文),每小時$220,太古城(公眾地方),2026-05-22 16:32:34,,一星期1堂,每堂1.5小時,,： 不接受視像,0-5位導師,22/5/2026 下午5:46:48
220290,中四,資訊及通訊科技(英文),每小時$250 - 290,元朗(上門補習),2026-05-22 16:30:03,：The Scenicwoods,一星期2堂,每堂1.5小時,"：星期三 1600-1700, 星期六 1300-1400, 時間可再商議","： 期望最快上課時間:3天內,粵語授課",0-5位導師,22/5/2026 下午5:46:49
220288,中五,化學(英文),每小時$200 - 250,馬鞍山(上門補習),2026-05-22 16:09:56,：錦駿苑駿棋閣E座,一星期1堂,每堂2小時,"：星期六 1400-1600, 時間可再商議","： 有耐性, 提供筆記, 提供練習／試題, 基礎薄弱，希望可以由頭教一次🫢🙏🏻,期望最快上課時間:2星期內,粵語授課,不接受視像",0-5位導師,22/5/2026 下午5:46:51
220287,中一,全科,每小時$180 - 220,九龍城(上門補習),2026-05-22 15:33:39,：啟德天德,一星期3堂,每堂2小時,"：星期四 5-7, 星期六 10-12, 導師必須在以上時段補習","： 有耐性, 提供筆記, 長補, 期望最快上課時間:7天內,不接受視像",0-5位導師,22/5/2026 下午5:46:52
220286,小五,英文,每小時$170 - 350,鰂魚涌(上門補習),2026-05-22 15:10:03,：Kornhill,一星期1堂,每堂1.5小時,"：星期五 1900-2100, 導師必須在以上時段補習","： 期望最快上課時間:一個月內,全英文授課,不接受視像",0-5位導師,22/5/2026 下午5:46:53
220302,中五,物理(英文),每小時$250 - 290,青衣(上門補習),2026-05-22 19:46:11,：盈翠半島,一星期1堂,每堂2小時,"：星期六 1130-1330, 時間可再商議","： 嚴格, 有耐性, 提供練習／試題, 期望最快上課時間:7天內,粵語授課、全英文授課,不接受視像",0-5位導師,22/5/2026 下午8:09:26
220301,中四,會計(中文),每小時$180 - 220,大角咀(上門補習),2026-05-22 18:37:05,：港灣豪庭,一星期1堂,每堂1.5小時,"：星期六 1700-1800, 導師必須在以上時段補習","： 長補, 全職導師, 現職/曾任中小學教師, 不可視像上課,期望最快上課時間:7天內,粵語授課,急單補習(需要在兩天內開始上第一堂課),不接受視像",0-5位導師,22/5/2026 下午8:09:27
220300,中五,英文,每小時$220 - 450,將軍澳(上門補習),2026-05-22 18:29:52,：怡明邨,一星期2堂,每堂1.5小時,"：星期一 1730-1900, 星期二 1730-1900, 星期三 1730-1900, 星期四 1730-1900, 星期五 1730-1900, 星期六 1800-2000, 星期日 1300-1500, 時間可再商議","： 提供筆記, 提供練習／試題, 幫助操練, 期望最快上課時間:3天內,全英文授課,不接受視像",0-5位導師,22/5/2026 下午8:09:28
220297,中三,資訊及通訊科技(英文),每小時$220 - 250,太古城(公眾地方),2026-05-22 18:08:15,：星巴客,一星期1堂,每堂1.5小時,,"： 提供練習,不接受視像",0-5位導師,22/5/2026 下午8:09:30
220299,小六,全科(英文),每小時$280 - 300,坑口(上門補習),2026-05-22 18:04:22,：近將軍澳醫院,一星期1堂,每堂2小時,"：星期一 1700-1900, 導師必須在以上時段補習","： 有愛心, 長補, 全職導師, 有2年以上經驗，DSE 英5,數5，理科生，學校課程快1年,期望最快上課時間:7天內,粵語授課,家長需以wechat聯絡,不接受視像",0-5位導師,22/5/2026 下午8:09:31
220296,中四 (2人),英文,每小時$200 - 240,"九龍塘,黃大仙,旺角(公眾地方)",2026-05-22 18:02:57,,一星期2堂,每堂1.5小時,"：星期二 1730-1830, 時間可再商議","： 期望最快上課時間:7天內,粵語授課、全英文授課,不接受視像",0-5位導師,22/5/2026 下午8:09:33
220298,中五,化學(英文),每小時$200 - 280,"大埔,太和,沙田(公眾地方)",2026-05-22 16:32:57,,一星期1堂,每堂2小時,"：星期二 1630-1830, 星期四 1630-1830, 時間可再商議","： 有耐性, 期望最快上課時間:7天內,粵語授課,不接受視像",6-10位導師,22/5/2026 下午8:09:34
220313,中六,數學(中文),每小時$210 - 340,將軍澳(上門補習),2026-05-22 23:19:28,：富康花園..,一星期1堂,每堂1.5小時,"：星期一 1500-1600, 星期二 1500-1600, 導師必須在以上時段補習","： 期望最快上課時間:3天內,普通話授課,【中六DSE只收取一星期費用】,不接受視像",0-5位導師,22/5/2026 下午11:23:19
220312,中五,化學(英文),每小時$200 - 240,視像補習,2026-05-22 23:09:32,,一星期2堂,每堂1.5小時,"：星期一 18-21, 星期二 18-21, 星期四 18-21, 星期六 8-12, 時間可再商議","： 期望最快上課時間:3天內,普通話授課",0-5位導師,22/5/2026 下午11:23:20
220311,中一,"中文,數學(英文)",每小時$160 - 200,康城(上門補習),2026-05-22 23:02:14,：首都,一星期2堂,每堂1.5小時,,"： 期望最快上課時間:2星期內,粵語授課、普通話授課,不接受視像",0-5位導師,22/5/2026 下午11:23:21
220310,中五,數學(英文),每小時$200 - 250,新蒲崗(公眾地方),2026-05-22 22:54:38,：mikiki,一星期1堂,每堂1.5小時,"：星期一 1700-1830, 星期三 1700-1830, 星期四 1700-1830, 時間可再商議","： 長補, 補習時間唔穩定,期望最快上課時間:7天內,粵語授課,不接受視像",6-10位導師,22/5/2026 下午11:23:23
220308,中二,undefined(英文),每小時$300 - 350,視像補習,2026-05-22 22:17:12,,一星期1堂,每堂1小時,"：星期日 2000-2130, 導師必須在以上時段補習","： 提供筆記, 針對學生弱項, 提升寫作能力, 期望最快上課時間:7天內",6-10位導師,22/5/2026 下午11:23:24
220309,國際學校 year3,拼音 Phonics(英文),每小時$230 - 270,馬鞍山(上門補習),2026-05-22 22:12:47,：翠擁華庭,一星期1堂,每堂1.5小時,"：星期三 1600-1700, 時間可再商議","： 有耐性, 有愛心, 提升閱讀能力, 期望最快上課時間:2星期內,不接受視像",0-5位導師,22/5/2026 下午11:23:26
220307,中二,undefined(英文),每小時$230 - 250,視像補習,2026-05-22 22:07:14,,一星期2堂,每堂1.5小時,"：星期二 2000-2130, 導師必須在以上時段補習","： 有耐性, 提供筆記, 提供練習／試題, 期望最快上課時間:7天內",0-5位導師,22/5/2026 下午11:23:27
220306,中二,英文,每小時$180 - 220,視像補習,2026-05-22 21:46:00,,一星期2堂,每堂1小時,"：星期二 1700-1800, 星期日 1700-1800, 時間可再商議","： 有耐性, 提供筆記, 提供練習／試題, 期望最快上課時間:7天內,粵語授課、全英文授課",6-10位導師,22/5/2026 下午11:23:28
220305,中一,數學(英文),每小時$160 - 200,調景嶺(上門補習),2026-05-22 21:14:05,：彩明苑,一星期1堂,每堂1.5小時,"：星期三 1500-1600, 時間可再商議","： 有耐性, 提供筆記, 提供練習／試題, 期望最快上課時間:2星期內,粵語授課,不接受視像",0-5位導師,22/5/2026 下午11:23:30
220304,中五,英文,每小時$220 - 260,沙田(上門補習),2026-05-22 20:58:43,：博康邨,一星期1堂,每堂1.5小時,,,0-5位導師,22/5/2026 下午11:23:31
220303,小一,全科(中文),每小時$140 - 180,秀茂坪(上門補習),2026-05-22 20:27:48,：秀茂坪紀律部隊宿舍,一星期2堂,每堂1.5小時,"：星期二 1600-1700, 星期三 1600-1700, 導師必須在以上時段補習","： 有耐性, 提供練習／試題, 有愛心, 期望最快上課時間:3天內,粵語授課,不接受視像",0-5位導師,22/5/2026 下午11:23:33
220319,中五,數學(中文),每小時$200 - 300,視像補習,2026-05-23 00:53:14,,一星期2堂,每堂1.5小時,"：星期三 1700-1800, 星期四 1700-1830, 星期六 1600-1800, 時間可再商議","： 有耐性, 提供筆記, 提供練習／試題, 成績比較唔穩定,期望最快上課時間:3天內,粵語授課",11-15位導師,23/5/2026 上午1:22:14
220318,K3,拼音 Phonics(英文),每小時$280 - 300,青衣(上門補習),2026-05-23 00:50:43,：美景花園,一星期1堂,每堂1小時,"：星期一 1900, 星期二 1900, 星期三 1900, 星期五 1900, 星期六 1000, 星期日 1000, 時間可再商議","： 長補, 幫助操練, 引起學生學習興趣, 必須要熟懂RWI教法,期望最快上課時間:3天內,不接受視像",0-5位導師,23/5/2026 上午1:22:15
220317,小二,全科(英文),每小時$140 - 180,荃灣(公眾地方),2026-05-23 00:43:36,：荃灣廣場,一星期3堂,每堂1.5小時,"：星期二 1400-1530, 星期三 1400-1530, 星期四 1400-1530, 星期五 1400-1530, 導師必須在以上時段補習","： 全英語上堂, 期望最快上課時間:3天內,粵語授課、普通話授課,不接受視像",0-5位導師,23/5/2026 上午1:22:17
220316,K3,拼音 Phonics(英文),每小時$280 - 380,青衣(上門補習),2026-05-23 00:38:28,：美景花園,一星期1堂,每堂1小時,"：星期一 1900, 星期二 1900, 星期三 1900, 星期五 1900, 星期日 1000, 時間可再商議","： 提供練習／試題, 長補, 針對學生弱項, 需要熟懂RWI教法,沒有此經驗請不要申請,期望最快上課時間:3天內,不接受視像",0-5位導師,23/5/2026 上午1:22:18
220315,中五,中文,每小時$250 - 290,天水圍(上門補習),2026-05-23 00:12:38,：嘉湖鄉村俱樂部,一星期1堂,每堂1小時,,,0-5位導師,23/5/2026 上午1:22:19
220314,K2,拼音 Phonics(英文),每小時$230 - 450,康城(上門補習),2026-05-22 23:16:04,：Malibu,一星期2堂,每堂1小時,"：星期一 0900-1100,1800-1900, 星期五 0900-1100,1800-1900, 時間可再商議","： 嚴格, 需教分享故事及show and tell 對話,期望最快上課時間:1個月後,不接受視像",0-5位導師,23/5/2026 上午1:22:21
220327,中五,西史(中文),每小時$230 - 330,大埔(上門補習),2026-05-23 11:42:15,：康乐園,一星期1堂,每堂2小時,：,"： 4/5月左右搬去何文田住, 西史至少有5*, 大學讀歷史系最好, 具備豐富經驗,不接受視像",0-5位導師,23/5/2026 下午12:11:18
220326,中四,英文,每小時$200 - 240,銅鑼灣(上門補習),2026-05-23 11:06:54,：合群大廈,一星期1堂,每堂1.5小時,"：星期一 1700-1830, 時間可再商議","： 有耐性, 提供練習／試題, 期望最快上課時間:7天內,粵語授課、全英文授課,不接受視像",0-5位導師,23/5/2026 下午12:11:19
220325,中五,英文,每小時$220 - 520,視像補習,2026-05-23 10:58:46,,一星期1堂,每堂1小時,"：星期四 1900-2000, 時間可再商議","： 互動教學, 提升閱讀能力, 提升解題技巧, 期望最快上課時間:2星期內,粵語授課、全英文授課、普通話授課",6-10位導師,23/5/2026 下午12:11:20
220324,中三,undefined(英文),每小時$100 - 150,"九龍城,新蒲崗(上門補習)",2026-05-23 10:40:39,：打鼓嶺道**號,一星期2堂,每堂1.5小時,"：星期一 2000-2100, 星期三 2000-2100, 導師必須在以上時段補習",： 期望最快上課時間:3天內,0-5位導師,23/5/2026 下午12:11:21
220323,中一,N/A(英文),每小時$140 - 150,粉嶺(上門或視像皆可),2026-05-23 10:16:18,：牽明間,一星期1堂,每堂1.5小時,"：星期五 1700-1830, 星期日 1000-1130, 導師必須在以上時段補習","： 提供練習／試題, 有經驗, 幫助操練, 期望最快上課時間:3天內",0-5位導師,23/5/2026 下午12:11:23
220321,中一,數學(中文),每小時$230 - 270,"香港仔,鴨脷洲,黃竹坑(公眾地方)",2026-05-23 09:44:55,：石排灣邨,一星期1堂,每堂2小時,"：星期五 1700-1900, 星期六 0900-1100, 星期日 0900-1100, 時間可再商議","： 有耐性, 提供練習／試題, 有經驗, 期望最快上課時間:1個月後,粵語授課,不接受視像",6-10位導師,23/5/2026 下午12:11:24
220322,中一,英文,每小時$230 - 270,"香港仔,鴨脷洲,黃竹坑(公眾地方)",2026-05-23 09:44:55,：石排灣邨,一星期1堂,每堂2小時,"：星期五 1700-1900, 星期六 0900-1100, 星期日 0900-1100, 時間可再商議","： 有耐性, 提供練習／試題, 有經驗, 期望最快上課時間:1個月後,粵語授課,不接受視像",0-5位導師,23/5/2026 下午12:11:25
220320,小一,全科(中文),每小時$190 - 230,青衣(上門補習),2026-05-23 08:40:34,：敬發樓,一星期2堂,每堂2小時,"：星期六 1400, 時間可再商議","： 期望最快上課時間:3天內,粵語授課,不接受視像",0-5位導師,23/5/2026 下午12:11:26
220336,小一,英文,每小時$160 - 340,觀塘(上門補習),2026-05-23 14:34:36,：樂意園,一星期1堂,每堂1.5小時,"：星期一 1630-1800, 星期三 1630-1800, 星期四 1630-1800, 星期六 1000-1230, 時間可再商議","： 有耐性, 願意支付額外交通金額(HKD): 30.00, 期望最快上課時間:一個月內,全英文授課",0-5位導師,23/5/2026 下午2:47:14
220335,小二,中文,每小時$190 - 260,赤柱(上門補習),2026-05-23 14:28:12,：龍欣苑,一星期1堂,每堂1.5小時,"：星期日 1000-1130, 導師必須在以上時段補習","： 有耐性, 有經驗, 引起學生學習興趣, 期望最快上課時間:3天內,普通話授課,不接受視像",0-5位導師,23/5/2026 下午2:47:15
220334,小三,全科(英文),每小時$210 - 250,屯門(上門補習),2026-05-23 14:26:07,：倚嶺南庭,一星期2堂,每堂2小時,,： 不接受視像,0-5位導師,23/5/2026 下午2:47:16
220333,中二,數學(英文),每小時$210 - 250,粉嶺(上門補習),2026-05-23 14:02:04,：欣翠花園,一星期1堂,每堂2小時,"：星期六 1000-1200, 時間可再商議","： 提供練習／試題, 有經驗, 期望最快上課時間:7天內,粵語授課、全英文授課,不接受視像",6-10位導師,23/5/2026 下午2:47:17
220332,中四,英文,每小時$200 - 300,九龍灣(公眾地方),2026-05-23 13:42:48,：德福大廈,一星期2堂,每堂2小時,"：星期五 1800-200, 星期日 1400-1600, 時間可再商議","： 期望最快上課時間:3天內,粵語授課、全英文授課、普通話授課,不接受視像",0-5位導師,23/5/2026 下午2:47:18
220331,中三,"物理(英文),化學(英文)",每小時$220 - 260,屯門(上門補習),2026-05-23 13:02:30,：兆康苑兆偉閣**樓**室,一星期2堂,每堂2小時,"：星期六 1430-1630, 時間可再商議","： 有耐性, 期望最快上課時間:3天內,粵語授課,不接受視像",0-5位導師,23/5/2026 下午2:47:19
220330,中四,英文,每小時$200 - 240,視像補習,2026-05-23 12:35:59,,一星期2堂,每堂2小時,"：星期一 1400-1600, 星期二 1400-1600, 星期三 1400-1600, 星期四 1400-1600, 星期五 1400-1600, 星期六 1400-1600, 星期日 1400-1600, 時間可再商議","： 有耐性, 有經驗, 針對學生弱項, 期望最快上課時間:3天內,粵語授課、普通話授課",6-10位導師,23/5/2026 下午2:47:21
220329,中一,中文,每小時$160 - 200,大圍(上門補習),2026-05-23 12:31:35,：瑞峰花園,一星期1堂,每堂2小時,"：星期六 10-12, 時間可再商議","： 願意支付額外交通金額(HKD): 10.00, 期望最快上課時間:3天內,普通話授課,急單補習(需要在兩天內開始上第一堂課)",0-5位導師,23/5/2026 下午2:47:22
220328,中五,"地理(中文),旅遊與款待(中文)",每小時$200 - 260,視像補習,2026-05-23 12:27:27,,一星期1堂,每堂1.5小時,：,"： 嚴格, 有耐性, 提供筆記, 【內地補習機構找視像補習導師教學，一對一補習（學生對象可能有變動），需流利普通話教學，會用到微信溝通，月繳為主(payment team可以商量)】，普通話授課",0-5位導師,23/5/2026 下午2:47:23
220344,小一,"英文,普通話,功課(英文)",每小時$180-200,堅尼地城(上門補習),2026-05-23 16:44:50,：加惠民道加惠臺,一星期2堂,每堂2小時,,"： 有耐性, 提供練習／試題, 長補, 專注力不足,不接受視像",0-5位導師,23/5/2026 下午4:55:54
220343,小二,功課(英文),每小時$140 - 900,大埔(上門補習),2026-05-23 16:38:47,：大埔頭邨,一星期1堂,每堂1.5小時,"：星期六 1600-1730, 時間可再商議","： 提供練習／試題, 無,期望最快上課時間:一個月內,不接受視像",0-5位導師,23/5/2026 下午4:55:55
220342,小二,中文,每小時$200-250,馬鞍山(上門補習),2026-05-23 16:16:59,：觀瀾雅軒,一星期2堂,每堂1.5小時,：,： 不接受視像，讀緊教大,0-5位導師,23/5/2026 下午4:55:57
220341,小三,英文,每小時$160 - 410,大角咀(上門補習),2026-05-23 15:54:10,：柏景灣,一星期4堂,每堂2小時,"：星期一 1600-1700, 星期二 1900-2000, 星期六 1700-1800, 時間可再商議","： 有耐性, 期望最快上課時間:3天內,全英文授課",6-10位導師,23/5/2026 下午4:55:58
220340,小二,全科(中文),每小時$140,深水埗(上門補習),2026-05-23 15:28:52,：新輝大夏,一星期4堂,每堂1.5小時,"：星期一 1400-1500, 星期二 1400-1500, 星期三 1400-1500, 星期四 1400-1500, 星期五 1400-1500, 導師必須在以上時段補習","： 嚴格, 有耐性, 有經驗, 期望最快上課時間:2星期內,粵語授課,不接受視像",0-5位導師,23/5/2026 下午4:55:59
220339,中三,數學(英文),每小時$160 - 200,"九龍城,新蒲崗(公眾地方)",2026-05-23 14:52:00,：餐廳，咖啡廳,一星期5堂,每堂3小時,"：星期一 1600-1900, 星期二 1600-1900, 星期三 1600-1900, 星期四 1600-1900, 星期五 1600-1900, 星期六 800-1200, 星期日 800-1200, 時間可再商議","： 有耐性, 幫助操練, 引起學生學習興趣, 試堂可接受視像，學生數學底很弱,期望最快上課時間:3天內,粵語授課,不接受視像",11-15位導師,23/5/2026 下午4:56:00
220338,中二,數學(英文),每小時$230,火炭(上門補習),2026-05-23 14:51:43,：駿景園（火炭火車站行15分鐘）,一星期2堂,每堂1.5小時,,： 不接受視像,11-15位導師,23/5/2026 下午4:56:01
220346,小五,英文,每小時$170 - 210,大埔(上門補習),2026-05-23 17:54:09,：新興花園,一星期2堂,每堂1.5小時,,,0-5位導師,23/5/2026 下午6:39:09
220345,K1,中文,每小時$180 - 540,奧運(上門補習),2026-05-23 16:55:44,：帝峰皇殿,一星期2堂,每堂1小時,"：星期一 1600-1800, 星期二 1600-1800, 星期三 1600-1800, 星期四 1600-1800, 星期五 1600-1800, 時間可再商議","： 提供筆記, 有經驗, 提升閱讀能力, 期望最快上課時間:1個月後,粵語授課,不接受視像",6-10位導師,23/5/2026 下午6:39:10
220348,中五,化學(中文),每小時$200 - 240,樂富(公眾地方),2026-05-23 19:36:40,,一星期1堂,每堂1.5小時,"：星期六 1000-1130, 時間可再商議","： 提供筆記, 針對學生弱項, 期望最快上課時間:7天內,粵語授課,不接受視像",0-5位導師,23/5/2026 下午7:46:20
220347,中四,中文,每小時$180 - 700,沙田(上門補習),2026-05-23 19:07:30,：銅鑼灣小築大圍火車站行10分鐘,一星期2堂,每堂2小時,"：星期一 1740-1900, 星期二 1740-1900, 星期四 1740-1900, 星期五 1700-1700, 星期六 1500-1900, 星期日 1100-100, 時間可再商議","： 提供練習／試題, 期望最快上課時間:7天內,粵語授課,不接受視像",6-10位導師,23/5/2026 下午7:46:21
220353,18-24歲,英文,每小時$200 - 400,元朗(上門補習),2026-05-23 20:42:00,：鉅發大廈,一星期3堂,每堂2小時,"：星期一 1200-1500, 導師必須在以上時段補習",： 期望最快上課時間:3天內,0-5位導師,23/5/2026 下午8:47:48
220352,中四,英文,每小時$200 - 210,石門(上門補習),2026-05-23 20:37:56,：碩門邨,一星期1堂,每堂1.5小時,"：星期日 1000-1300, 時間可再商議","： 有耐性, 提供筆記, 提供練習／試題, 女導師,期望最快上課時間:3天內,全英文授課,不接受視像",0-5位導師,23/5/2026 下午8:47:49
220351,中四,英文,每小時$200,石門(上門補習),2026-05-23 20:28:12,：碩門邨,一星期1堂,每堂1.5小時,"：星期日 1000-1300, 時間可再商議","： 有耐性, 提供筆記, 提供練習／試題, 期望最快上課時間:3天內,全英文授課,不接受視像",0-5位導師,23/5/2026 下午8:47:50
220350,18-24歲,英文,每小時$270 - 310,元朗(上門補習),2026-05-23 20:18:22,：鉅發大廈,一星期3堂,每堂2.5小時,"：星期一 12-15, 星期二 12-15, 星期三 12-15, 星期四 12-15, 星期五 12-15, 星期六 12-15, 星期日 12-15, 時間可再商議","： 期望最快上課時間:3天內,粵語授課、全英文授課,不接受視像",0-5位導師,23/5/2026 下午8:47:51
220349,小五,英文,每小時$170 - 210,大埔(上門補習),2026-05-23 19:57:29,：大埔優景里大學山,一星期2堂,每堂2小時,"：星期一 1630-1900, 星期二 1630-1900, 星期三 1630-1900, 星期四 1630-1900, 星期五 1630-1900, 星期六 1000-1600, 導師必須在以上時段補習","： 期望最快上課時間:3天內,粵語授課、全英文授課,急單補習(需要在兩天內開始上第一堂課),不接受視像",0-5位導師,23/5/2026 下午8:47:52
220355,中五,化學(英文),每小時$350 - 470,視像補習,2026-05-23 23:11:09,,一星期1堂,每堂1小時,"：星期一 1700-2100, 時間可再商議","： 期望最快上課時間:2星期內,粵語授課",6-10位導師,23/5/2026 下午11:38:49
220354,K1,數學(中文),每小時$130 - 170,尖沙咀(上門補習),2026-05-23 22:48:02,：/,一星期1堂,每堂1小時,,,0-5位導師,23/5/2026 下午11:38:49
220356,中三,綜合科學(英文),每小時$200 - 240,紅磡(上門補習),2026-05-24 00:05:27,：黃埔花園**期**座**G,一星期2堂,每堂1.5小時,,,0-5位導師,24/5/2026 上午12:41:30
220357,中五,物理(英文),每小時$200 - 240,視像補習,2026-05-24 00:59:00,,一星期2堂,每堂1.5小時,"：星期六 1800-1900, 星期日 1800-1900, 時間可再商議","： 有耐性, 有經驗, DSE錯題目解題 DSE成績要有5** 5* 5,期望最快上課時間:3天內,粵語授課",0-5位導師,24/5/2026 上午1:46:08
220358,K3,全科(英文),每小時$360 - 220,薄扶林(上門補習),2026-05-24 04:48:15,：摩星嶺,一星期2堂,每堂2小時,"：星期二 3-5pm, 時間可再商議","： 現職/曾任中小學教師, 有耐性, 提供練習／試題, 全科, 不接受視像,期望最快上課時間:1個月後",0-5位導師,24/5/2026 上午5:03:25
220362,中一,數學(英文),每小時$160 - 200,新蒲崗(上門或視像皆可),2026-05-24 12:11:53,：采頤花園,一星期2堂,每堂2小時,"：星期一 17-18, 星期三 17-18, 星期四 17-18, 導師必須在以上時段補習","： 提供練習／試題, 有愛心, 長補, 小學中文數學，中一轉英文不適應成績不好,期望最快上課時間:3天內,粵語授課、全英文授課",6-10位導師,24/5/2026 下午12:41:16
220361,小五,英文,每小時$170 - 210,視像補習,2026-05-24 11:48:32,,一星期1堂,每堂1小時,"：星期二 1600-1700, 時間可再商議","： 有耐性, 引起學生學習興趣, 期望最快上課時間:3天內,粵語授課",6-10位導師,24/5/2026 下午12:41:18
220360,中三,英文,每小時$300 - 500,大埔(上門補習),2026-05-24 11:32:48,：頌雅苑,一星期1堂,每堂1.5小時,"：星期六 1000-1130, 時間可再商議","： 有耐性, 長補, 有經驗, 期望最快上課時間:7天內,粵語授課,不接受視像【需要醫科生導師/全職導師/現職教師, 學費根據相關資歷】",0-5位導師,24/5/2026 下午12:41:19
220359,中五,數學(英文),每小時$300 - 350,將軍澳(上門補習),2026-05-24 11:16:04,：將軍澳中心,一星期1堂,每堂1.5小時,,"： 提供練習／試題, 期望最快上課時間:2星期內,粵語授課,不接受視像",11-15位導師,24/5/2026 下午12:41:20
220373,中二,中文,每小時$210 - 250,天水圍(公眾地方),2026-05-24 14:41:14,,一星期2堂,每堂2小時,,"： 期望最快上課時間:3天內,粵語授課,有特殊學習需要,急單補習(需要在兩天內開始上第一堂課),不接受視像",0-5位導師,24/5/2026 下午3:42:54
220372,中三,"化學(英文),物理(英文)",每小時$100 - 140,視像補習,2026-05-24 14:07:05,,一星期2堂,每堂1小時,"：星期六 1600-1700, 星期日 1600-1700, 導師必須在以上時段補習","： 有耐性, 提供筆記, 幫助操練, 期望最快上課時間:3天內",0-5位導師,24/5/2026 下午3:42:55
220371,自修生,數學(英文),每小時$200,"北角,鰂魚涌(公眾地方)",2026-05-24 13:32:46,,一星期1堂,每堂2小時,"：星期一 10:00-19:00, 星期四 10:00-19:00, 星期五 10:00-19:00, 星期六 10:00-19:00, 星期日 10:00-19:00","： retake2027DSE,港島沿線任何地方也可 （東區最好）【請導師備註可補地點】,不接受視像",11-15位導師,24/5/2026 下午3:42:56
220370,40+歲,英文,每小時$200 - 300,視像補習,2026-05-24 13:29:03,,一星期1堂,每堂1.5小時,"：星期二 1100-1230, 導師必須在以上時段補習","： 提供筆記, 提供練習／試題, 全英語上堂, IELTS, 期望最快上課時間:7天內",0-5位導師,24/5/2026 下午3:42:58
220369,中一,"中史,地理(英文),公民與社會發展科(英文)",每小時$200 - 220,調景嶺(上門補習),2026-05-24 13:21:35,：都會駅,一星期1堂,每堂1.5小時,：,： 不接受視像,0-5位導師,24/5/2026 下午3:42:59
220368,中一,"綜合科學(英文),生物(英文)",每小時$200 - 220,調景嶺(上門補習),2026-05-24 13:20:51,：都會駅,一星期1堂,每堂1.5小時,：,： 不接受視像,0-5位導師,24/5/2026 下午3:43:00
220367,中一,"中文,英文,數學(英文)",每小時$200 - 220,調景嶺(上門補習),2026-05-24 13:20:00,：都會駅,一星期1堂,每堂1.5小時,：,： 不接受視像,0-5位導師,24/5/2026 下午3:43:01
220365,小二,中文,每小時$140 - 190,大埔(上門補習),2026-05-24 12:59:09,：大埔比華利山別墅萊茵道**屋,一星期2堂,每堂2小時,"：星期一 1600-2000, 星期二 1800-2000, 星期四 1600-2000, 星期五 1630-2000, 星期六 1000-2000, 星期日 1000-2000, 導師必須在以上時段補習","： 期望最快上課時間:3天內,粵語授課,不接受視像",0-5位導師,24/5/2026 下午3:43:03
220366,小二,數學(中文),每小時$140 - 190,大埔(上門補習),2026-05-24 12:59:09,：大埔比華利山別墅萊茵道**屋,一星期2堂,每堂2小時,"：星期一 1600-2000, 星期二 1800-2000, 星期四 1600-2000, 星期五 1630-2000, 星期六 1000-2000, 星期日 1000-2000, 導師必須在以上時段補習","： 期望最快上課時間:3天內,粵語授課,不接受視像",6-10位導師,24/5/2026 下午3:43:04
220364,小二,功課(中文),每小時$140,觀塘(上門補習),2026-05-24 12:53:50,：安秀苑,一星期3堂,每堂1.5小時,"：星期一 1600-1750, 星期二 1600-1750, 星期三 1600-1750, 星期四 1600-1750, 星期五 1600-1750, 導師必須在以上時段補習","： 比較沉默寡言,期望最快上課時間:7天內,粵語授課,不接受視像",0-5位導師,24/5/2026 下午3:43:05
220363,小五,全科(中文),每小時$200,屯門(上門補習),2026-05-24 12:44:32,：菁田邨,一星期1堂,每堂1.5小時,"：星期三 5-630, 時間可再商議","： 有耐性, 提供練習／試題, 長補, 期望最快上課時間:3天內,粵語授課,不接受視像",0-5位導師,24/5/2026 下午3:43:07
220378,小一,中文,每小時$190 - 250,粉嶺(上門補習),2026-05-24 17:11:59,：和興村,一星期1堂,每堂1.5小時,"：星期六 1000, 導師必須在以上時段補習","： 期望最快上課時間:2星期內,粵語授課,不接受視像",0-5位導師,24/5/2026 下午5:33:00
220376,中一,英文,每小時$230 - 270,沙頭角(上門補習),2026-05-24 16:43:41,：沙頭角邨（小巴站步行5分鐘）,一星期1堂,每堂2小時,"：星期六 1300-1500, 導師必須在以上時段補習","： 提供筆記, 提供練習／試題, 有愛心, 願意支付額外交通金額(HKD): 250.00, 期望最快上課時間:7天內,粵語授課,有特殊學習需要,不接受視像",0-5位導師,24/5/2026 下午5:33:01
220377,中一,數學(英文),每小時$230 - 270,沙頭角(上門補習),2026-05-24 16:43:41,：沙頭角邨（小巴站步行5分鐘）,一星期1堂,每堂2小時,"：星期六 1300-1500, 導師必須在以上時段補習","： 提供筆記, 提供練習／試題, 有愛心, 願意支付額外交通金額(HKD): 250.00, 期望最快上課時間:7天內,粵語授課,有特殊學習需要,不接受視像",0-5位導師,24/5/2026 下午5:33:02
220375,中一,數學(英文),每小時$210,洪水橋(上門補習),2026-05-24 16:27:31,：洪福邨,一星期2堂,每堂1.5小時,：,"： 女導師, 期望最快上課時間:7天內,粵語授課,不接受視像, 星期六 1300-1900, 星期日 1300-1900, 時間可再商議，學生目前Textbook及教到chapter：Math smart 1A & 1B",0-5位導師,24/5/2026 下午5:33:04
220374,中五,化學(中文),每小時$200 - 450,黃埔(公眾地方),2026-05-24 15:42:52,,一星期2堂,每堂2小時,"：星期一 1830-2030, 星期二 1830-2030, 星期四 1830-2030, 星期六 1600-1900, 星期日 1230-1530, 時間可再商議","： 期望最快上課時間:7天內,粵語授課,不接受視像",0-5位導師,24/5/2026 下午5:33:05
220381,小四,"英文,中文,數學(英文)",每小時$170 - 200,太子(上門補習),2026-05-24 18:48:16,：鐘山閣,一星期1堂,每堂2小時,：,： 不接受視像,0-5位導師,24/5/2026 下午7:00:19
220380,中五,數學(英文),每小時$230 - 250,粉嶺(上門補習),2026-05-24 18:14:39,：粉嶺中心,一星期1堂,每堂1.5小時,,： 不接受視像,0-5位導師,24/5/2026 下午7:00:20
220379,中四,綜合科學(英文),每小時$200 - 250,將軍澳(上門補習),2026-05-24 17:33:04,：寶盈花園,一星期2堂,每堂1.5小時,"：星期一 1700-1930, 星期二 1700-1930, 星期三 1700-1930, 星期四 1700-1930, 星期六 1100-1930, 星期日 1100-1400, 時間可再商議","： 提供筆記, 提供練習／試題, 針對學生弱項, 期望最快上課時間:2星期內,粵語授課,不接受視像",0-5位導師,24/5/2026 下午7:00:21
220386,自修生,Biology(英文),每小時$450 - 550,西環(公眾地方),2026-05-24 19:52:07,：Sttarbucks,一星期2堂,每堂1.5小時,"：星期一 1100-1500, 星期二 1100-2200, 星期三 1100-1500, 星期四 1100-1500, 星期五 1100-1500, 星期六 2000-2300, 星期日 2000-2300, 時間可再商議","： 期望最快上課時間:2星期內,會考慮HKDSE導師,會考慮HKDSE導師,急單補習(需要在兩天內開始上第一堂課),不接受視像",0-5位導師,24/5/2026 下午8:08:02
220387,自修生,Physics(英文),每小時$450 - 550,西環(公眾地方),2026-05-24 19:52:07,：Sttarbucks,一星期2堂,每堂1.5小時,"：星期一 1100-1500, 星期二 1100-2200, 星期三 1100-1500, 星期四 1100-1500, 星期五 1100-1500, 星期六 2000-2300, 星期日 2000-2300, 時間可再商議","： 期望最快上課時間:2星期內,會考慮HKDSE導師,會考慮HKDSE導師,急單補習(需要在兩天內開始上第一堂課),不接受視像",0-5位導師,24/5/2026 下午8:08:03
220388,自修生,Chemistry(英文),每小時$450 - 550,西環(公眾地方),2026-05-24 19:52:07,：Sttarbucks,一星期2堂,每堂1.5小時,"：星期一 1100-1500, 星期二 1100-2200, 星期三 1100-1500, 星期四 1100-1500, 星期五 1100-1500, 星期六 2000-2300, 星期日 2000-2300, 時間可再商議","： 期望最快上課時間:2星期內,會考慮HKDSE導師,會考慮HKDSE導師,急單補習(需要在兩天內開始上第一堂課),不接受視像",0-5位導師,24/5/2026 下午8:08:04
220385,小三,中文,每小時$140 - 180,荃灣(上門補習),2026-05-24 19:43:06,：海之恋,一星期1堂,每堂1.5小時,,,0-5位導師,24/5/2026 下午8:08:05
220384,K1,英文,每小時$180 - 450,荃灣(上門補習),2026-05-24 19:35:34,：荃灣楊屋道**號御凱*座,一星期2堂,每堂1.5小時,"：星期一 1500-1600, 星期三 1500-1600, 星期五 1500-1600, 導師必須在以上時段補習","： 有耐性, 有愛心, 全英語上堂, 需要學習内容phonics+Trinity口語+英文閱讀,期望最快上課時間:3天內,不接受視像",0-5位導師,24/5/2026 下午8:08:06
220382,自修生,"Physics(英文),Biology(英文)",每小時$210 - 250,旺角(視像補習),2026-05-24 18:58:38,,一星期1堂,每堂2小時,"：星期一 1000-1500, 星期二 1000-1700, 時間可再商議","： 有耐性, 提供練習／試題, 長補, 期望最快上課時間:1個月後,會考慮HKDSE導師",0-5位導師,24/5/2026 下午8:08:08
220383,中四,物理(英文),每小時$180 - 300,秀茂坪(上門補習),2026-05-24 18:55:16,：安泰邨,一星期1堂,每堂1.5小時,"：星期一 1630-2000, 星期二 1630-2000, 星期三 1630-2000, 星期四 1630-2000, 星期日 1430-1800, 時間可再商議","： 有耐性, 指導功課, 提升解題技巧, 學生成績不合格，可視像補習,期望最快上課時間:7天內,粵語授課,不接受視像",0-5位導師,24/5/2026 下午8:08:09
220390,中三,英文,每小時$250 - 300,啟德(上門補習),2026-05-24 20:53:37,：啟德MiAMIQUAY *座,一星期1堂,每堂1.5小時,：,： 有补习经验的不接受視像 不会讲粤语 希望老师会普通话讲课；老师准时的上课 尽量不请假的;,0-5位導師,24/5/2026 下午9:58:53
220389,中四,英文,每小時$230 - 270,天水圍(上門或視像皆可),2026-05-24 20:26:26,：yoho west,一星期2堂,每堂1小時,,： IELTS,0-5位導師,24/5/2026 下午9:58:54
220392,小二 (2人),全科(英文),每小時$140 - 180,九龍塘(上門補習),2026-05-24 22:27:59,：廣播道 (地鐵站有小巴，5分鐘)或地鐵站行**-20分鐘,一星期3堂,每堂2小時,"：星期一 1600-1800, 星期三 1600-1800, 星期五 1500-1800, 星期六 0900-1800, 時間可再商議","： 長補, 緊貼學校進度, 幫助操練, 升P2 一位和升P3一位,期望最快上課時間:一個月內,粵語授課、全英文授課",0-5位導師,24/5/2026 下午11:15:09
220391,小二,中文,每小時$140 - 180,油塘(上門補習),2026-05-24 22:00:48,：地鐵行7分鐘,一星期1堂,每堂1.5小時,"：星期四 1800-1900, 星期六 0930-1200, 星期日 1000-1100, 導師必須在以上時段補習","： 自備教材 ,期望最快上課時間:2星期內,粵語授課,不接受視像",0-5位導師,24/5/2026 下午11:15:10
220394,小四,英文,每小時$170 - 210,紅磡(上門補習),2026-05-24 23:49:44,：黄埔花園,一星期2堂,每堂2小時,"：星期日 1200-1400, 時間可再商議","： 有耐性, 全英語上堂, 期望最快上課時間:7天內,全英文授課,不接受視像",0-5位導師,25/5/2026 上午12:17:17
220393,K2,中文,每小時$120 - 300,天水圍(上門補習),2026-05-24 23:37:07,：嘉湖山莊,一星期1堂,每堂1小時,"：星期日 1000-1300, 導師必須在以上時段補習","： 有經驗, 期望最快上課時間:7天內,粵語授課,不接受視像",0-5位導師,25/5/2026 上午12:17:18
220395,中四,英文,每小時$200 - 240,柴灣(上門補習),2026-05-25 00:34:11,：.,一星期1堂,每堂1.5小時,"：星期六 1500-1900, 時間可再商議","： 現職/曾任中小學教師, 期望最快上課時間:一個月內,粵語授課,不接受視像",0-5位導師,25/5/2026 上午1:29:51
220396,小四,中文,每小時$150 - 280,慈雲山(上門補習),2026-05-25 04:11:14,：慈康邨,一星期2堂,每堂2小時,"：星期一 2000, 星期二 2000, 星期四 2000, 星期六 1430, 時間可再商議","： 期望最快上課時間:3天內,粵語授課,急單補習(需要在兩天內開始上第一堂課),不接受視像",0-5位導師,25/5/2026 上午4:57:23
220397,小六,全科(中文),每小時$150 - 340,馬鞍山(上門補習),2026-05-25 07:40:33,：富安花園,一星期3堂,每堂2小時,"：星期二 1630-1830, 星期三 1630-1830, 星期四 1800-1900, 導師必須在以上時段補習","： 有耐性, 提供筆記, 期望最快上課時間:7天內,粵語授課,不接受視像",0-5位導師,25/5/2026 上午8:14:52
220407,中五,經濟(中文),每小時$200 - 300,調景嶺(上門補習),2026-05-25 12:43:27,：彩明苑,一星期2堂,每堂1.5小時,"：星期四 1700-1830, 星期六 1600-1730, 時間可再商議","： 期望最快上課時間:一個月內,粵語授課,不接受視像",0-5位導師,25/5/2026 下午12:56:59
220405,中一,"數學(英文),西史(英文)",每小時$160 - 200,黃大仙(上門補習),2026-05-25 11:22:01,：安利大廈,一星期2堂,每堂2小時,"：星期一 1600-1800, 星期二 1600-1800, 星期三 1600-1800, 星期四 1600-1800, 星期五 1600-1800, 時間可再商議","： ADHD,期望最快上課時間:3天內,粵語授課,有特殊學習需要,不接受視像",0-5位導師,25/5/2026 下午12:57:00
220404,小四,全科(英文),每小時$120 - 150,堅尼地城(上門補習),2026-05-25 11:16:10,,一星期2堂,每堂1.5小時,：,： 不接受視像,0-5位導師,25/5/2026 下午12:57:01
220403,中五,數學(英文),每小時$190 - 230,沙田(上門補習),2026-05-25 10:35:34,：耀安邨,一星期1堂,每堂2小時,"：星期二 5-7, 星期三 5-7, 星期五 5-7, 星期六 11-1, 導師必須在以上時段補習",： 不接受視像；,6-10位導師,25/5/2026 下午12:57:02
220402,中三,中文,每小時$200 - 230,大埔(上門補習),2026-05-25 10:25:45,：頌雅苑,一星期1堂,每堂1.5小時,"：, 時間可再商議","： 有耐性, 長補, 有經驗, 中文DSE5以上 期望最快上課時間:7天內,粵語授課,不接受視像",0-5位導師,25/5/2026 下午12:57:04
220401,K3,英文,每小時$160 - 200,銅鑼灣(上門補習),2026-05-25 10:21:45,：Lok Sing Centre,一星期1堂,每堂1小時,"：星期一 13:30, 星期二 13:30, 星期三 13:30, 星期四 13:30, 星期五 13:30, 星期六 13:30, 星期日 13:30, 導師必須在以上時段補習","： 有愛心, 6月3號之前想密集式每日13:30上一堂（26/5號能開始最佳）, 3/6號之後每週一堂，請備註清楚可補習日子時間，全英文授課,不接受視像",0-5位導師,25/5/2026 下午12:57:05
220400,小二,英文,每小時$160 - 500,大埔(上門補習),2026-05-25 10:13:09,：富雅花園,一星期1堂,每堂1.5小時,"：星期六 1000-1200, 導師必須在以上時段補習","： 提供筆記, 期望最快上課時間:1個月後,全英文授課,不接受視像",6-10位導師,25/5/2026 下午12:57:06
220399,中五,英文,每小時$220 - 1200,上環(上門補習),2026-05-25 09:32:42,：甘雨街,一星期2堂,每堂2小時,"：星期六 1500-1700, 時間可再商議","： 有經驗, 沒有,期望最快上課時間:一個月內,粵語授課、全英文授課,不接受視像",6-10位導師,25/5/2026 下午12:57:08
220398,中五,英文,每小時$220 - 1200,上環(上門補習),2026-05-25 09:27:50,：甘雨街,一星期2堂,每堂2小時,"：星期六 1500-1700, 時間可再商議","： 有經驗, 沒有,期望最快上課時間:一個月內,粵語授課、全英文授課,不接受視像",0-5位導師,25/5/2026 下午12:57:09
220424,中二,"中史,西史(英文)",每小時$150-200,天水圍(上門補習),2026-05-25 20:30:00,：天水圍銀座,一星期2堂,每堂2小時,：,"： 需要大學已經畢業 要有教學經驗 ,要有耐性有經驗又溫柔,不接受視像",0-5位導師,25/5/2026 下午8:42:51
220423,小二,"中文,普通話",每小時$150；180,將軍澳(上門補習),2026-05-25 20:28:23,：日出康城*期,一星期1堂,每堂1.5小時,,： 不接受視像,0-5位導師,25/5/2026 下午8:42:52
220422,小六,"中文,英文,數學(英文)",每小時$150-200,天水圍(上門補習),2026-05-25 20:27:54,：天水圍銀座,一星期2堂,每堂2小時,：,"： 需要大學已經畢業 要有教學經驗 ,要有耐性有經驗又溫柔,不接受視像",0-5位導師,25/5/2026 下午8:42:53
220421,小二,英文,每小時$150 - 180,將軍澳(上門補習),2026-05-25 20:26:50,：日出康城*期,一星期1堂,每堂1.5小時,,： 不接受視像,0-5位導師,25/5/2026 下午8:42:54
220425,year9,Mathematics(英文),每小時$330 - 870,視像補習,2026-05-25 20:26:38,,一星期2堂,每堂1小時,"：星期一 1900-2000, 星期二 1900-2000, 星期三 1900-2000, 星期四 1900-2000, 時間可再商議","： 針對學生弱項, 期望最快上課時間:一個月內",0-5位導師,25/5/2026 下午8:42:56
220420,自修生,經濟(中文),每小時$210 - 250,視像補習,2026-05-25 20:09:07,,一星期1堂,每堂2小時,"：星期日 1800-2000, 時間可再商議","： 期望最快上課時間:7天內,粵語授課",0-5位導師,25/5/2026 下午8:42:57
220418,中三,物理(中文),每小時$220 - 260,元朗(上門或視像皆可),2026-05-25 19:50:06,：錦田站,一星期1堂,每堂2小時,,,0-5位導師,25/5/2026 下午8:42:58
220417,小五,數學(中文),每小時$140 - 180,啟德(上門補習),2026-05-25 19:42:39,：德朗邨,一星期4堂,每堂1小時,,,6-10位導師,25/5/2026 下午8:43:00
220419,中五,中文,每小時$200 - 280,調景嶺(上門補習),2026-05-25 19:40:55,：善智樓,一星期2堂,每堂2小時,"：星期六 1500-1600, 時間可再商議","： 提供筆記, 提供練習／試題, 現職/曾任中小學教師, 期望最快上課時間:2星期內,粵語授課、普通話授課,急單補習(需要在兩天內開始上第一堂課),不接受視像",0-5位導師,25/5/2026 下午8:43:01
220415,中二,中文,每小時$160 - 440,"中環,西營盤(上門補習)",2026-05-25 17:10:55,：堅道,一星期2堂,每堂2小時,"：星期一 1900, 星期二 1900, 星期三 1900, 星期四 1900, 星期五 1900, 星期六 1800, 星期日 1800, 時間可再商議","： 期望最快上課時間:7天內,粵語授課,不接受視像",0-5位導師,25/5/2026 下午8:43:03
220414,小四,英文,每小時$100 - 110,"九龍城,旺角,油麻地(上門補習)",2026-05-25 17:07:53,：太子道西***,一星期3堂,每堂1.5小時,"：星期一 1600-1730, 星期三 1600-1730, 星期五 1600-1730, 導師必須在以上時段補習","： 嚴格, 有耐性, 提供筆記, 期望最快上課時間:2星期內",0-5位導師,25/5/2026 下午8:43:04
220412,中一,英文,每小時$180 - 300,調景嶺(公眾地方),2026-05-25 16:33:41,：都會駅會所,一星期1堂,每堂2小時,"：星期六 0900-1200, 星期日 0900-1800, 時間可再商議","： 9月升中，尋找老師提升小兒聽寫讀講。,期望最快上課時間:一個月內,全英文授課,不接受視像",6-10位導師,25/5/2026 下午8:43:06
220411,小三,全科(英文),每小時$280 - 350,大圍(上門補習),2026-05-25 16:11:59,：大圍名城一期二座**樓SB室,一星期1堂,每堂1.5小時,"：星期六 1600-1800, 導師必須在以上時段補習","： 有耐性, 提供練習／試題, 有經驗, 期望最快上課時間:2星期內",11-15位導師,25/5/2026 下午8:43:07
220416,中一,家課,每小時$230 - 350,屯門(上門補習),2026-05-25 16:03:26,：滿名山,一星期3堂,每堂2小時,"：星期一 4-6, 星期二 4-6, 星期三 4-6, 星期四 4-6, 星期五 4-6, 星期六 10-3, 星期日 11-3, 時間可再商議","： 有耐性, 願意支付額外交通金額(HKD): 50.00, 有自閉症及有限智能,期望最快上課時間:一個月內,有特殊學習需要,不接受視像",6-10位導師,25/5/2026 下午8:43:08
220410,中五,物理(英文),每小時$200 - 240,荃灣(公眾地方),2026-05-25 15:12:44,,一星期2堂,每堂1.5小時,"：星期一 1930-2100, 星期二 1930-2100, 星期三 1930-2100, 星期五 1930-2100, 星期六 1930-2100, 星期日 1930-2100, 時間可再商議","： 期望最快上課時間:7天內,粵語授課、全英文授課,不接受視像",6-10位導師,25/5/2026 下午8:43:10
220409,中四,經濟(中文),每小時$180 - 220,將軍澳(上門補習),2026-05-25 14:21:35,：海天晉,一星期2堂,每堂1.5小時,"：星期二 1700-1830, 時間可再商議","： 提供練習／試題, 有經驗, 期望最快上課時間:3天內,粵語授課、普通話授課,不接受視像",0-5位導師,25/5/2026 下午8:43:11
220408,中二,功課補習,每小時$270,元朗(上門補習),2026-05-25 12:50:06,：加州豪園,一星期2堂,每堂2小時,"：星期一 1930-2130, 星期四 1930-2130, 時間可再商議","： 有耐性, 有愛心, 長補, 期望最快上課時間:3天內,不接受視像",11-15位導師,25/5/2026 下午8:43:13
220432,小三,功課(英文),每小時$140 - 180,北角(上門補習),2026-05-25 23:00:59,：柏蔚山,一星期2堂,每堂2小時,"：星期一 1400-1600, 星期二 1400-1600, 星期三 1400-1600, 星期四 1400-1600, 星期五 1400-1600, 時間可再商議","： 全英語上堂, 醫科生優先($280/hr 起), 神科生優先($250/hr 起), 期望最快上課時間:1個月後,全英文授課、普通話授課,不接受視像",0-5位導師,25/5/2026 下午11:43:24
220430,中二,"中文,中史",每小時$160 - 220,大埔(上門補習),2026-05-25 22:36:28,：大埔新峰花園,一星期2堂,每堂1.5小時,"：星期一 1600-1730, 星期六 1100-1230, 導師必須在以上時段補習","： 有耐性, 提供練習／試題, 提升寫作能力, 有讀寫障礙,期望最快上課時間:7天內,粵語授課,有特殊學習需要,不接受視像",0-5位導師,25/5/2026 下午11:43:25
220429,中四,會計(中文),每小時$180 - 220,觀塘(上門補習),2026-05-25 22:00:06,：秀茂坪南邨,一星期1堂,每堂1.5小時,,,0-5位導師,25/5/2026 下午11:43:26
220428,中四,會計(中文),每小時$180 - 240,觀塘(公眾地方),2026-05-25 21:55:32,,一星期1堂,每堂2小時,"：星期六 1400-1600, 時間可再商議","： 有耐性, 提供筆記, 提供練習／試題, 期望最快上課時間:7天內,粵語授課、普通話授課,不接受視像",0-5位導師,25/5/2026 下午11:43:27
220427,中一,數學(英文),每小時$250 - 270,小西灣(上門補習),2026-05-25 21:52:14,：藍灣半島,一星期2堂,每堂1.5小時,"：星期六 1500, 星期日 1400, 時間可再商議","： 願意支付額外交通金額(HKD): 20.00, 期望最快上課時間:3天內,粵語授課,急單補習(需要在兩天內開始上第一堂課),不接受視像",11-15位導師,25/5/2026 下午11:43:29
220426,中三,"物理(英文),化學(英文)",每小時$220 - 260,元朗(上門或視像皆可),2026-05-25 21:31:19,：錦田站,一星期1堂,每堂2小時,：,,0-5位導師,25/5/2026 下午11:43:30
220434,中四,英文,每小時$250 - 450,"薄扶林,香港仔,銅鑼灣(公眾地方)",2026-05-26 00:16:22,,一星期2堂,每堂2小時,"：星期四 1700-1900, 星期六 1300-1800, 星期日 1300-1800, 時間可再商議","： 有耐性, 提供練習／試題, 有經驗, 如有特殊情况可接受視像,期望最快上課時間:1個月後,粵語授課,不接受視像",6-10位導師,26/5/2026 上午1:25:12
220433,小三,中文,每小時$140 - 180,荃灣(上門補習),2026-05-26 00:13:52,：尚翠苑,一星期1堂,每堂2小時,"：星期一 1500-1600, 時間可再商議","： 期望最快上課時間:一個月內,普通話授課,不接受視像",0-5位導師,26/5/2026 上午1:25:13
220435,小二,中文 数学，英文,每小時$180 - 220,九龍塘(上門補習),2026-05-26 06:29:10,：义德道三号,一星期2堂,每堂1.5小時,"：星期一 1930-2100, 星期二 19-2100, 導師必須在以上時段補習","： 嚴格, 有耐性, 有經驗, 期望最快上課時間:3天內,不接受視像",0-5位導師,26/5/2026 上午7:06:04
220437,中五,會計(英文),每小時$200 - 870,大圍(上門補習),2026-05-26 07:32:08,：名城,一星期2堂,每堂2小時,"：星期二 1800-1930, 星期三 1800-1930, 時間可再商議","： 提供筆記, 提供練習／試題, 互動教學, 希望是女老師,期望最快上課時間:3天內,粵語授課",0-5位導師,26/5/2026 上午8:15:32
220436,中二,中文,每小時$160 - 250,上環(上門補習),2026-05-26 07:29:18,：安榮大廈(地鐵3分鐘),一星期2堂,每堂1.5小時,"：星期一 1700-1800, 星期五 1700-1800, 時間可再商議","： 提供練習／試題, 專教作文,期望最快上課時間:1個月後,粵語授課,不接受視像",0-5位導師,26/5/2026 上午8:15:33
220446,中四,英文,每小時$250 - 290,屯門(上門補習),2026-05-26 12:27:16,：山景邨,一星期2堂,每堂1.5小時,"：星期六 13-1430, 星期日 14-1530, 導師必須在以上時段補習","： 期望最快上課時間:3天內,粵語授課,不接受視像",0-5位導師,26/5/2026 下午12:38:38
220445,小一,中文,每小時$250；300,荃灣(上門補習),2026-05-26 12:16:04,：麗城花園三期,一星期1堂,每堂1.5小時,"：星期六 1500-1600, 導師必須在以上時段補習","： 引起學生學習興趣, 期望最快上課時間:7天內,粵語授課,不接受視像",0-5位導師,26/5/2026 下午12:38:39
220444,小二,中文,每小時$130 - 170,康城(上門補習),2026-05-26 12:05:01,：.,一星期1堂,每堂1小時,：,： 不接受視像,0-5位導師,26/5/2026 下午12:38:40
220443,中一,"中文,英文,數學(英文)",每小時$160 - 200,將軍澳(上門補習),2026-05-26 11:54:06,：康城領都,一星期2堂,每堂1.5小時,"：星期一 1600-1730, 星期二 1600-1730, 星期三 1600-1730, 星期四 1600-1730, 星期五 1600-1730, 導師必須在以上時段補習","： 嚴格, 期望最快上課時間:一個月內,不接受視像",0-5位導師,26/5/2026 下午12:38:41
220442,中四,中文,每小時$200 - 250,堅尼地城(上門補習),2026-05-26 11:10:42,,一星期0.5堂,每堂1.5小時,：,"： 要对dse特别有经验的老师,不接受視像",0-5位導師,26/5/2026 下午12:38:43
220441,中五,英文,每小時$220 - 350,寶琳(上門補習),2026-05-26 11:07:41,：新都城三期 地鐵行3分鐘,一星期1堂,每堂2小時,"：星期一 1630-1930, 星期五 1630-1930, 星期六 1300-1800, 時間可再商議","： 針對學生弱項, 提升解題技巧, 了解學生不足, 想補底 而家大概Level 2 目標上升4 有心讀 希望可以根據我嘅程度去教同埋比練習,期望最快上課時間:3天內,粵語授課,不接受視像",0-5位導師,26/5/2026 下午12:38:44
220439,中三,公民與社會發展科(英文),每小時$220 - 250,太古城(公眾地方),2026-05-26 10:49:23,：星巴客,一星期1堂,每堂1.5小時,：,"： 提供練習,不接受視像",0-5位導師,26/5/2026 下午12:38:45
220438,小五 (2人),中文,每小時$150 - 190,沙田(上門補習),2026-05-26 09:13:37,：大圍名城,一星期2堂,,"：星期一 3-5pm, 星期二 3-5pm, 星期三 3-5pm, 星期四 3-5pm, 星期五 3-5pm",： 一男（小五）、一女（小四），每人每堂1小時，一堂共2小時，不接受視像,11-15位導師,26/5/2026 下午12:38:47
220459,中三,數學(英文),每小時$160 - 300,烏溪沙(上門補習),2026-05-26 15:45:01,：烏溪沙村*巷,一星期2堂,每堂2小時,"：星期二 1500-1700, 星期三 1500-1700, 時間可再商議","： 有耐性, 提供筆記, 期望最快上課時間:7天內,粵語授課,不接受視像",6-10位導師,26/5/2026 下午4:22:57
220458,小四,全科(中文),每小時$150 - 190,葵興(上門補習),2026-05-26 15:03:43,：美聯工業大廈,一星期2堂,每堂1.5小時,"：星期六 1500-1700, 星期日 1400-1600, 時間可再商議","： 曾在補習社工作, 緊貼學校進度, 期望最快上課時間:一個月內,粵語授課,不接受視像",0-5位導師,26/5/2026 下午4:22:58
220457,小三,數學(英文),每小時$110 - 160,將軍澳(上門補習),2026-05-26 14:53:20,：將軍澳廣場,一星期1堂,每堂1.5小時,：,"： 星期日早上,不接受視像，現在用中文卷，下年會轉英文卷",6-10位導師,26/5/2026 下午4:22:59
220456,year7,中文,每小時$300 - 400,半山(上門補習),2026-05-26 14:28:43,：近中環半山扶手電梯,一星期1堂,每堂1.5小時,,"： 有耐性, 提供筆記, 有經驗, IB Y7,不接受視像",0-5位導師,26/5/2026 下午4:23:00
220455,K3,全科(中文),每小時$150 - 170,銅鑼灣(上門補習),2026-05-26 14:15:52,：寶漢大廈,一星期2堂,每堂2小時,"：星期二 2:00pm, 導師必須在以上時段補習","： 有耐性, 有愛心, 期望最快上課時間:7天內,粵語授課,不接受視像",0-5位導師,26/5/2026 下午4:23:01
220454,中五,經濟(英文),每小時$220 - 240,柯士甸(上門補習),2026-05-26 14:11:24,：柯士甸站,一星期1堂,每堂1.5小時,,"： 【需要具備相關補習經驗的導師】,不接受視像",0-5位導師,26/5/2026 下午4:23:02
220453,中三,資訊及通訊科技(英文),每小時$220 - 300,沙田(上門補習),2026-05-26 13:01:49,：好運中心,一星期1堂,每堂1.5小時,,"： 教ict資深的導師,不接受視像",0-5位導師,26/5/2026 下午4:23:04
220451,小一,全科(英文),每小時$150 - 200,視像補習,2026-05-26 12:48:29,,一星期1堂,每堂2小時,,,16-20位導師,26/5/2026 下午4:23:05
220450,中五,化學(英文),每小時$500 - 700,沙田(上門補習),2026-05-26 12:44:52,：大圍名城,一星期1堂,每堂1.5小時,：,"： 現職教師, 不接受視像，希望係教band1的導師",0-5位導師,26/5/2026 下午4:23:07
220449,中二,數學(中文),每小時$210 - 310,杏花邨(上門補習),2026-05-26 12:43:38,：杏花邨,一星期1堂,每堂1.5小時,"：星期五 1700-2000, 時間可再商議",： 不接受視像,11-15位導師,26/5/2026 下午4:23:08
220448,中三,英文,每小時$300 - 600,北角(上門補習),2026-05-26 12:43:08,：僑冠大廈,一星期2堂,每堂1.5小時,"：星期二 1800-2000, 星期六 1200-1500, 星期日 1200-1800, 導師必須在以上時段補習","： 嚴格, 提供筆記, 提供練習／試題, 女導師,不接受視像",6-10位導師,26/5/2026 下午4:23:09
220447,中一,英文,每小時$200,"大埔,太和(上門補習)",2026-05-26 12:42:17,： 錦石新村（火車站行8分鐘）,一星期2堂,每堂2小時,"：星期一 1800-2000, 星期四 1800-2000, 導師必須在以上時段補習","： 提供練習／試題, 有經驗, 緊貼學校進度, 英文不太好/受教的,不接受視像",0-5位導師,26/5/2026 下午4:23:10
220485,小五,"英文,數學(中文)",每小時$220 - 260,香港仔(上門補習),2026-05-26 21:53:55,：香港仔中心,一星期2堂,每堂1.5小時,"：星期一 1630, 星期五 1630, 時間可再商議","： 期望最快上課時間:1個月後,粵語授課,不接受視像",0-5位導師,26/5/2026 下午10:23:22
220484,中五,化學(中文),每小時$200 - 240,"石門,第一城,沙田(公眾地方)",2026-05-26 21:25:04,,一星期2堂,每堂2小時,"：星期三 1800-1900, 星期四 1800-1900, 時間可再商議","： 期望最快上課時間:3天內,粵語授課、普通話授課,不接受視像",0-5位導師,26/5/2026 下午10:23:23
220482,中一,中文,每小時$180 - 230,藍田(上門補習),2026-05-26 21:24:46,：匯景,一星期1堂,每堂2小時,,"： 嚴格, 有耐性, 其他, 提供筆記或練習，有經驗,不接受視像",0-5位導師,26/5/2026 下午10:23:24
220481,中五,生物(中文),每小時$200 - 240,"石門,第一城,沙田(公眾地方)",2026-05-26 21:21:29,,一星期2堂,每堂2小時,"：星期三 1800-1900, 星期四 1800-1900, 時間可再商議","： 期望最快上課時間:3天內,粵語授課、普通話授課,不接受視像",0-5位導師,26/5/2026 下午10:23:26
220483,小一,全科(英文),每小時$190 - 230,粉嶺(上門補習),2026-05-26 21:17:45,：和興村,一星期2堂,每堂1.5小時,"：星期三 1900-2030, 星期六 1000-1130, 時間可再商議","： 嚴格, 有耐性, 緊貼學校進度, 期望最快上課時間:一個月內,粵語授課、全英文授課,不接受視像",0-5位導師,26/5/2026 下午10:23:27
220480,中四,健康管理與社會關懷,每小時$250 - 290,屯門(上門補習),2026-05-26 21:13:40,：山景邨,一星期2堂,每堂1.5小時,"：星期六 13-1430, 星期日 14-1530, 導師必須在以上時段補習","： 中文卷。期望最快上課時間:3天內,粵語授課,不接受視像",0-5位導師,26/5/2026 下午10:23:28
220479,中四,旅遊與款待(中文),每小時$250 - 290,屯門(上門補習),2026-05-26 21:13:26,：山景邨,一星期2堂,每堂1.5小時,"：星期六 13-1430, 星期日 14-1530, 導師必須在以上時段補習","： 期望最快上課時間:3天內,粵語授課,不接受視像",0-5位導師,26/5/2026 下午10:23:30
220478,中四,中文,每小時$250 - 290,屯門(上門補習),2026-05-26 21:13:16,：山景邨,一星期2堂,每堂1.5小時,"：星期六 13-1430, 星期日 14-1530, 導師必須在以上時段補習","： 期望最快上課時間:3天內,粵語授課,不接受視像",0-5位導師,26/5/2026 下午10:23:31
220477,中二,全科(英文),每小時$180 - 200,長沙灣(上門補習),2026-05-26 20:53:23,：蘇屋邨彩雀樓,一星期2堂,每堂1小時,"：星期二 1700-1800, 星期六 1500-1600, 時間可再商議","： 嚴格, 提供筆記, 提供練習／試題, 主要數學+科學。期望最快上課時間:一個月內,不接受視像",0-5位導師,26/5/2026 下午10:23:32
220475,自修生,英文,每小時$230 - 270,視像補習,2026-05-26 20:49:36,,一星期1堂,每堂2小時,"：星期一 1930-2130, 星期二 1930-2130, 星期三 1930-2130, 星期五 1930-2130, 星期六 1000-1200, 時間可再商議","： 有耐性, 提供筆記, 提供練習／試題, 期望最快上課時間:3天內,全英文授課、普通話授課",11-15位導師,26/5/2026 下午10:23:33
220476,自修生,中文,每小時$230 - 270,視像補習,2026-05-26 20:49:36,,一星期1堂,每堂2小時,"：星期一 1930-2130, 星期二 1930-2130, 星期三 1930-2130, 星期五 1930-2130, 星期六 1000-1200, 時間可再商議","： 有耐性, 提供筆記, 提供練習／試題, 期望最快上課時間:3天內,普通話授課",6-10位導師,26/5/2026 下午10:23:35
220473,中五,英文,每小時$220 - 260,大埔(上門補習),2026-05-26 20:14:49,：八號花園,一星期2堂,每堂2小時,"：星期二 1900-2100, 星期四 1900-2100, 時間可再商議","： 期望最快上課時間:7天內,粵語授課、全英文授課、普通話授課,不接受視像",0-5位導師,26/5/2026 下午10:23:36
220474,中五,西史(英文),每小時$200 - 300,黃大仙(上門或視像皆可),2026-05-26 20:08:37,：睦鄰里*号現崇山,一星期2堂,每堂2小時,"：星期四 1600-1800,1900-2100, 導師必須在以上時段補習","： 提供練習／試題, 提升解題技巧, 了解學生不足, 期望最快上課時間:3天內,粵語授課、全英文授課",0-5位導師,26/5/2026 下午10:23:38
220472,中五,英文,每小時$220 - 250,柴灣(公眾地方),2026-05-26 19:00:52,：青年廣場Y女舍,一星期2堂,每堂2小時,"：星期一 2100-2300, 星期二 1600-2300, 星期三 1700-2300, 星期四 1930-2300, 星期五 1600-2300, 星期六 2100-2300, 星期日 1500-2300, 時間可再商議","： 有耐性, 有愛心, 長補, 輕度智障,期望最快上課時間:7天內,粵語授課,有特殊學習需要,急單補習(需要在兩天內開始上第一堂課),不接受視像",0-5位導師,26/5/2026 下午10:23:39
220471,中一,數學(中文),每小時$160 - 200,康城(上門補習),2026-05-26 18:55:30,：首都,一星期2堂,每堂1.5小時,"：星期二 1700, 星期五 1700, 導師必須在以上時段補習","： 有耐性, 期望最快上課時間:一個月內,粵語授課,有特殊學習需要,不接受視像",6-10位導師,26/5/2026 下午10:23:40
220470,中四,英文,每小時$250 - 280,元朗(上門補習),2026-05-26 18:40:03,：朗屏地鐵站行3分鐘,一星期1堂,每堂1.5小時,"：星期一 1700-2000, 星期五 1730-2000, 時間可再商議","： 提供筆記, 引起學生學習興趣, 提升解題技巧, 女老師,期望最快上課時間:7天內,粵語授課,不接受視像",0-5位導師,26/5/2026 下午10:23:42
220469,中五,化學(中文),每小時$250 - 350,"屯門,元朗(公眾地方)",2026-05-26 18:38:00,：元朗圖書館或 屯門市中心圖書館或自習室,一星期2堂,每堂1.5小時,"：星期一 1800-1900, 星期三 1800-1900, 時間可再商議","： 提供筆記, 提供練習／試題, 有寫文字方面讀寫障礙但不會影響,期望最快上課時間:2星期內,粵語授課,不接受視像",6-10位導師,26/5/2026 下午10:23:43
220468,中三,數學(英文),每小時$160 - 230,石門(公眾地方),2026-05-26 18:07:31,：石門,一星期1堂,每堂2小時,"：星期六 1000-1600, 時間可再商議","： 提供筆記, 提供練習／試題, 提升解題技巧, 期望最快上課時間:3天內,粵語授課,不接受視像",16-20位導師,26/5/2026 下午10:23:44
220467,小一,全科(中文),每小時$140 - 200,秀茂坪(上門補習),2026-05-26 17:00:31,：安楹苑,一星期2堂,每堂2小時,"：星期二 1600-1900, 星期四 1600-1900, 星期五 1600-1900, 時間可再商議","： 有耐性, 提供筆記, 提供練習／試題, 期望最快上課時間:7天內,粵語授課",6-10位導師,26/5/2026 下午10:23:46
220466,小三,英文,每小時$160 - 790,寶琳(上門補習),2026-05-26 16:40:55,：寶林村,一星期2堂,每堂1.5小時,"：星期三 1700-1830, 星期五 1600-1730, 時間可再商議","： 期望最快上課時間:7天內,粵語授課、全英文授課,不接受視像",11-15位導師,26/5/2026 下午10:23:47
220465,中一,"英文,生物(英文)",每小時$250 - 350,鰂魚涌(上門補習),2026-05-26 16:35:56,：華信花園,一星期1堂,每堂1.5小時,"：星期一 1800, 星期二 1800, 星期三 1800, 星期四 1800, 星期五 1800, 星期六 1800, 星期日 1800, 時間可再商議","： 導師要band1A中學畢業並且有一定補習經驗 學生粵語不好，希望老師可以普通話溝通,期望最快上課時間:7天內,全英文授課、普通話授課,不接受視像",6-10位導師,26/5/2026 下午10:23:48
220460,小五,英文,每小時$170 - 210,大圍(上門補習),2026-05-26 00:06:22,：景田苑,一星期1堂,每堂1.5小時,"：星期一 1630-1800, 時間可再商議","： 有耐性, 互動教學, 針對學生弱項, 期望最快上課時間:7天內,粵語授課、全英文授課,不接受視像",0-5位導師,26/5/2026 下午10:23:50
220461,小五,數學(中文),每小時$170 - 210,大圍(上門補習),2026-05-26 00:06:22,：景田苑,一星期1堂,每堂1.5小時,"：星期一 1630-1800, 時間可再商議","： 有耐性, 互動教學, 針對學生弱項, 期望最快上課時間:7天內,粵語授課,不接受視像",6-10位導師,26/5/2026 下午10:23:51
220498,中四,中文,每小時$180 - 380,葵涌(上門補習),2026-05-27 01:13:04,：葵俊苑,一星期1堂,每堂1.5小時,"：星期一 1640, 時間可再商議","： 提供筆記, 提供練習／試題, 期望最快上課時間:7天內,粵語授課",0-5位導師,27/5/2026 上午1:42:31
220497,中三,英文,每小時$190 - 230,藍田(上門補習),2026-05-27 00:49:32,：啟田大廈,一星期2堂,每堂2小時,"：星期二 1500-1700, 時間可再商議","： 嚴格, 針對學生弱項, 了解學生不足, 期望最快上課時間:7天內,粵語授課、全英文授課,不接受視像",0-5位導師,27/5/2026 上午1:42:32
220496,小一,中文,每小時$190 - 230,天水圍(上門或視像皆可),2026-05-27 00:48:33,：Kingswood Vila Tin Shui Wai,一星期2堂,每堂2小時,,,0-5位導師,27/5/2026 上午1:42:33
220495,小四,全科(中文),每小時$150 - 180,大埔(上門補習),2026-05-27 00:35:17,：怡雅苑,一星期2堂,每堂2小時,"：星期三 4-6, 星期六 5-7, 導師必須在以上時段補習","： 有耐性, 提供練習／試題, 長補, 英文弱，難記英文詞語,期望最快上課時間:7天內,粵語授課",0-5位導師,27/5/2026 上午1:42:34
220494,中四,生物(英文),每小時$180 - 220,"銅鑼灣,觀塘,九龍灣(公眾地方)",2026-05-26 23:49:19,,一星期2堂,每堂1.5小時,"：星期一 1100-1500, 星期二 1100-1500, 星期三 1100-1500, 星期四 1100-1500, 星期五 1100-1500, 時間可再商議","： 提供筆記, 提供練習／試題, 期望最快上課時間:1個月後,粵語授課、全英文授課,不接受視像",0-5位導師,27/5/2026 上午1:42:36
220493,小二,英文數學,每小時$180 - 220,深水埗(上門補習),2026-05-26 23:44:54,：海達邨,一星期1堂,每堂1.5小時,"：星期一 1600-1700, 星期三 1600-1700, 時間可再商議","： 嚴格, 有耐性, 多動兒童,期望最快上課時間:2星期內,不接受視像",0-5位導師,27/5/2026 上午1:42:37
220492,中四,數學(英文),每小時$230 - 310,"香港仔,鴨脷洲,黃竹坑(公眾地方)",2026-05-26 23:33:17,：Aberdeen,一星期2堂,每堂1.5小時,"：星期一 1800, 星期二 1800, 星期三 1809, 星期四 1800, 星期五 1800, 星期六 1800, 星期日 1800, 時間可再商議","： 提供練習／試題, 全英語上堂+30/h, Full English授課, 不接受視像,期望最快上課時間:7天內",6-10位導師,27/5/2026 上午1:42:38
220491,小三,中文,每小時$140 - 360,奧運(上門補習),2026-05-26 23:26:23,：柏景灣,一星期1堂,每堂1.5小時,"：星期日 10-17, 導師必須在以上時段補習","： 現職/曾任中小學教師, 中文寫作閱讀,期望最快上課時間:2星期內,粵語授課,有特殊學習需要,不接受視像",0-5位導師,27/5/2026 上午1:42:39
220490,K3,拼音 Phonics(英文),每小時$280 - 310,石排灣(上門補習),2026-05-26 23:05:35,：漁暉苑,一星期1堂,每堂1小時,"：星期六 100-1100, 時間可再商議","： 期望最快上課時間:7天內,不接受視像",0-5位導師,27/5/2026 上午1:42:41
220489,中四,地理(中文),每小時$200 - 230,荃灣(上門補習),2026-05-26 23:01:55,：海濱花園,一星期2堂,每堂1.5小時,"：星期二 1630-1800, 星期三 1630-1800, 星期四 1630-1800, 時間可再商議","： 有耐性, 有經驗, 針對學生弱項, 期望最快上課時間:7天內,粵語授課",0-5位導師,27/5/2026 上午1:42:42
220488,中四 (2人),化學(英文),每小時$180 - 220,九龍城(公眾地方),2026-05-26 23:00:08,,一星期2堂,每堂1.5小時,"：星期二 1700-1830, 星期四 1700-1830, 時間可再商議","： 期望最快上課時間:3天內,粵語授課、全英文授課,不接受視像",16-20位導師,27/5/2026 上午1:42:44
220487,小三,"英文,數學(英文)",每小時$170-200,康城(上門補習),2026-05-26 22:46:29,,一星期2堂,每堂1.5小時,：,"： 9-10:30am(周六），4:30-6:00pm（周二）,不接受視像",0-5位導師,27/5/2026 上午1:42:45
220486,中一,數學(英文),每小時$160 - 200,黃大仙(上門補習),2026-05-26 22:43:47,：翠竹花園,一星期2堂,每堂2小時,"：星期日 1500-1800, 時間可再商議","： 願意支付額外交通金額(HKD): 10.00, 期望最快上課時間:7天內,粵語授課,不接受視像",16-20位導師,27/5/2026 上午1:42:47
220499,中一,綜合科學(英文),每小時$180 - 220,荃灣(上門補習),2026-05-27 01:56:45,：海濱花園,一星期2堂,每堂1.5小時,"：星期一 1630-1900, 星期二 1630-1900, 星期四 1630-1900, 星期六 1500-1900, 導師必須在以上時段補習","： 提供筆記, 提供練習／試題, 有經驗, 期望最快上課時間:7天內,粵語授課、全英文授課,不接受視像",0-5位導師,27/5/2026 上午3:47:15
220500,小四,中文,每小時$200 - 240,元朗(上門補習),2026-05-27 06:36:05,：藝典居,一星期2堂,每堂2小時,"：星期二 1830-2000, 星期五 1800-1900, 星期六 1100-1809, 導師必須在以上時段補習","： 有耐性, 細心, 小朋友慢熱要時間適應老師，可能會不回答,期望最快上課時間:2星期內,粵語授課,有特殊學習需要",0-5位導師,27/5/2026 上午6:47:31
220501,中五,中文,每小時$200 - 240,將軍澳(上門補習),2026-05-27 07:39:40,：善明邨,一星期2堂,每堂1.5小時,,,0-5位導師,27/5/2026 上午7:54:05
220510,小三,全科(英文),每小時$200,將軍澳(上門補習),2026-05-27 11:23:38,：雍明苑,一星期3堂,每堂1.5小時,"：星期一 4:30-6:00, 星期二 4:30-6:00, 星期四 4:30-6:00, 導師必須在以上時段補習","： 【暑假後升小四】只要中文系的導師 一半時間睇功課, 一半時間主力操中文,想暑假都keep住補,如合適, 會補到小六,不接受視像",0-5位導師,27/5/2026 上午11:51:22
220509,小四,英文,每小時$170 - 210,九龍城(上門補習),2026-05-27 10:58:53,：宋皇臺地鐵站,一星期1堂,每堂1.5小時,"：星期五 1600-1800, 星期六 1400-1800, 星期日 1400-1800, 時間可再商議","： 期望最快上課時間:一個月內,全英文授課,不接受視像",0-5位導師,27/5/2026 上午11:51:23
220508,中三,資訊及通訊科技(英文),每小時$220 - 250,太古城(公眾地方),2026-05-27 10:51:05,：星巴客,一星期1堂,每堂1.5小時,：,"： 提供練習,不接受視像, 短補只收一堂學費",0-5位導師,27/5/2026 上午11:51:24
220507,小一,全科(中文),每小時$140 - 160,西灣河(上門補習),2026-05-27 10:01:58,：東熹苑,一星期3堂,每堂2小時,"：星期一 1630-1830, 星期二 1630-1830, 星期三 1630-1830, 星期四 1630-1830, 時間可再商議","： 有耐性, 提供筆記, 提供練習／試題, 期望最快上課時間:3天內,粵語授課,不接受視像",0-5位導師,27/5/2026 上午11:51:26
220506,year1,英文 ielts,每小時$250 - 300,粉嶺(上門補習),2026-05-27 09:54:10,：皇后山邨,一星期2堂,每堂2小時,"：星期一 0900-1630, 星期二 0900-1630, 星期三 0900-1630, 星期四 0900-1430, 星期五 0900-1430, 星期六 0900-1430, 導師必須在以上時段補習","： 提供筆記, 提供練習／試題, 補到今年8月/9月，[願意支付額外交通金額(HKD):6-15],期望最快上課時間:2星期內,不接受視像",0-5位導師,27/5/2026 上午11:51:27
220505,中二,英文,每小時$230 - 270,屯門(上門補習),2026-05-27 08:41:19,：兆軒苑信新閣,一星期1堂,每堂1小時,,,0-5位導師,27/5/2026 上午11:51:29
220504,中一,化學(英文),每小時$220 - 250,北角(上門補習),2026-05-27 08:31:18,：和富中心,一星期1堂,每堂2小時,"：星期五 1800-, 星期六 1000-, 星期日 1800-, 導師必須在以上時段補習",： 期望最快上課時間:3天內,0-5位導師,27/5/2026 上午11:51:30
220502,小一,中文,每小時$140 - 180,視像補習,2026-05-27 08:18:18,,一星期3堂,每堂1小時,"：星期二 19-20, 星期三 19-20, 星期四 19-20, 導師必須在以上時段補習","： 有耐性, 緊貼學校進度, 針對學生弱項, 期望最快上課時間:3天內,粵語授課,有特殊學習需要",0-5位導師,27/5/2026 上午11:51:31
220503,小一,數學(中文),每小時$140 - 180,視像補習,2026-05-27 08:18:18,,一星期3堂,每堂1小時,"：星期二 19-20, 星期三 19-20, 星期四 19-20, 導師必須在以上時段補習","： 有耐性, 緊貼學校進度, 針對學生弱項, 期望最快上課時間:3天內,粵語授課,有特殊學習需要",6-10位導師,27/5/2026 上午11:51:33
220522,小五,中文,每小時$260 - 280,大埔(上門補習),2026-05-27 15:42:48,：九龍坑新圍,一星期2堂,每堂2小時,"：星期二 4-6, 星期四 4-6, 時間可再商議","： 有耐性, 有愛心, 有經驗, 私校普通話教中文，程度較淺，需併音,期望最快上課時間:一個月內,普通話授課,有特殊學習需要,不接受視像",0-5位導師,27/5/2026 下午3:57:29
220518,小四,功課(英文),每小時$150 - 400,佐敦(上門補習),2026-05-27 15:15:49,：grand Austin,一星期4堂,每堂2小時,"：星期一 7-9pm, 星期二 7-9pm, 星期三 7-9pm, 星期四 7-9pm, 星期五 7-9pm","： 要補Cambridge課程；不接受視像,全英文授課,全職導師",0-5位導師,27/5/2026 下午3:57:30
220521,小四,"中文,英文,數學(英文)",每小時$250 - 300,"九龍城,何文田(上門補習)",2026-05-27 15:11:35,：港威大廈,一星期2堂,每堂2小時,"：星期一 1700-1830, 星期二 1700-1830, 星期三 1700-1830, 星期四 1700-1830, 星期五 1700-1830, 星期六 930-1100, 星期日 930-1100, 時間可再商議","： 有耐性, 【需要2个家教】学生現時四年级女生，港大，港中文，港城市的学生，高中毕业于圣保罗男女，拔萃女书院，德望，玛利诺等名校优先，教语文，英语，数学,期望最快上課時間:3天內,粵語授課、全英文授課、普通話授課,不接受視像",0-5位導師,27/5/2026 下午3:57:31
220517,小一,功課(英文),每小時$190,天水圍(上門補習),2026-05-27 14:38:47,：廈村,一星期3堂,每堂2小時,"：星期一 1600-1800, 星期二 1600-1800, 星期三 1600-1800, 星期四 1600-1800, 星期五 1600-1800, 時間可再商議","： 有耐性, 有愛心, 願意支付額外交通金額(HKD): 10.00, 專注力不足,期望最快上課時間:2星期內,不接受視像",0-5位導師,27/5/2026 下午3:57:33
220516,中一,化學(英文),每小時$180 - 250,北角(上門補習),2026-05-27 13:49:04,：和富中心,一星期1堂,每堂1.5小時,"：星期五 1800-, 星期六 1000-, 星期日 1800-, 導師必須在以上時段補習",： 期望最快上課時間:3天內,6-10位導師,27/5/2026 下午3:57:34
220515,小四,全科(英文),每小時$120 - 150,堅尼地城(上門補習),2026-05-27 13:45:00,,一星期2堂,每堂2小時,"：星期一 1400-1800, 星期二 0900-1800, 星期三 0900-1800, 星期四 0900-1800, 星期五 0900-1800, 導師必須在以上時段補習",： 不接受視像，導師英文小學英文中學畢業,0-5位導師,27/5/2026 下午3:57:35
220514,小四,數學(中文),每小時$140 - 180,油塘(上門補習),2026-05-27 12:47:52,：藍田德田邨德隆樓,一星期1堂,每堂1.5小時,"：星期一 5:00PM-6:30PM, 星期二 5:00PM-6:30PM, 星期三 5:00PM-6:30PM, 星期四 5:00PM-6:30PM, 星期五 5:00PM-6:30PM",： 不接受視像,6-10位導師,27/5/2026 下午3:57:37
220513,中五,旅遊與款待(中文),每小時$200 - 260,視像補習,2026-05-27 12:24:28,,一星期1堂,每堂1.5小時,,"： 嚴格, 有耐性, 提供筆記, 【內地補習機構找視像補習導師教學，一對一補習（學生對象可能有變動），要5**已經畢業的導師, 需流利普通話教學，會用到微信溝通，月繳為主(payment team可以商量)】，普通話授課",0-5位導師,27/5/2026 下午3:57:38
220511,year5,English(A)HL(英文),每小時$310,西貢(上門補習),2026-05-27 11:45:16,：匡湖居***座,一星期2堂,每堂2小時,"：星期一 1830-2000, 星期二 1900-2030, 星期三 1830-2000, 星期五 1830-2000, 星期六 1000-1200, 星期日 1000-1200, 時間可再商議","： 嚴格, 有經驗, 針對學生弱項, 学生内地过来，英文需要尽快提升达到国际学校的语言要求,期望最快上課時間:3天內,會考慮HKDSE導師,不接受視像",0-5位導師,27/5/2026 下午3:57:40
220536,小一,全科(英文),每小時$140,荔景(上門補習),2026-05-27 19:08:11,：翠瑤苑,一星期2堂,每堂1.5小時,"：星期二 1630-1730, 星期三 1630-1730, 星期五 1630-1730, 導師必須在以上時段補習","： 願意支付額外交通金額(HKD): 30.00, 期望最快上課時間:3天內,全英文授課,不接受視像",0-5位導師,27/5/2026 下午7:46:46
220534,中一,化學(英文),每小時$230 - 270,灣仔(上門補習),2026-05-27 18:53:40,：文興大廈,一星期1堂,每堂1.5小時,"：星期一 1600-1705, 星期五 1600-1705, 導師必須在以上時段補習","： 有耐性, 提供練習／試題, 有愛心, 弱,期望最快上課時間:3天內,粵語授課、全英文授課,不接受視像",0-5位導師,27/5/2026 下午7:46:47
220535,中一,英國文學,每小時$230 - 270,灣仔(上門補習),2026-05-27 18:53:40,：文興大廈,一星期1堂,每堂1.5小時,"：星期一 1600-1705, 星期五 1600-1705, 導師必須在以上時段補習","： 有耐性, 提供練習／試題, 有愛心, 弱,期望最快上課時間:3天內,粵語授課、全英文授課,不接受視像",0-5位導師,27/5/2026 下午7:46:48
220533,中五,化學(中文),每小時$250 - 350,"屯門,元朗(公眾地方)",2026-05-27 18:20:52,：元朗圖書館或 屯門市中心圖書館或自習室,一星期2堂,每堂1.5小時,"：星期一 1800-1900, 星期三 1800-1900, 時間可再商議","： 提供筆記, 提供練習／試題, 有寫文字方面讀寫障礙但不會影響,期望最快上課時間:2星期內,粵語授課,不接受視像",0-5位導師,27/5/2026 下午7:46:50
220532,K2,拼音 Phonics(英文),每小時$230 - 550,半山(上門補習),2026-05-27 18:04:27,：麦当劳道*号,一星期2堂,每堂1小時,"：星期二 1030-1130, 星期三 1030-1130, 時間可再商議","： 有耐性, 有愛心, 有經驗, 培養孩子學會phnoics自主閱讀,期望最快上課時間:7天內,不接受視像",0-5位導師,27/5/2026 下午7:46:51
220531,小四,英文,每小時$170 - 210,啟德(上門補習),2026-05-27 17:45:17,：翔龙湾*座,一星期3堂,每堂1小時,"：星期一 16:40--19:00, 星期二 16:40--19:00, 星期四 16:40--19:00",： 不接受視像,6-10位導師,27/5/2026 下午7:46:53
220530,小一,英文,每小時$160 - 200,銅鑼灣(上門補習),2026-05-27 16:51:16,：比华利山,一星期3堂,每堂2小時,"：星期一 1630-1900, 星期二 1630-1900, 星期三 1630-1900, 星期四 1630-1900, 時間可再商議","： 有耐性, 提供練習／試題, 現職/曾任中小學教師, 期望最快上課時間:3天內,全英文授課,不接受視像",0-5位導師,27/5/2026 下午7:46:54
220529,小五,英文,每小時$220 - 260,屯門(上門補習),2026-05-27 16:51:09,：景新臺*座,一星期1堂,每堂1.5小時,"：星期四 1600-1730, 星期五 1600-1730, 導師必須在以上時段補習","： 提供筆記, 曾在補習社工作, 期望最快上課時間:7天內,粵語授課,不接受視像",0-5位導師,27/5/2026 下午7:46:55
220528,中五,經濟(英文),每小時$200 - 240,柴灣(上門或視像皆可),2026-05-27 16:44:04,：翠灣街,一星期2堂,每堂2小時,"：星期一 0800-2200, 星期二 0800-2200, 星期三 0800-2200, 星期四 0800-2200, 星期五 0800-2200, 星期六 0800-2200, 星期日 0800-2200, 時間可再商議","： 期望最快上課時間:一個月內,全英文授課",11-15位導師,27/5/2026 下午7:46:57
220527,中五,旅遊與款待(中文),每小時$220 - 260,視像補習,2026-05-27 16:37:54,,一星期2堂,每堂1小時,"：星期一 1700-1800, 星期日 1500-1600, 導師必須在以上時段補習","： 有耐性, 提供筆記, 針對學生弱項, 接受視像補習、反應力慢,期望最快上課時間:2星期內,粵語授課",0-5位導師,27/5/2026 下午7:46:58
220525,中三,經濟(英文),每小時$170 - 210,視像補習,2026-05-27 16:20:35,,一星期1堂,每堂1.5小時,"：星期六 22-23, 星期日 22-23, 時間可再商議","： Zoom only,期望最快上課時間:3天內,粵語授課、全英文授課",6-10位導師,27/5/2026 下午7:47:00
220526,小二,全科(英文),每小時$140 - 170,荃灣(上門補習),2026-05-27 16:17:07,：芙蓉山新村,一星期3堂,每堂2小時,"：星期一 1600-1800, 星期二 1600-1800, 星期三 1600-1800, 星期四 1600-1800, 星期五 1600-1800, 時間可再商議","： 嚴格, 有耐性, 長補, 願意支付額外交通金額(HKD): 20.00, 期望最快上課時間:一個月內,不接受視像",0-5位導師,27/5/2026 下午7:47:01
220524,中五,英文,每小時$220 - 400,觀塘(上門補習),2026-05-27 16:14:11,：功樂道,一星期2堂,每堂2小時,"：星期一 1600-1730, 星期二 1600-1730, 星期四 1600-1730, 星期五 1600-1730, 星期六 1400-1530, 時間可再商議","： 提供筆記, 提供練習／試題, 曾在補習社工作, 願意支付額外交通金額(HKD): 10.00, 1. 學生現時預估level2左右 2. 若合適可以長補一年，短期要有學以致用的知識，長期目標DSE 3,期望最快上課時間:一個月內,粵語授課,不接受視像",6-10位導師,27/5/2026 下午7:47:02
220523,中二,英文,每小時$180 - 220,深水埗(上門補習),2026-05-27 16:12:46,：麗安邨,一星期1堂,每堂1.5小時,：,： 不接受視像,6-10位導師,27/5/2026 下午7:47:04
220542,中三,數學(英文),每小時$210 - 250,天水圍(上門補習),2026-05-27 22:06:25,：天瑞邨,一星期1堂,每堂1.5小時,"：星期四 1700-1830, 星期六 1100-1230, 時間可再商議","： 期望最快上課時間:3天內,粵語授課、全英文授課,不接受視像",0-5位導師,27/5/2026 下午10:45:38
220541,中四,旅遊與款待(英文),每小時$200 - 240,"觀塘,藍田,黃大仙(公眾地方)",2026-05-27 22:00:12,,一星期2堂,每堂1.5小時,"：星期一 1700, 星期二 1700, 星期三 1700, 星期四 1700, 星期五 1700, 時間可再商議","： 針對學生弱項, 期望最快上課時間:1個月後,粵語授課,不接受視像",0-5位導師,27/5/2026 下午10:45:40
220540,中一,中文,每小時$210 - 400,東涌(上門補習),2026-05-27 21:29:17,：裕雅苑,一星期1堂,每堂1.5小時,"：星期五 1630-2000, 導師必須在以上時段補習","： 希望中文老師有5星以上，有教學經驗，大學生或者老師都冇所謂, 期望最快上課時間:2星期內,粵語授課、普通話授課,不接受視像",0-5位導師,27/5/2026 下午10:45:41
220539,小二,全科(英文),每小時$100 - 190,火炭(上門補習),2026-05-27 21:06:53,：駿洋邨,一星期1堂,每堂1.5小時,"：星期三 17:00 -18:00, 時間可再商議","： 粵語授課, 不接受視像,期望最快上課時間:1個月後, 想暑假開始，星期一至五都可以夾日子，暑假一星期一天，開學後一星期兩天",0-5位導師,27/5/2026 下午10:45:42
220537,中四,生物(中文),每小時$180 - 220,大埔(公眾地方),2026-05-27 20:49:21,,一星期1堂,每堂1.5小時,"：星期六 0200-0300, 時間可再商議","： 有耐性, 提供筆記, 期望最快上課時間:1個月後,粵語授課,不接受視像",0-5位導師,27/5/2026 下午10:45:43
220550,中一,數學(英文),每小時$160 - 200,荃灣(上門補習),2026-05-28 00:31:27,：韻濤居,一星期2堂,每堂2小時,"：星期三 1700-1900, 星期六 1100-1900, 星期日 1100-1900, 時間可再商議","： 嚴格, 針對學生弱項, 提升解題技巧, 期望最快上課時間:7天內,粵語授課,不接受視像",0-5位導師,28/5/2026 上午1:47:27
220551,中一,中文,每小時$160 - 200,荃灣(上門補習),2026-05-28 00:31:27,：韻濤居,一星期2堂,每堂2小時,"：星期三 1700-1900, 星期六 1100-1900, 星期日 1100-1900, 時間可再商議","： 嚴格, 針對學生弱項, 提升解題技巧, 期望最快上課時間:7天內,粵語授課,不接受視像",0-5位導師,28/5/2026 上午1:47:28
220549,中五,生物(英文),每小時$200,西灣河(上門補習),2026-05-27 23:46:44,：欣景花園,一星期1堂,每堂2小時,"：星期一 6, 時間可再商議","： 有耐性, 針對學生弱項, 上課不可以玩手機, 期望最快上課時間:7天內,粵語授課",0-5位導師,28/5/2026 上午1:47:29
220548,小四,"中文,英文",每小時$180 - 220,黃埔(上門補習),2026-05-27 23:42:43,：黃埔花園二期*座**/F B室,一星期2堂,每堂1.5小時,"：星期六 1800-1930, 星期日 1300-1430, 導師必須在以上時段補習","： 有經驗, 長補, 緊貼學校進度, 期望最快上課時間:3天內",0-5位導師,28/5/2026 上午1:47:30
220547,小四,數學(中文),每小時$190 - 230,元朗(上門補習),2026-05-27 23:18:30,：元朗十八鄉路***號翹翠峰一座,一星期2堂,每堂1小時,,,0-5位導師,28/5/2026 上午1:47:31
220546,小三,英文,每小時$160 - 200,將軍澳(上門補習),2026-05-27 23:10:49,：將軍澳中心,一星期1堂,每堂1.5小時,"：星期三 1700-1800, 導師必須在以上時段補習","： 提供練習／試題, 有經驗, 緊貼學校進度, 期望最快上課時間:7天內,粵語授課、全英文授課,不接受視像",6-10位導師,28/5/2026 上午1:47:32
220544,中一,綜合科學(英文),每小時$160 - 210,油塘(上門補習),2026-05-27 23:00:04,：油翠苑,一星期1堂,每堂1.5小時,：,： 不接受視像,6-10位導師,28/5/2026 上午1:47:34
220543,中一,數學(英文),每小時$160 - 210,油塘(上門補習),2026-05-27 23:00:01,：油翠苑,一星期1堂,每堂1.5小時,：,： 不接受視像,6-10位導師,28/5/2026 上午1:47:35
220545,中一,中文,每小時$160 - 200,沙田(上門補習),2026-05-27 22:51:23,：沙田頭村,一星期1堂,每堂1.5小時,"：星期一 1400-1700, 星期二 1400-1700, 星期三 1400-1700, 星期四 1400-1700, 時間可再商議","： 有耐性, 英文好，但抗拒中文，中文底子差,期望最快上課時間:一個月內,粵語授課,不接受視像",6-10位導師,28/5/2026 上午1:47:36
220553,中五,商業管理(英文),每小時$200,美孚(上門補習),2026-05-28 07:00:19,：美孚新村,一星期1堂,每堂2小時,"：星期三 1800, 星期四 1800, 導師必須在以上時段補習","： 提供練習／試題, 有經驗, 幫助操練, 期望最快上課時間:3天內,粵語授課、全英文授課,不接受視像",0-5位導師,28/5/2026 上午7:10:07
220552,中四,物理(中文),每小時$180 - 220,深水埗(上門補習),2026-05-28 06:59:44,：泓景台，地鐵荔枝角站,一星期1堂,每堂2小時,,,0-5位導師,28/5/2026 上午7:10:08
220563,中三,物理(英文),每小時$170 - 340,荃灣(上門補習),2026-05-28 12:28:33,：荃威花園,一星期1堂,每堂1.5小時,"：星期五 1645-1815, 時間可再商議","： 提供練習／試題, 期望最快上課時間:3天內,粵語授課,不接受視像",0-5位導師,28/5/2026 下午12:44:57
220562,中一,英文,每小時$230 - 270,鴨脷洲(上門補習),2026-05-28 12:15:34,：凱玥,一星期2堂,每堂2小時,"：星期三 1800-1900, 星期日 1700-1800, 時間可再商議","： 期望最快上課時間:一個月內,全英文授課",0-5位導師,28/5/2026 下午12:44:58
220560,小六,全科(英文),每小時$150 - 200,小西灣(上門補習),2026-05-28 12:05:18,,一星期2堂,每堂1小時,"：星期三 1800, 星期四 1800",： 導師需要住附近，要有已考到DSE的成績；不接受視像,0-5位導師,28/5/2026 下午12:44:59
220561,中一,中文,每小時$210 - 250,鴨脷洲(上門補習),2026-05-28 12:03:32,：凱玥,一星期2堂,每堂2小時,"：星期二 600-700, 星期日 800-1000, 時間可再商議","： 有耐性, 無,期望最快上課時間:一個月內,普通話授課,不接受視像",0-5位導師,28/5/2026 下午12:45:01
220558,31-34歲,英文,每小時$400 - 500,半山(上門補習),2026-05-28 11:36:13,：山頂,一星期1堂,每堂1.5小時,：,"： 【歐美外籍導師】如果沒有，香港的都可以, 成人英文, 需要識普通話, 主要是想學英語，準備應付小朋友幼稚園的面試,不接受視像",0-5位導師,28/5/2026 下午12:45:02
220559,小三,功課(中文),每小時$160 - 180,康城(上門補習),2026-05-28 11:34:04,：峻瀅*期,一星期2堂,每堂2小時,"：星期一 1600-1800, 星期二 1600-1800, 星期三 1600-1800, 星期四 1600-1800, 星期五 1600-1800, 導師必須在以上時段補習","： 有耐性, 願意支付額外交通金額(HKD): 180.00, 注意力不足，有讀寫障礙,期望最快上課時間:7天內,粵語授課、普通話授課,有特殊學習需要,不接受視像",0-5位導師,28/5/2026 下午12:45:04
220557,小一,英文,每小時$550-700,屯門(上門補習),2026-05-28 11:32:51,,一星期1堂,每堂1小時,,"： 只要求外籍老師 NET (懂廣東話/普通話溝通)，能上門授課 (新界屯門區)價錢可議,不接受視像",0-5位導師,28/5/2026 下午12:45:05
220556,中二,"英文,數學(英文),綜合科學(英文)",每小時$180 - 220,視像補習,2026-05-28 09:34:49,,一星期2堂,每堂1小時,"：星期一 1900-2100, 星期二 1900-2100, 星期三 1900-2100, 星期四 1900-2100, 時間可再商議","： 有耐性, 有專注問題，可能會進度比較慢，需要有耐性和有愛心,期望最快上課時間:7天內,有特殊學習需要",6-10位導師,28/5/2026 下午12:45:06
220555,小二,功課(英文),每小時$190 - 230,天水圍(上門補習),2026-05-28 08:54:06,：YOHO WEST,一星期1堂,每堂1.5小時,"：星期六 1100-1200, 時間可再商議","： 期望最快上課時間:一個月內,全英文授課,不接受視像",6-10位導師,28/5/2026 下午12:45:07
220554,小二,英語會話,每小時$280 - 320,黃大仙(上門補習),2026-05-28 08:22:07,：鵬程苑,一星期1堂,每堂1.5小時,"：星期日 1700-1800, 時間可再商議","： 有愛心, 遊戲教學, 引起學生學習興趣, 期望最快上課時間:2星期內,有特殊學習需要,不接受視像",0-5位導師,28/5/2026 下午12:45:09
220569,中四,英文,每小時$200 - 300,九龍灣(公眾地方),2026-05-28 16:05:43,：德福大廈,一星期2堂,每堂2小時,"：星期五 1800-200, 星期日 1400-1600, 時間可再商議","： 【補習設個案】期望最快上課時間:3天內,粵語授課、全英文授課、普通話授課,不接受視像, yr3以上或者已畢業的導師",0-5位導師,28/5/2026 下午4:35:09
220570,中四,數學(中文),每小時$180 - 220,堅尼地城(公眾地方),2026-05-28 16:23:40,：堅尼地城星巴克,一星期5堂,每堂2小時,"：星期一 1530-1730, 星期二 1530-1730, 星期三 1530-1730, 星期四 1530-1730, 星期五 1530-1730, 星期六 1530-1730, 星期日 1530-1730, 導師必須在以上時段補習","： 有耐性, 期望最快上課時間:3天內,粵語授課,不接受視像",0-5位導師,28/5/2026 下午4:35:10
220567,小五,"英文,數學(中文),中文",每小時$150-180,荃灣(上門補習),2026-05-28 14:10:41,：愉景新城,一星期1堂,每堂2小時,"：星期六 1400-1600, 星期日 1400-1600, 導師必須在以上時段補習","： 首堂1.5小時，需可固定上堂,不接受視像",6-10位導師,28/5/2026 下午4:35:11
220568,中一,全科,每小時$180 - 220,北角(上門補習),2026-05-28 14:08:32,：雲景道**號富豪閣,一星期4堂,每堂2小時,"：星期一 1700-1900, 星期二 2100-2200, 星期三 1700-1900, 星期四 1700-1900, 星期五 1700-1900, 時間可再商議","： 期望最快上課時間:3天內,不接受視像",6-10位導師,28/5/2026 下午4:35:12
220566,小一,英文,每小時$160 - 200,大窩口(上門補習),2026-05-28 13:28:55,：海壩新村,一星期2堂,每堂2小時,"：星期六 10-1700, 星期日 10-1700, 時間可再商議","： 嚴格, 有耐性, 提供筆記, 期望最快上課時間:2星期內,粵語授課,不接受視像",6-10位導師,28/5/2026 下午4:35:13
220565,小二,英文,每小時$160 - 200,筲箕灣(上門補習),2026-05-28 13:10:13,：耀東村,一星期1堂,每堂1.5小時,"：星期六 1400-1500, 導師必須在以上時段補習","： 期望最快上課時間:7天內,粵語授課、全英文授課,不接受視像",6-10位導師,28/5/2026 下午4:35:14
220564,小三,中文,每小時$150 - 200,荃灣(上門補習),2026-05-28 12:59:17,：荃灣中心,一星期2堂,每堂1.5小時,：,"： 有耐性, 提供筆記, 提供練習／試題, 其他, 嚴厲；不接受視像",6-10位導師,28/5/2026 下午4:35:16
220578,中五,生物(英文),每小時$200 - 300,火炭(上門補習),2026-05-28 19:05:18,：銀禧花園,一星期1堂,每堂1.5小時,"：星期三 1600-1730, 導師必須在以上時段補習","： 有經驗, 針對學生弱項, 引起學生學習興趣, 期望最快上課時間:7天內,粵語授課,不接受視像",0-5位導師,28/5/2026 下午8:04:00
220577,中一,數學(英文),每小時$160 - 200,荃灣(上門補習),2026-05-28 18:36:22,：韻濤居,一星期2堂,每堂2小時,"：星期三 1700-1900, 星期六 1100-1900, 星期日 1100-1900, 時間可再商議","： 嚴格, 針對學生弱項, 提升解題技巧, 期望最快上課時間:7天內,粵語授課,不接受視像",6-10位導師,28/5/2026 下午8:04:01
220576,小一,中文,每小時$140 - 180,葵芳(上門補習),2026-05-28 18:21:08,：月海灣,一星期1堂,每堂1.5小時,"：星期六 1100-1900, 時間可再商議","： 願意支付額外交通金額(HKD): 20.00, 期望最快上課時間:3天內,粵語授課,不接受視像",0-5位導師,28/5/2026 下午8:04:03
220574,中四,英文,每小時$200 - 240,西營盤(上門補習),2026-05-28 18:13:30,：冠華大廈,一星期2堂,每堂2小時,"：星期三 1700-1900, 導師必須在以上時段補習","： 有耐性, 有愛心, ADHD,期望最快上課時間:一個月內,粵語授課,有特殊學習需要,不接受視像, 系統自動關閉",0-5位導師,28/5/2026 下午8:04:04
220575,中二,英文,每小時$230 - 270,青衣(上門補習),2026-05-28 18:08:36,：长安村安湄楼****,一星期1堂,每堂1.5小時,"：星期三 1800-1930, 時間可再商議","： 有耐性, 提供筆記, 有愛心, 英语基础较差,期望最快上課時間:1個月後,普通話授課,家長需以wechat聯絡,不接受視像",0-5位導師,28/5/2026 下午8:04:06
220573,小五 (2人),英文,每小時$170 - 210,黃大仙(公眾地方),2026-05-28 17:20:11,：德福廣場,一星期2堂,每堂1.5小時,"：星期一 1600-1730, 星期三 1609-1730, 導師必須在以上時段補習","： 曾在補習社工作, 德望小學升中考試,期望最快上課時間:2星期內,全英文授課,不接受視像",0-5位導師,28/5/2026 下午8:04:07
220571,小一,全科(英文),每小時$140 - 220,北角(上門補習),2026-05-28 15:32:46,：明軒,一星期1堂,每堂2小時,"：星期一 1100-1230, 星期二 16-1730, 時間可再商議","： 有耐性, 提供筆記, 提供練習／試題, 期望最快上課時間:一個月內,粵語授課,不接受視像",6-10位導師,28/5/2026 下午8:04:08
220592,國際學校 year6,Japanese,每小時$280 - 350,深水埗(上門或視像皆可),2026-05-29 00:17:29,：畢架山花園,一星期2堂,每堂1.5小時,"：星期三 1800-1900, 星期四 1800-1900, 時間可再商議","： 期望最快上課時間:一個月內,會考慮HKDSE導師",0-5位導師,29/5/2026 上午12:30:53
220591,小五,英文,每小時$220 - 260,元朗(上門補習),2026-05-28 23:24:54,"：元朗建德街**號，**/F,B室",一星期2堂,每堂1.5小時,"：星期二 430-530, 星期六 1100-1200, 時間可再商議","： 有耐性, 針對學生弱項, 提升閱讀能力, 期望最快上課時間:3天內,粵語授課,不接受視像",6-10位導師,29/5/2026 上午12:30:54
220588,小二,中文,每小時$160 - 200,荔枝角(上門補習),2026-05-28 22:48:02,：泓景臺,一星期2堂,每堂1.5小時,"：星期二 1630-1730, 星期三 1630-1730, 星期四 1630-1730, 時間可再商議","： 有耐性, 有經驗, 了解學生不足, 期望最快上課時間:1個月後,粵語授課,不接受視像",0-5位導師,29/5/2026 上午12:30:55
220589,小二,英文,每小時$160 - 200,荔枝角(上門補習),2026-05-28 22:48:02,：泓景臺,一星期2堂,每堂1.5小時,"：星期二 1630-1730, 星期三 1630-1730, 星期四 1630-1730, 時間可再商議","： 有耐性, 有經驗, 了解學生不足, 期望最快上課時間:1個月後,粵語授課,不接受視像",0-5位導師,29/5/2026 上午12:30:57
220590,小二,數學(中文),每小時$160 - 200,荔枝角(上門補習),2026-05-28 22:48:02,：泓景臺,一星期2堂,每堂1.5小時,"：星期二 1630-1730, 星期三 1630-1730, 星期四 1630-1730, 時間可再商議","： 有耐性, 有經驗, 了解學生不足, 期望最快上課時間:1個月後,粵語授課,不接受視像",6-10位導師,29/5/2026 上午12:30:58
220587,中一,"數學(英文),英文",每小時$230,東涌(上門補習),2026-05-28 21:51:23,：滿東村,一星期3堂,每堂2小時,"：星期一 2000-2200, 星期二 2000-2200, 星期三 2000-2200, 星期四 2000-2200, 星期五 2000-2200, 星期六 1000-1200, 星期日 1000-1200, 導師必須在以上時段補習","： 期望最快上課時間:3天內,全英文授課,不接受視像",0-5位導師,29/5/2026 上午12:30:59
220586,中四,生物(中文),每小時$170-250,大埔(公眾地方),2026-05-28 21:51:13,,一星期1堂,每堂1.5小時,,： 不接受視像,0-5位導師,29/5/2026 上午12:31:01
220585,中五,"數學(英文),會計(中文)",每小時$185 - 200,油塘(上門補習),2026-05-28 21:43:58,：油塘,一星期2堂,每堂1.5小時,：,： 不接受視像，同時補到account + maths,0-5位導師,29/5/2026 上午12:31:02
220584,中五,英文,每小時$220 - 260,將軍澳(上門補習),2026-05-28 21:29:30,：將軍澳富康花園,一星期1堂,每堂1.5小時,"：星期四 1900-2100, 星期六 1900-2100, 時間可再商議","： 提供筆記, 提供練習／試題, 有經驗, 英文底差 ,期望最快上課時間:7天內,粵語授課、全英文授課,不接受視像",0-5位導師,29/5/2026 上午12:31:03
220583,小五,英文,每小時$170 - 210,馬鞍山(上門補習),2026-05-28 21:02:26,：沙田小瀝源康林苑海泓閣****室,一星期2堂,每堂1.5小時,,,0-5位導師,29/5/2026 上午12:31:04
220582,小二,英文,每小時$190 - 230,青衣(上門補習),2026-05-28 20:39:21,：盈翠半島,一星期1堂,每堂1.5小時,"：星期一 1400, 星期三 1400",： 不接受視像，著重補grammar + writing,6-10位導師,29/5/2026 上午12:31:06
220579,K2,鋼琴,每小時$230 - 270,石硤尾(上門補習),2026-05-28 20:04:23,：朗田樓,一星期2堂,每堂1小時,"：星期五 1400, 星期日 1500, 時間可再商議","： 期望最快上課時間:1個月後,不接受視像",0-5位導師,29/5/2026 上午12:31:07
220593,35-40歲,數學(中文),每小時$230 - 270,"元朗,荃灣(公眾地方)",2026-05-29 00:47:45,,一星期1堂,每堂2小時,"：星期一 2000-2200, 星期二 2000-2200, 星期三 2000-2200, 星期四 2000-2200, 星期五 2000-2200, 星期六 1500-2200, 星期日 1500-2200, 時間可再商議","： 短補, 讀緊 兼職制 應用教育文憑 延伸數科,期望最快上課時間:1個月後,粵語授課,不接受視像",0-5位導師,29/5/2026 上午3:15:13
220594,中五,英文,每小時$220 - 260,大圍(上門補習),2026-05-29 06:46:33,：富嘉花園,一星期2堂,每堂1.5小時,"：星期二 1130-1300, 星期三 1130-1300, 星期四 1130-1300, 時間可再商議","： 提供練習／試題, 幫助操練, 提升解題技巧, 期望最快上課時間:1個月後,粵語授課,不接受視像",0-5位導師,29/5/2026 上午6:56:17
220601,小二,英文,每小時$160 - 200,將軍澳(上門補習),2026-05-29 12:22:53,：日出康城sea to sky,一星期2堂,每堂1.5小時,"：星期三 1630-1800, 星期日 1300-1430, 時間可再商議","： 有耐性, 提供練習／試題, 針對學生弱項, 期望最快上課時間:一個月內,粵語授課、全英文授課,不接受視像",0-5位導師,29/5/2026 下午12:48:10
220600,小一,全科(英文),每小時$140 - 220,北角(上門補習),2026-05-29 11:48:59,：明軒,一星期1堂,每堂2小時,"：星期一 1100-1230, 星期二 16-1730, 時間可再商議","： 有耐性, 提供筆記, 提供練習／試題, 期望最快上課時間:一個月內,粵語授課,不接受視像, 家中有隻大老狗已不能自行行動，無晒牙齒",0-5位導師,29/5/2026 下午12:48:11
220599,國際學校 AP課程,"Science(英文),Mathematics(英文)",每小時$300 - 400,銅鑼灣(上門補習),2026-05-29 11:06:44,：貝沙灣,一星期2堂,每堂1.5小時,"：星期一 3:45-6:00pm, 星期二 3:45-6:00pm, 星期三 3:45-6:00pm, 星期四 3:45-6:00pm, 星期五 3:45-6:00pm","： 【AP課程 Grade 8】不接受視像, 小朋友ADHD, 需要有相關經驗嘅老師可以幫佢跟功課",0-5位導師,29/5/2026 下午12:48:12
220597,中五,數學(中文),每小時$220 - 450,將軍澳(上門補習),2026-05-29 09:42:50,：怡明邨,一星期1堂,每堂1.5小時,,"： 提供筆記, 提供練習／試題, 上門 (怡明邨) 或 POPCORN Starbucks，不接受視像",11-15位導師,29/5/2026 下午12:48:13
220596,小二,"英文,中文",每小時$160 - 200,視像補習,2026-05-29 08:44:51,,一星期2堂,每堂1小時,"：星期二 1600-2000, 星期三 1600-2000, 星期四 1600-2000, 星期五 1600-2000, 時間可再商議","： 升小三，期望最快上課時間:一個月內,粵語授課、全英文授課",16-20位導師,29/5/2026 下午12:48:15
220617,小二,英文,每小時$160 - 200,九龍灣(上門補習),2026-05-29 16:15:49,：徳福花園R座****,一星期1堂,每堂1小時,"：星期五 3:00, 導師必須在以上時段補習",： 不接受視像,0-5位導師,29/5/2026 下午4:35:16
220618,中六,英文,每小時$230 - 420,銅鑼灣(公眾地方),2026-05-29 16:12:15,：cafes,一星期1堂,每堂2小時,"：星期一 17, 星期四 17, 星期六 11, 星期日 11, 時間可再商議","： 針對學生弱項, 提升閱讀能力, 提升寫作能力, need train oral and vocabs,期望最快上課時間:2星期內,全英文授課,【中六DSE只收取一星期費用】,不接受視像",6-10位導師,29/5/2026 下午4:35:17
220616,N班,用普通話教中文，簡體字,每小時$180 - 300,何文田(上門補習),2026-05-29 15:55:50,：One Homantin,一星期2堂,每堂1.5小時,"：星期一 0900-1100, 星期二 0900-1100, 星期三 0900-1100, 星期四 0900-1100, 時間可再商議","： 有愛心, 遊戲教學, 小朋友聽不懂普通話,期望最快上課時間:7天內,不接受視像",0-5位導師,29/5/2026 下午4:35:18
220615,小六,全科(中文),每小時$150 - 190,秀茂坪(上門補習),2026-05-29 15:47:12,：曉華大廈,一星期2堂,每堂1.5小時,"：星期二 1800-1900, 星期四 1800-1900, 星期六 1300-1400, 時間可再商議","： 專注力不足,期望最快上課時間:7天內,粵語授課,有特殊學習需要,不接受視像",0-5位導師,29/5/2026 下午4:35:19
220610,中四,會計(英文),每小時$180 - 220,灣仔(上門或視像皆可),2026-05-29 15:29:20,：Kwang Sang Hang,一星期2堂,每堂2小時,"：星期一 1700-1800, 星期三 1600-1700, 時間可再商議","： 提供練習／試題, 期望最快上課時間:2星期內,全英文授課",0-5位導師,29/5/2026 下午4:35:20
220612,中二,英文,每小時$180 - 260,"將軍澳,坑口,寶琳(公眾地方)",2026-05-29 15:29:16,,一星期2堂,每堂2小時,"：星期一 1700-1900, 星期二 1700-1900, 星期三 1700-1900, 星期四 1700-1900, 星期五 1600-1800, 星期六 1400-1600, 導師必須在以上時段補習","： 有耐性, 提供筆記, 全職導師, 期望最快上課時間:一個月內,粵語授課、全英文授課,不接受視像",0-5位導師,29/5/2026 下午4:35:22
220613,中二,數學(英文),每小時$180 - 260,"將軍澳,坑口,寶琳(公眾地方)",2026-05-29 15:29:16,,一星期2堂,每堂2小時,"：星期一 1700-1900, 星期二 1700-1900, 星期三 1700-1900, 星期四 1700-1900, 星期五 1600-1800, 星期六 1400-1600, 導師必須在以上時段補習","： 有耐性, 提供筆記, 全職導師, 期望最快上課時間:一個月內,粵語授課、全英文授課,不接受視像",0-5位導師,29/5/2026 下午4:35:23
220609,中三,英文,每小時$240 - 280,屯門(視像補習),2026-05-29 15:20:35,：金子山莊,一星期2堂,每堂1.5小時,,,6-10位導師,29/5/2026 下午4:35:24
220606,小四,"中文,英文",每小時$170 - 200,太子(上門補習),2026-05-29 13:57:08,：鐘山閣,一星期1堂,每堂2小時,：,"： 補中文全科為主,一星期1-2堂，主要上門，但例如公眾假期/暑假可Zoom上堂，不接受視像",6-10位導師,29/5/2026 下午4:35:25
220605,31-34歲,英文,每小時$100 - 300,利東(上門補習),2026-05-29 13:54:46,：/,一星期1堂,每堂1.5小時,"：星期一 1600, 導師必須在以上時段補習","： 提供筆記, 有特殊學習需要,期望最快上課時間:7天內",0-5位導師,29/5/2026 下午4:35:27
220604,中五,數學(英文),每小時$200 - 240,南昌(上門或視像皆可),2026-05-29 13:51:46,：凱樂苑、南昌站,一星期2堂,每堂1.5小時,：,,11-15位導師,29/5/2026 下午4:35:28
220607,中三,物理(英文),每小時$170 - 210,尖沙咀(上門補習),2026-05-29 13:39:49,：擎天半島,一星期1堂,每堂1.5小時,"：星期三 2000-2100, 星期日 1500-1600, 時間可再商議","： 現職/曾任中小學教師, 教AL/DSE經驗,期望最快上課時間:3天內,全英文授課,不接受視像",0-5位導師,29/5/2026 下午4:35:30
220603,小三,中文,每小時$180,上水(上門補習),2026-05-29 13:08:27,：上水彩石邨耀石樓***室,一星期1堂,每堂1小時,：,： 不接受視像,6-10位導師,29/5/2026 下午4:35:31
220602,中五,生物(英文),每小時$170 - 210,大圍(上門補習),2026-05-29 13:03:52,：雲疊花園,一星期1堂,每堂1.5小時,：,： 不接受視像,0-5位導師,29/5/2026 下午4:35:32
220625,中五,英文,每小時$270 - 300,屯門(上門補習),2026-05-29 19:45:20,：龍門居,一星期1堂,每堂1.5小時,"：星期一 630-800, 星期二 630-800, 星期三 630-800, 星期四 630-800, 星期五 500-700, 星期六 1030-600, 時間可再商議","： 有耐性, 提供練習／試題, 短補, 期望最快上課時間:7天內,粵語授課、全英文授課,不接受視像",0-5位導師,29/5/2026 下午7:55:04
220624,中三,英文,每小時$180 - 230,黃大仙(上門補習),2026-05-29 19:40:57,：翠竹花園,一星期1堂,每堂1.5小時,,： 不接受視像,0-5位導師,29/5/2026 下午7:55:05
220623,小四,全科(中文),每小時$150,"坑口,寶琳(上門補習)",2026-05-29 19:08:52,：景林邨,一星期2堂,每堂2小時,"：星期五 1700-1900/1800-2000, 時間可再商議","： 嚴格, 有耐性, 提供練習／試題, 期望最快上課時間:一個月內,粵語授課,不接受視像",0-5位導師,29/5/2026 下午7:55:06
220622,小五,數學(英文),每小時$160 - 300,石門(上門補習),2026-05-29 18:03:04,：濱景花園,一星期1堂,每堂1.5小時,"：星期五 330-500, 導師必須在以上時段補習","： 有耐性, 提供筆記, 提供練習／試題, 不接受視像",6-10位導師,29/5/2026 下午7:55:07
220621,小六,英文,每小時$220 - 250,西灣河(上門補習),2026-05-29 18:01:08,：西灣河地鐵站,一星期1堂,每堂1.5小時,：,"： 提供練習／試題, 升中一，可以上門或者公眾地方,全英文授課不接受視像",0-5位導師,29/5/2026 下午7:55:08
220620,小三,全科(中文),每小時$150 - 180,樂富(公眾地方),2026-05-29 17:58:47,：樂富圖書館或pacific coffee,一星期4堂,每堂2小時,：,"： 有耐性, 有愛心, 長補, 其他, 一個禮拜四天功課班, 需試堂(試堂失敗亦可獲得一半學費),不接受視像",0-5位導師,29/5/2026 下午7:55:09
220619,中一,"數學(英文),英文",每小時$180 - 220,葵盛(上門補習),2026-05-29 16:36:34,：葵聯邨,一星期2堂,每堂1.5小時,"：星期六 1100-1800, 星期日 1100-1800, 時間可再商議","： 提供練習／試題, 有經驗, 指導功課, 期望最快上課時間:2星期內,粵語授課,不接受視像",6-10位導師,29/5/2026 下午7:55:11
220635,小一,全科(中文),每小時$190 - 230,小西灣(上門補習),2026-05-29 22:53:23,：富怡花園,一星期2堂,每堂1.5小時,"：星期六 1000-1130, 星期日 1000-1130, 時間可再商議","： 期望最快上課時間:7天內,粵語授課,有特殊學習需要,不接受視像",0-5位導師,29/5/2026 下午11:42:43
220634,小四,中文,每小時$150 - 190,紅磡(上門補習),2026-05-29 22:47:44,：黃埔新村,一星期1堂,每堂1.5小時,"：星期一 1500-1800, 時間可再商議","： 期望最快上課時間:一個月內,粵語授課,不接受視像",0-5位導師,29/5/2026 下午11:42:44
220633,小四,英文,每小時$170 - 210,深水埗(上門補習),2026-05-29 22:04:36,：元州邦,一星期2堂,每堂1.5小時,,,6-10位導師,29/5/2026 下午11:42:45
220632,小一,"英文,數學(英文)",每小時$200 - 300,紅磡(上門補習),2026-05-29 21:52:32,：半島豪庭,一星期2堂,每堂1小時,：,"： 其他, 要求資深的補習老師,不要大學生 ，要有經驗教拼音和閱讀理解 希望比有趣上課，不要太悶,不接受視像",0-5位導師,29/5/2026 下午11:42:46
220631,小一,功課(英文),每小時$150,旺角(上門補習),2026-05-29 21:49:42,：生輝大廈,一星期2堂,每堂1小時,,"： 需要嚴格的導師,不接受視像",6-10位導師,29/5/2026 下午11:42:48
220630,中一,英文,每小時$230 - 270,青衣(上門補習),2026-05-29 21:14:21,：長康邨康平樓***,一星期2堂,每堂1.5小時,"：星期五 1700-1830, 星期日 1400-1530, 時間可再商議","： 針對學生弱項, 期望最快上課時間:7天內,粵語授課,不接受視像",6-10位導師,29/5/2026 下午11:42:49
220629,小三,中文,每小時$140 - 180,油塘(上門補習),2026-05-29 21:12:37,：啟田商場,一星期2堂,每堂1.5小時,"：星期一 1 PM - 5 PM, 星期二 1 PM - 5 PM, 星期三 1 PM - 5 PM, 星期四 1 PM - 5 PM, 星期五 1 PM - 5 PM",： 不接受視像,6-10位導師,29/5/2026 下午11:42:50
220628,year10,"Mathematics SL(英文),Physics SL(英文),Chemistry SL(英文)",每小時$300 - 380,坑口(公眾地方),2026-05-29 20:30:05,：觀塘、九龍城、將軍澳區都可以,一星期2堂,每堂1.5小時,"：星期一 1600, 時間可再商議","： 【三科都需要補】星期一至日都可以約，晚上、下午都可以,期望最快上課時間:7天內,不接受視像",0-5位導師,29/5/2026 下午11:42:51
220627,小一,"英語拼音,英語會話",每小時$280 - 320,灣仔(上門補習),2026-05-29 20:17:24,：肇輝台嘉苑,一星期2堂,每堂1.5小時,"：星期一 9-11, 星期二 9-11, 星期四 9-11, 導師必須在以上時段補習","： 提供練習／試題, 有愛心, 願意支付額外交通金額(HKD): 50.00, rising P1 boy. Please read English books with him and encourage them to like reading independently,期望最快上課時間:7天內,不接受視像",11-15位導師,29/5/2026 下午11:42:53
220626,中二,英文,每小時$180 - 220,沙田(上門補習),2026-05-29 20:13:53,：乙明邨明恩樓,一星期2堂,每堂1.5小時,"：星期五 5:30-7:00pm, 星期日 2:00-5:00pm","： 不需要外籍老師請勿申請,不接受視像",0-5位導師,29/5/2026 下午11:42:54
220636,小一,中文,每小時$140 - 180,沙田(視像補習),2026-05-30 01:41:26,：博康邨,一星期1堂,每堂1小時,,,0-5位導師,30/5/2026 上午2:22:35
220637,小五,中文,每小時$220 - 260,屯門(上門補習),2026-05-30 05:31:42,：兆安苑,一星期2堂,每堂2小時,"：星期一 1900-2000, 星期四 1900-2000, 星期六 1000-1300, 時間可再商議","： 期望最快上課時間:一個月內,粵語授課,不接受視像",0-5位導師,30/5/2026 上午7:47:12
220638,小五,英文,每小時$220 - 260,屯門(上門補習),2026-05-30 05:31:42,：兆安苑,一星期2堂,每堂2小時,"：星期一 1900-2000, 星期四 1900-2000, 星期六 1000-1300, 時間可再商議","： 期望最快上課時間:一個月內,粵語授課,不接受視像",0-5位導師,30/5/2026 上午7:47:13
220639,小六,英文,每小時$170 - 240,土瓜灣(公眾地方),2026-05-30 07:45:21,：傲雲峰會所,一星期1堂,每堂1.5小時,"：星期一 1700-1800, 導師必須在以上時段補習","： 全英語上堂, 能改善學生口語發音及英文作文內容,期望最快上課時間:3天內,全英文授課,不接受視像",0-5位導師,30/5/2026 上午9:45:07
220648,小二 (3人),法文,每小時$180,荔枝角(公眾地方),2026-05-30 12:33:38,：荔枝角商廈,一星期1堂,每堂1.5小時,"：星期六 1000-1100, 時間可再商議","： 有經驗, 外國回流導師, 互動教學, 期望最快上課時間:2星期內,不接受視像",0-5位導師,30/5/2026 下午1:36:31
220647,中一,綜合科學(英文),每小時$180 - 240,觀塘(上門或視像皆可),2026-05-30 12:31:00,：不適用,一星期2堂,每堂1.5小時,"：星期一 1600-2000, 星期二 1600-2000, 星期三 1600-2000, 星期四 1600-2000, 星期五 1600-2000, 星期日 1300-2000, 時間可再商議","： 期望最快上課時間:3天內,粵語授課",0-5位導師,30/5/2026 下午1:36:32
220646,小五,中文,每小時$150-210,"長沙灣,荔枝角(上門或視像皆可)",2026-05-30 11:42:43,,一星期1堂,每堂1.5小時,,： 使用《啓思中文》教材，暑假系統溫習1–5冊內容。 生字基礎較弱可以從舊冊補，但絕對不要降班、不要讀低年級課文，全程保持五年級教學深度，不抄答案、扎實補基礎、提升閱讀與寫作。,6-10位導師,30/5/2026 下午1:36:33
220645,中四,英文,每小時$200 - 240,觀塘(上門補習),2026-05-30 11:32:24,：Hiu Lai court,一星期1堂,每堂2小時,"：星期日 1300-1800, 時間可再商議","： 期望最快上課時間:一個月內,全英文授課,不接受視像",0-5位導師,30/5/2026 下午1:36:35
220644,小五,中文,每小時$150 - 190,康城(上門補習),2026-05-30 11:31:53,：領都*座,一星期3堂,每堂1小時,,,0-5位導師,30/5/2026 下午1:36:36
220643,中五,生物(英文),每小時$210 - 250,馬鞍山(上門補習),2026-05-30 11:26:39,：新港城,一星期1堂,每堂2小時,"：星期二 19-2200, 星期三 19-2200, 星期六 0900-1500, 星期日",： 不接受視像,0-5位導師,30/5/2026 下午1:36:37
220642,小六 (2人),英文,每小時$170 - 400,大埔(上門補習),2026-05-30 10:37:32,：海寶花園,一星期1堂,,"：星期六 1730-2030, 時間可再商議","： 期望最快上課時間:2星期內,粵語授課,不接受視像",6-10位導師,30/5/2026 下午1:36:39
220640,中四,英文,每小時$200 - 350,啟德(上門補習),2026-05-30 10:24:32,：啟德Monaco,一星期3堂,每堂1.5小時,：,"： 每星期2-3堂，補習希望6月22號開始 導師DSE英文科5*以上, IELTS的話8分以上,不接受視像",0-5位導師,30/5/2026 下午1:36:40
220654,中六,英文,每小時$180 - 240,藍田(上門補習),2026-05-30 15:16:16,：康田苑,一星期1堂,每堂1.5小時,,： 不接受視像,0-5位導師,30/5/2026 下午4:07:36
220653,中五,中文,每小時$200 - 240,沙田(上門補習),2026-05-30 14:49:47,：沙田九肚村,一星期1堂,每堂2小時,,,0-5位導師,30/5/2026 下午4:07:37
220652,小一,英文,每小時$210 - 250,鴨脷洲(上門補習),2026-05-30 14:29:40,：漁安苑,一星期2堂,每堂1.5小時,"：星期一 1600-1730, 星期二 1600-1730, 星期三 1600-1730, 星期四 1600-1730, 星期五 1600-1730, 星期六 1000-1230, 星期日 1000-1700, 時間可再商議","： 有耐性, 期望最快上課時間:一個月內,粵語授課,不接受視像",0-5位導師,30/5/2026 下午4:07:38
220650,K3,全科(英文),每小時$180 - 220,九龍塘(上門補習),2026-05-30 14:13:08,：星輝豪庭,一星期2堂,每堂1小時,"：星期一 1300-1500, 星期二 1300-1500, 星期三 1300-1500, 星期四 1300-1500, 星期五 1300-1500, 時間可再商議","： 有耐性, 有愛心, 長補, 幼稚園升小學一年級，主要綜合練習中英數，教育學院背景嘅學生，期望最快上課時間:2星期內,不接受視像",0-5位導師,30/5/2026 下午4:07:40
220651,小一,全科(中文),每小時$140 - 200,何文田(上門補習),2026-05-30 13:56:06,：俊民苑,一星期2堂,每堂1.5小時,"：星期二 1630-1730, 星期三 1630-1830, 星期四 1630-1830, 時間可再商議","： 有經驗, 提升閱讀能力, 提升寫作能力, 期望最快上課時間:7天內,不接受視像",6-10位導師,30/5/2026 下午4:07:41
220649,中四,會計(英文),每小時$180 - 220,視像補習,2026-05-30 13:33:01,,一星期1堂,每堂1.5小時,"：星期二 1900-2030, 星期五 1900-2030, 時間可再商議","： 期望最快上課時間:1個月後,粵語授課、全英文授課",0-5位導師,30/5/2026 下午4:07:43
220659,中五,數學(中文),每小時$200 - 240,沙田(上門補習),2026-05-30 17:24:27,：沙田九肚村,一星期1堂,每堂2小時,,： 不接受視像,0-5位導師,30/5/2026 下午6:17:10
220658,國際學校 year11,Maths,每小時$430 - 500,青衣(上門補習),2026-05-30 16:51:28,：翠怡花園,一星期1堂,每堂1.5小時,"：星期六 1600-1730, 星期日 160-1730, 時間可再商議","： 有耐性, 期望最快上課時間:1個月後,不接受視像",0-5位導師,30/5/2026 下午6:17:11
220657,小一,全科(英文),每小時$150 - 200,筲箕灣(上門補習),2026-05-30 16:50:22,：筲箕灣麗東海景豪苑,一星期3堂,每堂2小時,"：星期一 1730-1930, 星期三 1730-1930, 星期五 1800-2000, 導師必須在以上時段補習","： 有耐性, 長補, 提升閱讀能力, 期望最快上課時間:2星期內",0-5位導師,30/5/2026 下午6:17:12
220656,中五,生物(中文),每小時$250 - 300,"屯門,洪水橋,元朗,天水圍(公眾地方)",2026-05-30 16:43:05,：元朗,一星期2堂,每堂2小時,"：星期六 12-20, 星期日 12-20, 時間可再商議","： 有耐性, 全職導師, 有經驗, 要会Bio E1 和E2,期望最快上課時間:一個月內,粵語授課,不接受視像",0-5位導師,30/5/2026 下午6:17:14
220655,中三,英文,每小時$220 - 250,荃灣(上門補習),2026-05-30 16:09:26,：湾景广场,一星期1堂,每堂1.5小時,：,"： 3年以上補習經驗，八大，英語成績5以上,最好有英语教课工作经验,不接受視像",0-5位導師,30/5/2026 下午6:17:15
220661,中三,法語,每小時$200-250,馬料水(上門補習),2026-05-30 19:17:21,：白石角,一星期1堂,每堂1.5小時,,"： 有耐性, 提供筆記, 提供練習／試題, 期望最快上課時間:2星期內,不接受視像",0-5位導師,30/5/2026 下午7:48:39
220660,中五,英文,每小時$220 - 260,油塘(上門補習),2026-05-30 18:20:09,：油塘鯉魚門邨,一星期2堂,每堂1.5小時,"：星期六 1500, 導師必須在以上時段補習","： 期望最快上課時間:3天內,粵語授課、全英文授課,不接受視像",0-5位導師,30/5/2026 下午7:48:40
220662,小一,"功課(英文),英文,數學(中文)",每小時$100 - 300,筲箕灣(上門補習),2026-05-30 20:36:36,：麗東海海景豪園,一星期3堂,每堂2小時,"：星期一 1730-1930, 星期二 1730-1930, 星期三 1730-1930, 星期四 1730-1930, 星期五 1730-1930, 星期六 1730-1930, 星期日 1730-1930, 導師必須在以上時段補習","： 有耐性, 有經驗, 提升閱讀能力, 期望最快上課時間:3天內",0-5位導師,30/5/2026 下午8:54:26
220667,grade10,"數學(英文),編程",每小時$240-270,旺角(上門補習),2026-05-30 22:32:50,：九龙旺角东,一星期3堂,每堂1.5小時,,"： 需要全英文授课。需要国际学校在职优秀有经验的老师给予授课。适合IGcse，IB、ALE的水平高的老师给予授课。因为他们学校都是全外教老师授课。需要数学老师全英文水平高的特别有经验的老师授课，需要编程在职国际学校老师有经验水平高的老师,不接受視像",0-5位導師,30/5/2026 下午10:41:26
220666,中一,英文,每小時$180 - 310,視像補習,2026-05-30 21:33:37,,一星期2堂,每堂2小時,"：星期二 1600-1700, 星期三 1600-1700, 星期日 1300-1500, 導師必須在以上時段補習","： 提供練習／試題, 期望最快上課時間:2星期內,粵語授課",11-15位導師,30/5/2026 下午10:41:27
220665,小一,全科(英文),每小時$100 - 300,筲箕灣(上門補習),2026-05-30 21:22:56,：筲箕灣麗東海景豪苑,一星期3堂,每堂2小時,"：星期一 1730-1930, 星期二 1730-1930, 星期三 1730-1930, 星期四 1730-1930, 星期五 1730-1930, 星期六 1730-1930, 星期日 1730-1930, 時間可再商議","： 有耐性, 有經驗, 提升閱讀能力, 期望最快上課時間:3天內",0-5位導師,30/5/2026 下午10:41:28
220664,中一,英文,每小時$170-200,視像補習,2026-05-30 21:13:50,,一星期3堂,每堂1.5小時,,： 内地的學生 要转来香港,6-10位導師,30/5/2026 下午10:41:30
220663,中四,化學(英文),每小時$180 - 220,"九龍城,土瓜灣,何文田,黃大仙,樂富,太子(公眾地方)",2026-05-30 20:51:42,,一星期2堂,每堂2小時,"：星期一 1600-1700, 星期五 1600-1700, 時間可再商議","： 嚴格, 針對學生弱項, 大考補底,期望最快上課時間:3天內,粵語授課、全英文授課,不接受視像",0-5位導師,30/5/2026 下午10:41:31
220668,中四,數學(英文),每小時$230 - 300,鴨脷洲(上門補習),2026-05-31 00:46:50,：South horizons,一星期1堂,每堂2小時,"：星期六 1200-1400, 時間可再商議","： 期望最快上課時間:1個月後,粵語授課,不接受視像",0-5位導師,31/5/2026 上午1:01:04
220669,中五,地理(英文),每小時$220 - 260,九龍灣(上門補習),2026-05-31 01:28:37,：德福花園,一星期2堂,每堂2小時,"：星期四 630-830, 時間可再商議","： 有耐性, 期望最快上課時間:7天內,粵語授課,不接受視像",0-5位導師,31/5/2026 上午2:12:07
220671,小二,英語會話,每小時$280,荃灣(上門補習),2026-05-31 02:17:27,：荃灣廣場,一星期1堂,每堂1.5小時,"：星期三 1630, 時間可再商議","： 全英語上堂, 期望最快上課時間:1個月後,不接受視像",0-5位導師,31/5/2026 上午3:42:42
220670,中五,地理(英文),每小時$220 - 260,九龍灣(上門補習),2026-05-31 02:10:21,：德福花園,一星期1堂,每堂2小時,"：星期一 1800-2000, 時間可再商議","： 有耐性, 有經驗, 針對學生弱項, 期望最快上課時間:7天內,粵語授課、全英文授課,不接受視像",0-5位導師,31/5/2026 上午3:42:43
220682,中四,中文,每小時$180 - 220,視像補習,2026-05-31 13:41:34,,一星期1堂,每堂1小時,"：星期四 1300-1400, 星期六 1300-1400, 時間可再商議","： 針對學生弱項, 期望最快上課時間:一個月內,粵語授課",6-10位導師,31/5/2026 下午2:20:03
220681,小四,數學(中文),每小時$140 - 180,黃大仙(上門補習),2026-05-31 13:33:06,：天宏苑,一星期2堂,每堂2小時,"：星期二 1500-1800, 星期三 15-1800, 星期四 15-1800, 星期六 1300-1800, 時間可再商議","： 期望最快上課時間:3天內,粵語授課,不接受視像",6-10位導師,31/5/2026 下午2:20:04
220678,K3 (2人),游泳,每小時$400 - 500,大埔(上門補習),2026-05-31 12:41:37,：天賦海灣一期 *座,一星期1堂,,"：星期六 1-3pm, 星期日 1-3pm","： 其他, 教我女兒八歲及兒子六歲，可以在我家（天池屋），對教學冇要求，要讓小朋友學懂游水就可以, 或會所都可以,不接受視像",0-5位導師,31/5/2026 下午2:20:05
220679,小六,數學(英文),每小時$200 - 400,筲箕灣(上門補習),2026-05-31 12:41:19,：明華大廈,一星期2堂,每堂1.5小時,"：星期一 1400-1800, 星期二 1400-1800, 星期三 1400-1800, 星期四 1400-1700, 星期五 1400-1800, 時間可再商議","： 有耐性, 有愛心, 喜歡打機，中文嚴重缺損，英文比較好,期望最快上課時間:1個月後,有特殊學習需要,不接受視像",0-5位導師,31/5/2026 下午2:20:06
220680,小二,國際學校中文,每小時$180 - 420,沙田(上門補習),2026-05-31 12:39:53,：皓朗山莊,一星期1堂,每堂1.5小時,"：星期一 1530-1800, 星期二 1530-1800, 星期三 1530-1800, 星期六 100-1200, 時間可再商議","： 願意支付額外交通金額(HKD): 20.00, 期望最快上課時間:7天內,不接受視像",0-5位導師,31/5/2026 下午2:20:07
220677,中二,中文,每小時$160 - 200,將軍澳(上門補習),2026-05-31 12:37:05,：將軍澳怡明邨怡茵樓,一星期1堂,每堂2小時,：星期日 3pm,： 不接受視像,0-5位導師,31/5/2026 下午2:20:09
220676,中四,M2(英文),每小時$230 - 350,鴨脷洲(上門補習),2026-05-31 12:23:42,：海怡半島,一星期1堂,每堂2小時,"：星期六 0700-0900, 時間可再商議","： 期望最快上課時間:1個月後,粵語授課,不接受視像",6-10位導師,31/5/2026 下午2:20:10
220674,中五,化學(英文),每小時$180 - 230,青衣(公眾地方),2026-05-31 12:08:11,：長亨邨,一星期1堂,每堂1.5小時,"：星期二 17:00, 星期四 17:00","： 有耐性, 提供筆記, 有經驗, DSE考試技巧,不接受視像",0-5位導師,31/5/2026 下午2:20:12
220675,中三,英文,每小時$190 - 230,視像補習,2026-05-31 12:03:23,,一星期3堂,每堂2小時,"：星期一 1400-1600, 星期三 1400-1600, 星期四 1400-1600, 時間可再商議","： 嚴格, 有耐性, 提供練習／試題, 期望最快上課時間:1個月後,粵語授課",11-15位導師,31/5/2026 下午2:20:13
220673,小五,全科(中文),每小時$180 - 200,兆康(上門補習),2026-05-31 11:54:29,,一星期2堂,每堂2小時,"：星期六 9-11am, 星期日 10am-12pm",： 不接受視像,0-5位導師,31/5/2026 下午2:20:14
220672,國際學校,中文,每小時$150,將軍澳(上門補習),2026-05-31 11:51:18,,一星期1堂,每堂1小時,"：星期二 1630-1730, 星期三 1630-1730, 星期四 1630-1730","： 不接受視像, my daughter is 3 years old, attending international school , communicate in english",0-5位導師,31/5/2026 下午2:20:16
220685,小三,全科(中文),每小時$140 - 180,中環(上門補習),2026-05-31 16:01:56,：荷李活華庭,一星期2堂,每堂1.5小時,"：星期一 1630-1730, 星期四 1630-1730, 星期五 1630-1730, 時間可再商議","： 有耐性, 有愛心, 長補, 有讀寫障礙,期望最快上課時間:3天內,粵語授課,有特殊學習需要,不接受視像",6-10位導師,31/5/2026 下午5:27:21
220684,小二,拼音 Phonics(英文),每小時$230 - 270,葵興(上門補習),2026-05-31 15:19:16,：新葵興花園,一星期2堂,每堂2小時,"：星期一 1200-1900, 星期二 1200-1900, 星期三 1200-1900, 星期四 1200-1900, 星期五 1200-1900, 星期六 1200-1900, 星期日 1200-1900, 時間可再商議","： 期望最快上課時間:7天內,不接受視像",6-10位導師,31/5/2026 下午5:27:22
220683,國際學校 year10,Chinese(A)HL(中文),每小時$380 - 450,鴨脷洲(上門補習),2026-05-31 15:03:54,：香港南区鴨脷洲利南道**號凱玥五座*樓B室,一星期1堂,每堂1.5小時,"：星期一 1600, 星期二 1600, 導師必須在以上時段補習","： 願意支付額外交通金額(HKD): 50.00, 期望最快上課時間:3天內,有特殊學習需要,會考慮HKDSE導師,不接受視像",0-5位導師,31/5/2026 下午5:27:23
220691,中四,中文,每小時$180 - 220,九龍城(上門補習),2026-05-31 19:10:19,：東頭村,一星期2堂,每堂1.5小時,"：星期三 1700-1900, 時間可再商議","： 願意支付額外交通金額(HKD): 40.00, 期望最快上課時間:3天內,粵語授課,急單補習(需要在兩天內開始上第一堂課),不接受視像",0-5位導師,31/5/2026 下午7:17:47
220690,中二,英文,每小時$230 - 400,東涌(上門補習),2026-05-31 18:56:06,：东涌海堤湾畔*座**C,一星期2堂,每堂2小時,"：星期一 1400-1600, 星期五 1900-2100, 星期六 100-1200, 星期日 1000-1200, 導師必須在以上時段補習","： 提供練習／試題, 有經驗, 現職/曾任中小學教師, 期望最快上課時間:7天內,全英文授課、普通話授課,不接受視像",0-5位導師,31/5/2026 下午7:17:48
220688,中四,經濟(英文),每小時$250 - 300,啟德(上門補習),2026-05-31 18:28:55,：啟德海灣*B座,一星期1堂,每堂1.5小時,,： 有补习经验的不接受視像 不会讲粤语 希望老师会普通话讲课；老师准时的上课 尽量不请假的; 要有5*,0-5位導師,31/5/2026 下午7:17:49
220689,中二,數學(英文),每小時$210 - 400,東涌(上門補習),2026-05-31 18:28:01,：东涌海堤湾畔*座**C,一星期2堂,每堂2小時,"：星期二 1400-1600, 星期四 1900-2030, 星期六 1400-1600, 星期日 1400-1600, 導師必須在以上時段補習","： 提供練習／試題, 有經驗, 現職/曾任中小學教師, 期望最快上課時間:3天內,全英文授課、普通話授課,不接受視像",0-5位導師,31/5/2026 下午7:17:50
220687,year10,"Chemistry(英文),Biology(英文)",每小時$300-450,大圍(上門補習),2026-05-31 17:49:25,：Parc Royale,一星期1堂,每堂1.5小時,"：星期三 1800-1930, 星期六 1930-2100, 時間可再商議","： 有經驗, 願意支付額外交通金額(HKD): 20.00, 期望最快上課時間:一個月內,不接受視像",0-5位導師,31/5/2026 下午7:17:51
220686,小四,數學(中文),每小時$190 - 230,元朗(上門補習),2026-05-31 17:27:42,：元朗白沙村***地下,一星期2堂,每堂1.5小時,,,6-10位導師,31/5/2026 下午7:17:52
220694,中五,英文,每小時$220 - 260,沙田(視像補習),2026-05-31 20:49:39,：第一城,一星期1堂,每堂1.5小時,,,0-5位導師,31/5/2026 下午8:52:35
220693,小四,英文,每小時$400 - 800,寶琳(上門補習),2026-05-31 20:29:09,：新都城二期,一星期1堂,每堂2小時,"：星期六 1500, 星期日 1100, 時間可再商議","： 全英語上堂, 現職/曾任中小學教師, 期望最快上課時間:一個月內,全英文授課,不接受視像",0-5位導師,31/5/2026 下午8:52:36
220692,中六,物理(英文),每小時$260 - 300,上水(上門補習),2026-05-31 19:51:43,：欣翠花園,一星期2堂,每堂2小時,"：星期日 1500, 時間可再商議","： 期望最快上課時間:一個月內,粵語授課,【中六DSE只收取一星期費用】,不接受視像",0-5位導師,31/5/2026 下午8:52:37
220697,小四,英文,每小時$170 - 210,荃灣(上門補習),2026-05-31 21:59:25,：Bayview,一星期1堂,每堂2小時,"：星期六 1500-1600, 導師必須在以上時段補習","： 期望最快上課時間:一個月內,粵語授課,不接受視像",6-10位導師,31/5/2026 下午10:29:49
220696,中五,中文,每小時$220 - 260,沙田(視像補習),2026-05-31 21:43:46,：第一城,一星期1堂,每堂1.5小時,,,6-10位導師,31/5/2026 下午10:29:50
220695,中五,中文,每小時$200 - 240,將軍澳(上門補習),2026-05-31 21:26:13,：善明邨,一星期2堂,每堂1.5小時,,,0-5位導師,31/5/2026 下午10:29:51
220700,K1,學術，溝通技巧，情緒管理等,每小時$180 - 220,柴灣(上門補習),2026-05-31 23:32:07,：環翠邨,一星期2堂,每堂2小時,"：星期一 1700-1800, 星期二 1700-1800, 星期三 1700-1800, 星期四 1700-1800, 星期五 1700-1800, 時間可再商議","： 有耐性, 有愛心, 有教SEN經驗( $30/hr 起), 自閉症及整體發展遲緩,期望最快上課時間:2星期內,有特殊學習需要,不接受視像",0-5位導師,31/5/2026 下午11:52:56
220699,中五 (2人),中文、英文,每小時$180 - 300,視像補習,2026-05-31 23:29:59,,一星期2堂,每堂1.5小時,"：星期二 1730-1900, 星期五 1730-1900, 時間可再商議","： 有經驗, 針對學生弱項, 醫科生優先($280/hr 起), 期望最快上課時間:7天內",0-5位導師,31/5/2026 下午11:52:58
220698,小四,全科(英文),每小時$150 - 300,大圍(上門補習),2026-05-31 22:35:05,：名城,一星期2堂,每堂2小時,"：星期二 1700-1900, 星期四 1700-1900, 星期五 1700-1900, 時間可再商議","： 有耐性, 引起學生學習興趣, 有教SEN經驗( $30/hr 起), 讀寫障礙及ADHD, 比較沒有耐性及要提起他的學習興趣,期望最快上課時間:1個月後,有特殊學習需要,不接受視像",0-5位導師,31/5/2026 下午11:52:59
220702,中六 (2人),商業管理(英文),每小時$210 - 240,"油麻地,旺角,太子,佐敦,奧運,柯士甸,大角咀(公眾地方)",2026-06-01 00:54:34,,一星期1堂,每堂1.5小時,"：星期日 1300-1430, 時間可再商議","： 提供筆記, 期望最快上課時間:一個月內,粵語授課,不接受視像",0-5位導師,1/6/2026 上午1:03:29
220701,中五,"數學(中文),數學(中文),數學(中文)",每小時$150 - 180,"觀塘,秀茂坪(公眾地方)",2026-06-01 00:45:00,,一星期1堂,每堂3小時,"：星期一 1600-1900, 星期二 1600-1900, 星期四 1600-1900, 導師必須在以上時段補習","： 有耐性, 有愛心, 針對學生弱項, 期望最快上課時間:3天內",0-5位導師,1/6/2026 上午1:03:30
220705,中二,綜合科學(英文),每小時$180 - 220,藍田(上門補習),2026-06-01 01:25:24,：興田邨,一星期3堂,每堂2小時,"：星期一 1700-2000, 星期二 1800-2000, 星期三 1700-2000, 星期四 1700-2000, 星期五 1700-2000, 星期六 1500-1700, 時間可再商議","： 有耐性, 提供筆記, 提供練習／試題, 期望最快上課時間:3天內,粵語授課",0-5位導師,1/6/2026 上午2:15:03
220703,中四,英文,每小時$250 - 300,屯門(上門補習),2026-06-01 00:33:47,：欣田邨,一星期1堂,每堂1.5小時,"：星期一 1700-1900, 星期二 1700-1900, 星期三 1700-1900, 星期四 1700-1900, 星期五 1700-1900, 時間可再商議","： 有耐性, 有經驗, 了解學生不足, 英文零基礎 英文predict Lv1, 目標lv2-3,要溫柔,期望最快上課時間:2星期內,粵語授課,不接受視像",0-5位導師,1/6/2026 上午2:15:04
220706,中五,物理(英文),每小時$200 - 350,視像補習,2026-06-01 05:17:38,,一星期1堂,每堂1.5小時,"：星期三 2045-2215, 星期四 2045-2230, 星期六 1300-2000, 星期日 1300-2000, 時間可再商議","： 提供筆記, 提供練習／試題, 曾在補習社工作, 要求曾考5*或以上、有補習社經驗, 上堂節奏希望偏快,期望最快上課時間:3天內,粵語授課",0-5位導師,1/6/2026 上午5:42:53
220707,中一,中文,每小時$170 - 280,鑽石山(上門補習),2026-06-01 07:26:44,：星河明居,一星期1堂,每堂1.5小時,"：星期二 1700-1800, 時間可再商議","： 長補, 期望最快上課時間:一個月內,粵語授課、普通話授課,不接受視像",0-5位導師,1/6/2026 上午7:48:16
220710,40+歲,財務會計,每小時$250 - 300,油塘(上門補習),2026-06-01 09:50:37,：高輝工業大廈,一星期1堂,每堂1.5小時,"：星期二 1830-2000, 星期三 1830-2000, 星期五 1830-2000, 時間可再商議","： 期望最快上課時間:7天內,不接受視像",0-5位導師,1/6/2026 上午10:05:13
220709,小四,英文,每小時$220 - 260,屯門(上門補習),2026-06-01 08:47:26,：Novoland,一星期1堂,每堂1.5小時,,,0-5位導師,1/6/2026 上午10:05:14
220708,中五,中文,每小時$200 - 240,上環(上門補習),2026-06-01 08:22:31,：東輝花園,一星期1堂,每堂1.5小時,"：星期一 4-7, 星期三 4-7, 時間可再商議","： 提供筆記, 提供練習／試題, 提升解題技巧, 期望最快上課時間:1個月後,粵語授課,不接受視像",0-5位導師,1/6/2026 上午10:05:14
220725,grade5,運動,每小時$220 - 350,天后(上門補習),2026-06-01 14:38:20,：聚龍閣,一星期1堂,每堂1小時,,"： 同學有特殊學習需要, 希望通過運動訓練, 提升同學專注力更好，導師要對集中力不好男仔有耐性【需要具備相關教學經驗】，不接受視像，每堂視乎需要1-1.5小時",0-5位導師,1/6/2026 下午3:21:18
220724,小二,中文,每小時$190 - 230,上水(上門補習),2026-06-01 14:27:25,：古洞路**號天巒二期洛卡諾*號,一星期1堂,每堂1小時,,,0-5位導師,1/6/2026 下午3:21:19
220722,中一,數學(英文),每小時$180 - 220,油麻地(上門補習),2026-06-01 14:15:59,：駿發花園,一星期1堂,每堂1.5小時,"：星期五 2000-2200, 時間可再商議","： 提供練習／試題, 期望最快上課時間:1個月後,粵語授課、全英文授課,有特殊學習需要",6-10位導師,1/6/2026 下午3:21:20
220723,中一,英文,每小時$180 - 220,油麻地(上門補習),2026-06-01 14:15:59,：駿發花園,一星期1堂,每堂1.5小時,"：星期五 2000-2200, 時間可再商議","： 提供練習／試題, 期望最快上課時間:1個月後,粵語授課、全英文授課,有特殊學習需要",0-5位導師,1/6/2026 下午3:21:21
220721,year9,"Biology(英文),Chemistry(英文)",每小時$330 - 450,視像補習,2026-06-01 13:13:39,,一星期2堂,每堂1.5小時,"：星期三 2000-2130, 導師必須在以上時段補習","： 有經驗, 引起學生學習興趣, 提升解題技巧, 期望最快上課時間:7天內,會考慮HKDSE導師",11-15位導師,1/6/2026 下午3:21:22
220719,中二,英文,每小時$180 - 220,沙田(上門補習),2026-06-01 13:06:31,：水泉澳,一星期1堂,每堂2小時,"：星期二 1600-1700, 時間可再商議","： 有耐性, 期望最快上課時間:7天內,粵語授課,不接受視像",0-5位導師,1/6/2026 下午3:21:24
220718,小五,中文,每小時$200,天水圍(上門補習),2026-06-01 13:02:08,：天盛苑,一星期2堂,每堂1.5小時,"：星期六 0900-1300, 時間可再商議","： 期望最快上課時間:一個月內,粵語授課,不接受視像",6-10位導師,1/6/2026 下午3:21:25
220717,中五,倫理與宗教(中文),每小時$220 - 260,柴灣(上門補習),2026-06-01 12:41:00,：Chain Wan PMQ,一星期1堂,每堂1.5小時,"：星期四 2100-2200, 導師必須在以上時段補習","： 期望最快上課時間:2星期內,粵語授課,不接受視像",0-5位導師,1/6/2026 下午3:21:27
220716,小六,中文,每小時$150 - 190,九龍塘(上門補習),2026-06-01 12:16:47,：尚御,一星期2堂,每堂1.5小時,,,0-5位導師,1/6/2026 下午3:21:28
220715,K1,普通話水平測試,每小時$180 - 220,馬鞍山(上門補習),2026-06-01 11:55:12,：Horizon suite,一星期1堂,每堂1小時,"：星期三 1500-1600, 時間可再商議","： 期望最快上課時間:一個月內,不接受視像",0-5位導師,1/6/2026 下午3:21:30
220714,K3,全科(中文),每小時$140 - 180,馬鞍山(上門補習),2026-06-01 11:45:04,：恆安站,一星期3堂,每堂1.5小時,"：星期一 1030-1130/ 1730-1830, 星期三 1030-1130/ 1730-1830, 星期五 1030-1130/ 1730-1830, 時間可再商議",： 不接受視像,6-10位導師,1/6/2026 下午3:21:31
220712,中二,英文,每小時$160 - 230,屯門(上門補習),2026-06-01 10:56:38,：藍地青磚圍,一星期1堂,每堂1.5小時,,： 基礎比較弱，升中二但可能目前大約只小學程度；導師要有方法識得教，LV5以上導師,0-5位導師,1/6/2026 下午3:21:32
220742,中四,化學(中文),每小時$180 - 220,黃大仙(視像補習),2026-06-01 20:50:53,：黃大仙,一星期2堂,每堂1.5小時,,,0-5位導師,1/6/2026 下午9:09:01
220741,中四,經濟(中文),每小時$180 - 220,視像補習,2026-06-01 20:12:33,,一星期2堂,每堂1.5小時,"：星期六 1000-1200, 導師必須在以上時段補習","： 期望最快上課時間:7天內,粵語授課",0-5位導師,1/6/2026 下午9:09:02
220740,小五,游泳,每小時$180 - 280,馬鞍山(公眾地方),2026-06-01 19:40:16,：馬鞍山游泳池,一星期1堂,每堂1.5小時,"：星期六 , 導師必須在以上時段補習","： 11歲女孩子，初學者，6月中開始，目前可以逢週六下午,不接受視像",0-5位導師,1/6/2026 下午9:09:03
220738,中四,英文,每小時$150 - 200,土瓜灣(公眾地方),2026-06-01 18:50:18,：Airside(地鐵站出口行2分鐘）,一星期2堂,每堂2小時,"：星期二 1600-1700, 星期四 1600-1700, 時間可再商議","： 有耐性, 有愛心, 有經驗, 最好係missy 🙏🏻,不接受視像",6-10位導師,1/6/2026 下午9:09:05
220737,中四,英文,每小時$200 - 230,荃灣(上門補習),2026-06-01 18:47:21,：環宇海灣,一星期2堂,每堂1.5小時,"：星期四 1730-2000, 星期五 1730-2000, 導師必須在以上時段補習","： 有耐性, English speaking, 要三大或者有私幼幼兒教育經驗 不接受視像",0-5位導師,1/6/2026 下午9:09:06
220736,中五,數學(英文),每小時$160 - 230,視像補習,2026-06-01 18:14:50,,一星期2堂,每堂1.5小時,"：星期五 1600 - 1700, 星期日 1600 - 1700, 時間可再商議","： 有耐性, 提供筆記, 有經驗, Full English授課,期望最快上課時間:7天內",16-20位導師,1/6/2026 下午9:09:08
220735,中五 (2人),經濟(中文),每小時$200 - 300,旺角(公眾地方),2026-06-01 18:00:31,：星巴克,一星期2堂,每堂1.5小時,"：星期二 1815-1945, 時間可再商議","： 有耐性, 提供筆記, 了解學生不足, 一男一女學生；期望最快上課時間:7天內,粵語授課、普通話授課,不接受視像",11-15位導師,1/6/2026 下午9:09:09
220734,中五,英文,每小時$220 - 320,九龍城(公眾地方),2026-06-01 17:36:33,：啟德,一星期2堂,每堂2小時,"：星期一 1700-1900, 星期四 1700-1900, 時間可再商議","： 有耐性, 提供筆記, 針對學生弱項, 同學英文水平差。,期望最快上課時間:7天內,粵語授課,不接受視像",11-15位導師,1/6/2026 下午9:09:10
220732,中二,英文,每小時$180 - 220,藍田(上門補習),2026-06-01 17:04:59,：興田邨,一星期1堂,每堂2小時,"：星期一 1700-2000, 星期二 1800-2000, 星期三 1700-2000, 星期五 1700-2000, 星期六 1500-1700","： 有耐性, 提供筆記, 提供練習／試題, 期望最快上課時間:3天內,粵語授課,不接受視像",11-15位導師,1/6/2026 下午9:09:12
220730,中四,數學(英文),每小時$230 - 300,粉嶺(上門補習),2026-06-01 16:57:12,：花都廣場,一星期1堂,每堂2小時,"：星期六 900-1800, 導師必須在以上時段補習","： 數學5以上；全職補習導師 經驗豐富的導師；期望最快上課時間:7天內,粵語授課,不接受視像",6-10位導師,1/6/2026 下午9:09:13
220731,小五,功課(中文),每小時$180 - 220,何文田(上門補習),2026-06-01 16:52:26,：信用街（地鐵行3分鐘）,一星期3堂,每堂2小時,"：星期一 1615-1815, 星期二 1615-1815, 星期四 1615-1815, 時間可再商議","： 有耐性, 中文讀寫障礙，英文成績優異,期望最快上課時間:1個月後,粵語授課,有特殊學習需要,不接受視像",16-20位導師,1/6/2026 下午9:09:15
220728,中五,物理(中文),每小時$200 - 240,石硤尾(上門補習),2026-06-01 16:38:05,：MTR * Mins.,一星期2堂,每堂1.5小時,"：星期六 1000-1130, 星期日 1000-1130, 時間可再商議","： 期望最快上課時間:一個月內,粵語授課,不接受視像",6-10位導師,1/6/2026 下午9:09:16
220727,小五,中文,每小時$220 - 260,屯門(上門補習),2026-06-01 16:13:02,：兆安苑,一星期2堂,每堂1小時,"：星期一 1900-2000, 星期四 1900-2000, 星期六 1000-1300, 時間可再商議","： 期望最快上課時間:一個月內,粵語授課,不接受視像",11-15位導師,1/6/2026 下午9:09:17
220749,小二,英語會話,每小時$280 - 390,將軍澳(上門補習),2026-06-02 01:24:53,：日出康城,一星期2堂,每堂1.5小時,"：星期一 1600-1700, 時間可再商議","： 全英語上堂, 期望最快上課時間:一個月內,不接受視像",0-5位導師,2/6/2026 上午2:51:31
220748,中二,英文,每小時$200 - 320,視像補習,2026-06-02 00:32:47,,一星期2堂,每堂1.5小時,"：星期二 1700-2000, 星期六 0900-1100, 星期日 1400-1500, 導師必須在以上時段補習","： 有耐性, 提供筆記, 幫助操練, 期望最快上課時間:3天內",11-15位導師,2/6/2026 上午2:51:33
220747,中二,英文,每小時$200 - 320,視像補習,2026-06-02 00:24:08,,一星期2堂,每堂1.5小時,"：星期二 1700-1830, 星期六 1000-1130, 星期日 1000-1500, 導師必須在以上時段補習","： 提升閱讀能力, 幫助操練, 有經驗, 期望最快上課時間:3天內",11-15位導師,2/6/2026 上午2:51:34
220746,N班,托兒/幼兒照顧(英文),每小時$180 - 220,九龍城(上門補習),2026-06-01 23:01:45,：the forfar (* mins walk from mtr exit),一星期1堂,每堂1.5小時,"：星期一 1500-1800, 星期二 1500-1800, 星期四 1500-1800, 時間可再商議","： 有耐性, 有愛心, 細心, 期望最快上課時間:一個月內,不接受視像",6-10位導師,2/6/2026 上午2:51:35
220745,中五,"英文,中文",每小時$200 - 350,"觀塘,秀茂坪(公眾地方)",2026-06-01 21:43:47,,一星期2堂,每堂1.5小時,"：星期二 1600-1900, 星期三 1600-1900, 星期四 1400-1700, 導師必須在以上時段補習","： 有耐性, 需要三天內可補習的 🙏🙏 ,期望最快上課時間:3天內",6-10位導師,2/6/2026 上午2:51:37
220744,小六 (2人),"中文,數學(中文)",每小時$120,馬鞍山(上門補習),2026-06-01 21:25:18,：富安花園,一星期2堂,每堂1.5小時,：,"： 提供練習／試題, 不接受視像",6-10位導師,2/6/2026 上午2:51:38
220743,小二,英文,每小時$190 - 230,青衣(上門補習),2026-06-01 21:15:31,：盈翠半島,一星期1堂,每堂1.5小時,"：星期一 1400, 星期三 1400",： 不接受視像，著重補grammar + writing；住附近的導師,6-10位導師,2/6/2026 上午2:51:39
220750,小四,英文,每小時$250 - 400,視像補習,2026-06-02 03:36:54,,一星期1堂,每堂1.5小時,"：星期日 1000-1800, 時間可再商議","： 提升寫作能力, 期望最快上課時間:一個月內,粵語授課、全英文授課",6-10位導師,2/6/2026 上午5:58:01
220751,中二,數學(中文),每小時$210 - 250,屯門(上門補習),2026-06-02 07:19:17,：井財街,一星期5堂,每堂2小時,,,0-5位導師,2/6/2026 上午7:41:23
220754,K2,英文,每小時$230 - 270,天水圍(上門補習),2026-06-02 09:42:11,：栢慧豪園,一星期2堂,每堂1.5小時,"：星期一 0930-1100, 星期三 0930-1100, 星期四 0930-1100, 時間可再商議","： 有經驗, 期望最快上課時間:一個月內,不接受視像",0-5位導師,2/6/2026 上午10:04:00
220752,中五,英文,每小時$220 - 260,觀塘(上門補習),2026-06-02 07:44:56,：觀塘月華街好景樓,一星期1堂,每堂2小時,,,0-5位導師,2/6/2026 上午10:04:01
220753,中六,英文,每小時$280 - 300,屯門(上門補習),2026-06-02 07:41:03,：兆麟苑,一星期2堂,每堂2小時,"：星期二 1730-1900, 星期四 1730-1900, 星期六 1400-1900, 星期日 1400-1900, 時間可再商議","： 有經驗, 重點考我仔知何操DSE Eng past paper,期望最快上課時間:2星期內,粵語授課,不接受視像",0-5位導師,2/6/2026 上午10:04:02
220761,中四,數學(英文),每小時$180 - 220,美孚(上門或視像皆可),2026-06-02 14:36:52,：荔枝角,一星期1堂,每堂1小時,,,11-15位導師,2/6/2026 下午2:53:35
220760,小二,全科(中文),每小時$190 - 230,元朗(上門補習),2026-06-02 14:22:02,：錦上路,一星期2堂,每堂1.5小時,"：星期二 1500-1630, 時間可再商議","： 期望最快上課時間:一個月內,粵語授課,有特殊學習需要,不接受視像",0-5位導師,2/6/2026 下午2:53:36
220759,大專或以上 year2,ielts,每小時$260 - 300,視像補習,2026-06-02 13:00:11,,一星期1堂,每堂1小時,"：星期二 1000-1100, 星期四 1700-1800, 星期五 1500-1600, 時間可再商議","： 嚴格, 提供筆記, 提供練習／試題, zoom,期望最快上課時間:7天內",6-10位導師,2/6/2026 下午2:53:37
220758,小六,中文,每小時$200,東涌(上門補習),2026-06-02 12:15:56,：映灣園,一星期2堂,每堂1.5小時,"：星期二 1730-1900, 星期三 1730-1900, 星期日 0930-1100, 導師必須在以上時段補習","： 有耐性, 長補, 提升閱讀能力, 期望最快上課時間:1個月後,粵語授課,不接受視像",6-10位導師,2/6/2026 下午2:53:39
220757,中三,"英文,綜合科學(英文)",每小時$300 - 400,佐敦(上門補習),2026-06-02 11:40:54,：grand Austin,一星期5堂,每堂2小時,"：星期一 7-9pm, 星期二 7-9pm, 星期三 7-9pm, 星期四 7-9pm, 星期五 7-9pm, 星期日 10am-12pm, 導師必須在以上時段補習","： 嚴格, 有耐性, 提供練習／試題, 一星期6堂，主要是英文+科學輔導 週一至週五7-9pm 週日10am-12pm,不接受視像【全職導師】；需要熟悉國際課程",0-5位導師,2/6/2026 下午2:53:40
220756,小六,數學(英文),每小時$250 - 350,西營盤(上門補習),2026-06-02 11:19:40,：close to HKU,一星期1堂,每堂1小時,"：星期一 900-1330, 星期二 1015-1330, 星期三 900-1330, 星期四 900-1330, 星期五 1015-1330, 時間可再商議",： Lessons in full English please. We are native English family；looking for Summer-time mentoring；不接受視像,16-20位導師,2/6/2026 下午2:53:41
220755,中一,中文,每小時$270 - 300,上水(上門補習),2026-06-02 11:13:17,：粉嶺牽晴間,一星期1堂,每堂2小時,"：星期四 1600-1730, 星期日 1400-1530, 導師必須在以上時段補習","： 有耐性, 長補, 提供練習／試題, 希望可引起學生對中文興趣,期望最快上課時間:3天內",6-10位導師,2/6/2026 下午2:53:42
220767,小四,英文,每小時$150 - 160,鑽石山(上門補習),2026-06-02 19:09:35,：啟翔苑,一星期1堂,每堂1小時,"：星期二 1700-1830, 星期四 1700-1830, 導師必須在以上時段補習","： 有耐性, 提供練習／試題, 有經驗, 期望最快上課時間:7天內,粵語授課,不接受視像",0-5位導師,2/6/2026 下午7:16:46
220766,year10,"Mathematics SL(英文),Chemistry SL(英文)",每小時$300 - 380,坑口(公眾地方),2026-06-02 18:40:54,：觀塘、九龍城、將軍澳區都可以,一星期1堂,每堂1.5小時,"：星期一 1600, 時間可再商議","： 星期一至日都可以約，晚上、下午都可以,期望最快上課時間:7天內,不接受視像",0-5位導師,2/6/2026 下午7:16:47
220765,小三,中文,每小時$140 - 250,秀茂坪(上門或視像皆可),2026-06-02 15:51:17,：秀慧樓,一星期2堂,每堂1.5小時,"：星期一 1400-1800, 星期二 1400-1800, 星期三 1400-1800, 星期四 1400-1800, 星期五 1400-1800, 星期六 1400-1800, 星期日 1400-1800, 時間可再商議","： 有愛心, 有經驗, 了解學生不足, 期望最快上課時間:3天內,粵語授課、普通話授課",11-15位導師,2/6/2026 下午7:16:48
220764,中一,中文,每小時$160 - 200,尖沙咀(上門補習),2026-06-02 15:17:55,：凱旋門,一星期2堂,每堂1.5小時,"：星期二 2000-2100, 星期五 2000-2100, 星期六 2000-2100, 時間可再商議","： 有耐性, 提供練習／試題, 期望最快上課時間:2星期內,粵語授課,不接受視像",6-10位導師,2/6/2026 下午7:16:49
220762,中一,中文,每小時$180 - 220,油麻地(上門補習),2026-06-02 15:03:58,：駿發花園,一星期1堂,每堂1.5小時,"：星期五 2000-2200, 導師必須在以上時段補習","： 提供練習／試題, 期望最快上課時間:1個月後,粵語授課,有特殊學習需要",6-10位導師,2/6/2026 下午7:16:50
220763,中一,綜合科學(英文),每小時$180 - 220,油麻地(上門補習),2026-06-02 15:03:58,：駿發花園,一星期1堂,每堂1.5小時,"：星期五 2000-2200, 導師必須在以上時段補習","： 提供練習／試題, 期望最快上課時間:1個月後,粵語授課、全英文授課,有特殊學習需要",6-10位導師,2/6/2026 下午7:16:52
220785,35-40歲,英語會話,每小時$280 - 320,石門(上門補習),2026-06-02 22:29:17,：wluxe,一星期1堂,每堂2小時,"：星期一 10-12, 星期二 10-12, 星期三 10-12, 星期四 10-12, 星期五 10-12, 導師必須在以上時段補習","： , 期望最快上課時間:3天內,不接受視像",0-5位導師,2/6/2026 下午11:14:49
220784,中五,數學(英文),每小時$190 - 230,沙田(上門補習),2026-06-02 21:49:50,：耀安邨,一星期1堂,每堂2小時,"：星期二 5-7, 星期三 5-7, 星期五 5-7, 星期六 11-1, 導師必須在以上時段補習",： 不接受視像；,6-10位導師,2/6/2026 下午11:14:50
220783,國際學校 year3,拼音 Phonics(英文),每小時$270 - 320,馬鞍山(上門補習),2026-06-02 21:48:44,：翠擁華庭,一星期1堂,每堂1.5小時,"：星期三 1600-1700, 時間可再商議","： 有耐性, 有愛心, 提升閱讀能力, 全英語授課, 補埋Reading。優先考慮：1)熟悉美式學制的大學生/全職導師；國際學校校友；必須口音純正、有耐心，懂得以啟發式（非填鴨式）引導小學低年級學生。學生目前的 Decoding (拼音解碼) 能力良好，讀字流利，但「讀完之後不明白故事背後的動機和深層意思」。需要導師專門提升學生的閱讀理解、推論能力及批判性思考。課堂上不希望只是盲目做comprehension練習題。要求導師使用引導式閱讀與學生同讀 Chapter Books，並透過互動提問、分析角色動機及因果關係來引導學生思考。,不接受視像",0-5位導師,2/6/2026 下午11:14:51
220782,中六,數學(中文),每小時$210 - 250,油塘(上門補習),2026-06-02 21:42:33,：鯉魚門村鯉旺樓,一星期1堂,每堂1.5小時,"：星期一 1700, 星期二 1700, 星期三 1700, 星期四 1700, 星期五 1700, 星期六 1500, 星期日 1500","： 期望最快上課時間:2星期內,粵語授課,不接受視像",6-10位導師,2/6/2026 下午11:14:52
220781,year11,History(英文),每小時$260-350,視像補習,2026-06-02 21:38:36,,一星期1堂,每堂1小時,,： Pearson syllabus,0-5位導師,2/6/2026 下午11:14:54
220780,中五,會計(英文),每小時$200 - 240,北角(上門補習),2026-06-02 21:26:30,：北角堡壘街**號怡昇大廈**/f D室,一星期1堂,每堂2小時,"：星期四 1730-1930, 導師必須在以上時段補習","： 期望最快上課時間:3天內,粵語授課,不接受視像",0-5位導師,2/6/2026 下午11:14:55
220779,中四,"英文,數學(英文)",每小時$200 - 230,黃大仙(上門補習),2026-06-02 21:18:04,：富山村,一星期1堂,每堂2小時,,"： 有經驗, 曾經在保良局第一張永慶中學就讀優先 補英文+數學；保良第一張永慶中學/band 1中學畢業更佳【補習時間星期六日比較好，其他日子可商議】,不接受視像",0-5位導師,2/6/2026 下午11:14:56
220778,中一,英文,每小時$160 - 200,沙田(上門補習),2026-06-02 20:52:31,：沙田愉翠苑,一星期1堂,每堂1.5小時,：,： 不接受視像,6-10位導師,2/6/2026 下午11:14:58
220777,中一,中文,每小時$160 - 200,沙田(上門補習),2026-06-02 20:52:22,：沙田愉翠苑,一星期1堂,每堂1.5小時,：,： 不接受視像,6-10位導師,2/6/2026 下午11:14:59
220776,小一,全科(中文),每小時$190 - 230,天水圍(上門或視像皆可),2026-06-02 20:50:44,：Kingswood Vila Tin Shui Wai,一星期2堂,每堂2小時,：,,6-10位導師,2/6/2026 下午11:15:00
220774,中二,英文,每小時$180 - 200,青衣(上門補習),2026-06-02 20:32:42,：青衣长安村安湄楼,一星期2堂,每堂1.5小時,"：星期一 1700-1830, 星期二 1700-1830, 星期三 1700-1830, 星期四 1700-1830, 星期五 1700-1830, 時間可再商議","： 引起學生學習興趣, 了解學生不足, 提升解題技巧, 需要普通话授课,期望最快上課時間:1個月後",0-5位導師,2/6/2026 下午11:15:02
220771,中五,"化學(中文),生物(中文)",每小時$200 - 250,康城(上門補習),2026-06-02 20:06:17,：日出康城領都,一星期1堂,每堂1.5小時,：,"： 想找一個化學dse 成績好，有耐性。七月頭開始，因要追番中四課程，暑假期間暫時一星期兩堂。最好教到生物。,不接受視像",0-5位導師,2/6/2026 下午11:15:03
220772,中四,法文,每小時$180 - 220,大埔(上門補習),2026-06-02 20:01:28,：逸瓏灣,一星期3堂,每堂2小時,"：星期四 1500-2000, 星期五 1500-2000, 星期六 1500-2000, 星期日 1500-2000, 導師必須在以上時段補習","： 嚴格, 提供筆記, 提供練習／試題, 願意支付額外交通金額(HKD): 30.00, 準備考Delf 試,期望最快上課時間:3天內,急單補習(需要在兩天內開始上第一堂課),不接受視像",0-5位導師,2/6/2026 下午11:15:05
220770,31-34歲,普通話,每小時$170-240,天水圍(上門或視像皆可),2026-06-02 19:56:51,：樂湖居,一星期1堂,每堂1.5小時,,： 要求導師於這五年內曾經考過國家語委水平測試,0-5位導師,2/6/2026 下午11:15:06
220769,中六,中文,每小時$210 - 250,油塘(上門補習),2026-06-02 19:45:08,：鯉魚門村鯉旺樓,一星期2堂,每堂1.5小時,"：星期一 1700, 星期二 1700, 星期三 1700, 星期四 1700, 星期五 1700, 星期六 1500, 星期日 1500, 時間可再商議","： 期望最快上課時間:2星期內,粵語授課,不接受視像",0-5位導師,2/6/2026 下午11:15:08
220768,小一,"中文,數學(中文)",每小時$140 - 180,長沙灣(上門補習),2026-06-02 19:21:59,：the caldecott,一星期3堂,每堂2小時,"：星期一 5-7, 星期三 5-7, 星期五 5-7, 導師必須在以上時段補習","： 願意支付額外交通金額(HKD): 30.00, 期望最快上課時間:3天內,粵語授課,不接受視像",11-15位導師,2/6/2026 下午11:15:09
220788,中五,物理(英文),每小時$200 - 280,視像補習,2026-06-03 02:52:17,,一星期1堂,每堂1.5小時,"：星期六 1800-2100, 星期日 1800-2100, 時間可再商議","： 嚴格, 提供練習／試題, 提升解題技巧, 期望最快上課時間:7天內,粵語授課",0-5位導師,3/6/2026 上午2:57:11
220787,中四,"數學(英文),中史,英文",每小時$100 - 180,"奧運,旺角(公眾地方)",2026-06-03 00:19:54,,一星期3堂,每堂2小時,"：星期一 13:00-15:00, 星期三 13:00-15:00, 星期五 13:00-15:00, 星期日 9:00-11:00, 時間可再商議","： 有耐性, 提供筆記, 提升解題技巧, 期望最快上課時間:3天內",6-10位導師,3/6/2026 上午2:57:12
220786,小二,全科(中文),每小時$140 - 180,深水埗(上門補習),2026-06-02 23:41:40,：醫局街,一星期2堂,每堂1.5小時,"：星期一 17-18, 星期二 17-18, 星期三 17-18, 時間可再商議","： 有耐性, 有愛心, 長補, 期望最快上課時間:一個月內,粵語授課,不接受視像",6-10位導師,3/6/2026 上午2:57:13
220791,中三,中三全科,每小時$180 - 200,鑽石山(上門補習),2026-06-03 10:02:41,：富山邨,一星期3堂,每堂2小時,"：星期一 1500-1700, 星期二 1500-1700, 星期三 1500-1700, 星期四 1500-1700, 星期六 1600-1800, 星期日 1300-1500, 時間可再商議","： 有耐性, 提供練習／試題, 有愛心, 願意支付額外交通金額(HKD): 10.00, 期望最快上課時間:3天內,不接受視像",0-5位導師,3/6/2026 上午10:27:12
220789,中一,英文,每小時$180 - 220,大埔(上門或視像皆可),2026-06-03 09:39:11,：富蝶邨,一星期3堂,每堂2小時,"：星期一 1700-1830, 星期二 1700-1830, 時間可再商議","： 緊貼學校進度, 英中学校 英文比较弱,期望最快上課時間:3天內,全英文授課",6-10位導師,3/6/2026 上午10:27:13
220799,K1 (2人),普通話,每小時$180 - 220,半山(上門補習),2026-06-03 12:55:35,：帝豪閣,一星期2堂,每堂1小時,"：星期一 0900-1100, 星期二 0900-1100, 星期三 1530-1700, 星期四 0900-1100, 星期五 1530-1700, 時間可再商議","： 期望最快上課時間:7天內,不接受視像",0-5位導師,3/6/2026 下午3:24:48
220796,中一,英文,每小時$200 - 300,九龍灣(公眾地方),2026-06-03 12:12:20,：德福大廈,一星期2堂,每堂2小時,"：星期六 10:00am-12:00pm, 時間可再商議","： 【補習社個案】期望最快上課時間:3天內,必須普通話授課,不接受視像, yr3以上或者已畢業的導師",0-5位導師,3/6/2026 下午3:24:49
220798,中四,生物(中文),每小時$180 - 220,視像補習,2026-06-03 12:11:48,,一星期2堂,每堂2小時,"：星期三 1900-2100, 星期日 1300-1500, 導師必須在以上時段補習","： 嚴格, 提供筆記, 期望最快上課時間:3天內,粵語授課",6-10位導師,3/6/2026 下午3:24:51
220795,小六,英文,每小時$220 - 260,元朗(上門或視像皆可),2026-06-03 11:27:32,：錦上路,一星期1堂,每堂1小時,,,16-20位導師,3/6/2026 下午3:24:52
220794,中二,數學(英文),每小時$160 - 200,荃灣(上門補習),2026-06-03 11:23:18,：汀九青山公路***號（轉小巴）,一星期1堂,每堂1小時,：,： 不接受視像,6-10位導師,3/6/2026 下午3:24:53
220793,中二,中文,每小時$160 - 200,荃灣(上門補習),2026-06-03 11:23:14,：汀九青山公路***號（轉小巴）,一星期1堂,每堂1小時,"：, 導師必須在以上時段補習",： 不接受視像；要大學生導師,0-5位導師,3/6/2026 下午3:24:54
220792,中一,英文,每小時$250 - 400,鴨脷洲(上門或視像皆可),2026-06-03 11:01:40,：海怡半島,一星期1堂,每堂1.5小時,"：星期六 1000-300, 星期日 1000-300, 導師必須在以上時段補習","： 有耐性, 提供練習／試題, 長補, 沒有,期望最快上課時間:2星期內,全英文授課",11-15位導師,3/6/2026 下午3:24:55
220829,中六,會計(中文),每小時$210 - 250,沙田(公眾地方),2026-06-04 01:12:39,：石門,一星期1堂,每堂1.5小時,"：星期一 1600-1700, 星期二 1600-1700, 星期三 1600-1700, 星期四 1600-1700, 星期五 1600-1700, 時間可再商議","： 有耐性, 提供練習／試題, 有經驗, 期望最快上課時間:3天內,粵語授課,不接受視像",0-5位導師,4/6/2026 上午1:23:59
220828,中三,數學(英文),每小時$160 - 200,荔枝角(上門補習),2026-06-03 23:57:56,：昇悅居,一星期2堂,每堂1.5小時,"：星期一 1700-1815, 星期二 1700-1815, 星期三 1700-1815, 星期六 1500-1615, 星期日 1630-1745, 導師必須在以上時段補習","： 期望最快上課時間:1個月後,粵語授課、全英文授課,不接受視像",11-15位導師,4/6/2026 上午1:24:00
220827,中四,會計(英文),每小時$180 - 220,西環(公眾地方),2026-06-03 22:29:26,,一星期1堂,每堂1.5小時,"：星期一 1500-1600, 星期二 1500-1600, 星期三 1500-1600, 星期四 1500-1600, 星期五 1500-1600, 星期六 1500-1600, 星期日 1500-1600, 時間可再商議","： 期望最快上課時間:3天內,粵語授課,不接受視像",6-10位導師,4/6/2026 上午1:24:02
220826,中五,化學(英文),每小時$200 - 260,土瓜灣(上門補習),2026-06-03 22:03:10,：凱旋大廈,一星期2堂,每堂2小時,"：星期四 1700-1900, 時間可再商議","： 期望最快上課時間:3天內,粵語授課、全英文授課,不接受視像",11-15位導師,4/6/2026 上午1:24:03
220825,中五,"數學(中文),英文,會計(中文)",每小時$120 - 250,"元朗,天水圍,屯門(公眾地方)",2026-06-03 21:49:22,,一星期2堂,每堂1.5小時,"：星期一 6-8, 星期二 6-8, 星期五 6-8, 星期日 4-6, 導師必須在以上時段補習","： 有耐性, 提供筆記, 提供練習／試題, 期望最快上課時間:一個月內",6-10位導師,4/6/2026 上午1:24:05
220824,中五,"數學(中文),英文,經濟(中文)",每小時$100 - 300,"元朗,天水圍,屯門(公眾地方)",2026-06-03 21:46:12,,一星期1堂,每堂1.5小時,"：星期一 6-8, 星期二 6-8, 星期五 6-8, 星期日 4-6, 導師必須在以上時段補習","： 有耐性, 提供練習／試題, 提供筆記, 期望最快上課時間:一個月內",6-10位導師,4/6/2026 上午1:24:06
220823,小六,國際象棋,每小時$220 - 260,將軍澳(上門補習),2026-06-03 21:29:45,：地鐵行3 分鐘,一星期1堂,每堂1小時,：,： 不接受視像,0-5位導師,4/6/2026 上午1:24:07
220822,小三,數學(中文),每小時$180 - 220,青衣(上門補習),2026-06-03 21:24:53,：青泰苑,一星期4堂,每堂1.5小時,,,16-20位導師,4/6/2026 上午1:24:08
220820,中五,化學(英文),每小時$280 - 320,大角咀(上門補習),2026-06-03 21:20:36,：港灣豪庭,一星期1堂,每堂2小時,"：星期一 1700-1900, 星期二 1700-1900, 星期三 1700-1900, 導師必須在以上時段補習","： 提供筆記, 針對學生弱項, 幫助操練, 期望最快上課時間:3天內,不接受視像",11-15位導師,4/6/2026 上午1:24:10
220821,中五,會計(英文),每小時$200 - 220,九龍城(上門補習),2026-06-03 21:19:57,：益丰大厦,一星期2堂,每堂2小時,"：星期一 1500-1700, 星期二 1500-1700, 星期三 1500-1700, 星期四 1500-1700, 星期五 1500-1700, 星期六 1100-1000, 星期日 1500-1700, 時間可再商議","： 提供筆記, 提供練習／試題, 无,期望最快上課時間:3天內,粵語授課、普通話授課,不接受視像",0-5位導師,4/6/2026 上午1:24:11
220819,中一,英文,每小時$$190 - 240,坑口(上門補習),2026-06-03 20:10:41,：裕明苑,一星期1堂,每堂1.5小時,,"： 有經驗, 英文作文,不接受視像",0-5位導師,4/6/2026 上午1:24:13
220818,小二,全科(中文),每小時$140 - 190,大埔(上門補習),2026-06-03 20:06:01,：大埔比華利山別墅萊茵道**屋,一星期2堂,每堂2小時,,"： 期望最快上課時間:3天內,粵語授課,不接受視像",6-10位導師,4/6/2026 上午1:24:14
220816,25-30歲,英文,每小時$270,屯門(公眾地方),2026-06-03 18:55:46,：屯門巿廣場、V city,一星期1堂,每堂1.5小時,"：星期一 1200-1700, 星期二 1200-1700, 星期三 1200-1700, 星期四 1200-1700, 星期五 1200-1700, 星期六 1200-1700, 時間可再商議","： 提供筆記, 提升寫作能力, 成人學生，但英文只有小學程度，期望學習基本英語文法及提升寫作能力,期望最快上課時間:2星期內,粵語授課,不接受視像",0-5位導師,4/6/2026 上午1:24:15
220815,中一,鋼琴,每小時$20 - 460,天后(上門補習),2026-06-03 18:51:50,：Dragon Terrace,一星期1堂,每堂1小時,"：星期五 6:30-7:00, 星期六 9:00-10:00, 時間可再商議","： 有愛心, 有耐性, 不接受視像,期望最快上課時間:3天內",0-5位導師,4/6/2026 上午1:24:17
220814,中五,中文,每小時$160 - 230,"秀茂坪,觀塘,調景嶺(公眾地方)",2026-06-03 18:44:47,,一星期1堂,每堂4小時,"：星期四 14-17, 星期六 1315-1615, 星期日 7-12, 時間可再商議","： 有耐性, 期望最快上課時間:3天內,不接受視像",11-15位導師,4/6/2026 上午1:24:18
220813,K3,英文,每小時$180,上水(上門補習),2026-06-03 18:29:40,：上水彩石邨耀石樓***室,一星期1堂,每堂1小時,：,： 不接受視像,6-10位導師,4/6/2026 上午1:24:20
220810,中一,中文,每小時$210 - 250,鴨脷洲(上門補習),2026-06-03 18:07:27,：凱玥,一星期2堂,每堂2小時,"：星期二 600-700, 星期日 800-1000, 時間可再商議","： 有耐性, 無,期望最快上課時間:一個月內,普通話授課,不接受視像",0-5位導師,4/6/2026 上午1:24:21
220812,小四,英文,每小時$170 - 210,金鐘(上門補習),2026-06-03 18:07:19,：羅便臣道,一星期2堂,每堂1.5小時,"：星期二 1600-1700, 星期三 1600-1700, 時間可再商議","： 期望最快上課時間:一個月內,粵語授課、全英文授課,不接受視像",11-15位導師,4/6/2026 上午1:24:22
220808,中四,數學(中文),每小時$180 - 220,秀茂坪(上門補習),2026-06-03 17:29:08,：安達村,一星期2堂,每堂1.5小時,"：星期一 1700/1800, 星期五 1700-1800, 導師必須在以上時段補習","： 嚴格, 有耐性, 有經驗, 期望最快上課時間:3天內,粵語授課,不接受視像",16-20位導師,4/6/2026 上午1:24:24
220807,中四,英文,每小時$200 - 240,秀茂坪(公眾地方),2026-06-03 17:09:25,：安達邨,一星期1堂,每堂1.5小時,"：星期二 1630-1800, 時間可再商議","： 期望最快上課時間:3天內,粵語授課、全英文授課,不接受視像",6-10位導師,4/6/2026 上午1:24:25
220806,小二,"中文,英文",每小時$150 - 180,青衣(上門補習),2026-06-03 16:52:42,：涌尾老屋村,一星期2堂,每堂2小時,"：星期一 1600-1800, 星期六 1000-1200, 時間可再商議","： 有耐性, 住青衣或附近的導師；期望最快上課時間:一個月內,粵語授課,不接受視像",11-15位導師,4/6/2026 上午1:24:27
220801,大專或以上 Hku space Year 2,數學(英文),每小時$180 - 220,大埔(上門或視像皆可),2026-06-03 15:39:32,：大元邨,一星期2堂,每堂2小時,"：星期一 1500-1800, 星期二 1500-1800, 星期四 1500-1800, 星期五 1500-1800, 星期日 1500-1800, 時間可再商議","： , 期望最快上課時間:2星期內,粵語授課、普通話授課",11-15位導師,4/6/2026 上午1:24:28
220802,大專或以上 Hku space Year 2,中史,每小時$180 - 220,大埔(上門或視像皆可),2026-06-03 15:39:32,：大元邨,一星期2堂,每堂2小時,"：星期一 1500-1800, 星期二 1500-1800, 星期四 1500-1800, 星期五 1500-1800, 星期日 1500-1800, 時間可再商議","： , 期望最快上課時間:2星期內,粵語授課、普通話授課",0-5位導師,4/6/2026 上午1:24:30
220803,大專或以上 Hku space Year 2,中文,每小時$180 - 220,大埔(上門或視像皆可),2026-06-03 15:39:32,：大元邨,一星期2堂,每堂2小時,"：星期一 1500-1800, 星期二 1500-1800, 星期四 1500-1800, 星期五 1500-1800, 星期日 1500-1800, 時間可再商議","： , 期望最快上課時間:2星期內,粵語授課、普通話授課",0-5位導師,4/6/2026 上午1:24:31
220830,中六,IELTS,每小時$230 - 300,視像補習,2026-06-04 01:30:13,,一星期2堂,每堂2小時,"：星期一 12:00-17:00, 星期二 12:00-17:00, 星期三 12:00-17:00, 星期四 12:00-17:00, 星期五 12:00-17:00, 星期日 12:00-17:00, 時間可再商議","： 提供筆記, 提供練習／試題, 幫助操練, 預計一個月之後會考ielts，本身底子唔差不過未到好top嗰啲，希望最後可以overall至少攞到7.0🥹,期望最快上課時間:3天內",0-5位導師,4/6/2026 上午4:36:55
220831,中二 (2人),英文,每小時$180,秀茂坪(上門補習),2026-06-04 06:34:06,：安泰邨,一星期2堂,每堂2小時,"：星期四 1700-1900, 星期日 1100-1300, 導師必須在以上時段補習","： 期望最快上課時間:一個月內,全英文授課,家長需以wechat聯絡,不接受視像",0-5位導師,4/6/2026 上午6:52:48
220832,中五,中文,每小時$200 - 340,視像補習,2026-06-04 08:03:03,,一星期1堂,每堂1.5小時,"：星期一 2000-2200, 星期六 1400-1800, 導師必須在以上時段補習","： 提供筆記, 長補, 互動教學, 文言文好低分,期望最快上課時間:一個月內,普通話授課",0-5位導師,4/6/2026 上午8:28:59
220844,中五,旅遊與款待(中文),每小時$200 - 260,視像補習,2026-06-04 13:07:33,,一星期1堂,每堂1.5小時,,"： 嚴格, 有耐性, 提供筆記, 【內地補習機構找視像補習導師教學，一對一補習（學生對象可能有變動），要5**已經畢業的導師, 需流利普通話教學，會用到微信溝通，月繳為主(payment team可以商量)】，普通話授課",0-5位導師,4/6/2026 下午1:25:16
220843,小二,全科(中文),每小時$160 - 190,屯門(上門補習),2026-06-04 13:01:30,：青福里,一星期5堂,每堂2小時,：,"： 其他, 主要想係全科，做埋功課，【可分兩位導師夾一星期時間】8月開始，不接受視像",0-5位導師,4/6/2026 下午1:25:17
220842,中三,"物理(英文),化學(英文)",每小時$220,屯門(上門補習),2026-06-04 13:00:51,：兆康苑兆偉閣,一星期2堂,每堂2小時,"：星期六 1430-1630, 時間可再商議","： 有耐性, 期望最快上課時間:3天內,粵語授課,不接受視像",0-5位導師,4/6/2026 下午1:25:18
220841,小五,英文,每小時$220 - 260,粉嶺(視像補習),2026-06-04 12:30:11,：碧湖花園,一星期1堂,每堂1小時,：,： 主要補作文同說話,0-5位導師,4/6/2026 下午1:25:19
220840,中三,數學(英文),每小時$160 - 200,荔枝角(上門補習),2026-06-04 11:30:54,：昇悅居,一星期2堂,每堂1.5小時,"：星期一 1700-1815, 星期二 1700-1815, 星期三 1700-1815, 星期六 1500-1615, 星期日 1630-1745, 導師必須在以上時段補習","： 期望最快上課時間:1個月後,粵語授課、全英文授課,不接受視像",11-15位導師,4/6/2026 下午1:25:21
220839,25-30歲,中文,每小時$180 - 300,沙田(公眾地方),2026-06-04 11:12:50,：沙田圍,一星期1堂,每堂2小時,"：星期六 1500-1600, 時間可再商議","： 提供筆記, retake下年DSE，輪班工作,期望最快上課時間:一個月內,粵語授課,不接受視像",0-5位導師,4/6/2026 下午1:25:22
220838,小一,全科(中文),每小時$190 - 300,屯門(上門補習),2026-06-04 11:05:03,：龍門居 輕鐵站5分鐘,一星期2堂,每堂2小時,"：星期一 1700-1900, 星期三 1700-1900, 時間可再商議","： 有耐性, 提供練習／試題, 長補, 期望最快上課時間:一個月內,粵語授課,有特殊學習需要,不接受視像",6-10位導師,4/6/2026 下午1:25:23
220837,小六,中文,每小時$150 - 190,天后(上門補習),2026-06-04 10:52:37,：銅鑼灣道,一星期2堂,每堂1.5小時,"：星期一 0900-1000, 星期二 0900-1000, 星期四 0900-1000, 星期五 0900-1000, 時間可再商議","： 有耐性, 互動教學, 提升閱讀能力, 期望最快上課時間:1個月後,粵語授課、普通話授課,不接受視像",6-10位導師,4/6/2026 下午1:25:24
220836,小一,全科(中文),每小時$140 - 180,灣仔(上門補習),2026-06-04 10:30:46,：bamboo grove,一星期2堂,每堂1.5小時,"：星期一 1800-1900, 星期三 1800-1900, 星期四 1800-1900, 時間可再商議","： 有愛心, 指導功課, 期望最快上課時間:2星期內,粵語授課,不接受視像",6-10位導師,4/6/2026 下午1:25:26
220835,中二,英文,每小時$180 - 220,"調景嶺,將軍澳,坑口,寶琳,康城(公眾地方)",2026-06-04 10:09:22,：商場,一星期2堂,每堂2小時,"：星期二 1500, 星期三 1500, 星期四 1500, 星期五 1500, 時間可再商議","： 提供練習／試題, 有經驗, 互動教學, 期望最快上課時間:1個月後,粵語授課、全英文授課,急單補習(需要在兩天內開始上第一堂課),不接受視像",6-10位導師,4/6/2026 下午1:25:27
220834,中二,數學(英文),每小時$210 - 250,屯門(上門補習),2026-06-04 09:55:45,：愛琴海岸,一星期1堂,每堂1.5小時,"：星期日 1500-1630, 時間可再商議","： 長補, 有經驗, 期望最快上課時間:1個月後,粵語授課,不接受視像",11-15位導師,4/6/2026 下午1:25:28
220833,小一,中文,每小時$140 - 190,九龍城(上門補習),2026-06-04 08:27:37,：界限街(mtr * min walk),一星期2堂,每堂1.5小時,"：星期二 1700-1900, 星期三 1700-1900, 星期日 1500-1800, 時間可再商議","： 嚴格, 引起學生學習興趣, 期望最快上課時間:7天內,粵語授課,不接受視像",0-5位導師,4/6/2026 下午1:25:30
220852,小二,中文,每小時$140 - 180,筲箕灣(上門補習),2026-06-04 16:59:25,：東泰大廈,一星期2堂,每堂1.5小時,"：星期二 14-15, 星期四 14-15, 時間可再商議","： 期望最快上課時間:2星期內,粵語授課,不接受視像",0-5位導師,4/6/2026 下午5:12:29
220851,40+歲,英文,每小時$220 - 260,長沙灣(公眾地方),2026-06-04 16:36:23,：聯邦商場,一星期1堂,每堂1.5小時,"：星期六 1000-1200, 時間可再商議","： 提供筆記, 提供練習／試題, 長補, 沒有,期望最快上課時間:1個月後,全英文授課,不接受視像",0-5位導師,4/6/2026 下午5:12:30
220850,小二,鋼琴,每小時$180,第一城(上門補習),2026-06-04 16:00:05,：沙田欣廷軒,一星期1堂,每堂1小時,,"： 星期六/日 時間可再夾 初學,不接受視像",0-5位導師,4/6/2026 下午5:12:31
220849,小五,英文,每小時$160 - 220,銅鑼灣(上門補習),2026-06-04 15:52:59,：怡和街*號香港大廈,一星期2堂,每堂2小時,"：星期六 1200-1800, 星期日 1600-1900, 導師必須在以上時段補習",： 小五英文補底老師，因學生基礎薄弱，需由淺入深。要求導師極具耐性，唔好只係對答案，要有系統咕清Grammar概念，並提供簡易練習,0-5位導師,4/6/2026 下午5:12:32
220848,小六,英文,每小時$220 - 260,元朗(上門補習),2026-06-04 15:47:35,：俊宏軒,一星期2堂,每堂2小時,"：星期一 1200-1700, 星期二 1200-1700, 星期三 1200-1700, 星期四 1200-1700, 星期五 1200-1700, 星期六 1200-1700, 星期日 1200-1700, 時間可再商議","： 期望最快上課時間:3天內,粵語授課、全英文授課",6-10位導師,4/6/2026 下午5:12:33
220846,K3,拼音 Phonics(英文),每小時$230 - 450,牛池灣(上門補習),2026-06-04 14:55:07,：嘉峰台,一星期1堂,每堂1小時,"：星期三 1730-1830, 時間可再商議","： 有耐性, 提供練習／試題, 上門,期望最快上課時間:一個月內,不接受視像",0-5位導師,4/6/2026 下午5:12:34
220845,N班,英文,每小時$180 - 220,大角咀(上門補習),2026-06-04 14:52:08,：One SilverSea,一星期2堂,每堂1小時,"：星期二 3:45-4:45, 星期四 3:45-4:45, 導師必須在以上時段補習","： 有耐性, 有愛心, 長補, 5月26及28 1545-1645試堂，如合適逢星期二四上堂，導師必須要有幼兒教學經驗；教3歲，不接受視像",0-5位導師,4/6/2026 下午5:12:35
220857,中二,英文,每小時$180 - 220,油塘(上門補習),2026-06-04 20:21:49,：九龍油塘油麗邨雅麗樓****,一星期2堂,每堂1小時,,,0-5位導師,4/6/2026 下午8:21:58
220856,中五,生物(中文),每小時$250,屯門(上門補習),2026-06-04 20:05:28,：大興花園,一星期2堂,每堂1.5小時,"：星期一 1700-1900, 星期二 1700-1900, 星期三 1700-1900, 星期四 1700-1900, 星期五 1700-1900, 星期六 1700-1900, 星期日 1700-1900, 時間可再商議","： 提供筆記, 針對學生弱項, 期望最快上課時間:7天內,粵語授課",0-5位導師,4/6/2026 下午8:21:59
220855,中五,生物(英文),每小時$200 - 240,荃灣(上門補習),2026-06-04 19:19:21,：荃灣海之戀九座**樓B室,一星期2堂,每堂1.5小時,,,0-5位導師,4/6/2026 下午8:22:00
220853,小五,全科(英文),每小時$150 - 190,大角咀(上門補習),2026-06-04 17:08:28,：維港灣,一星期2堂,每堂1.5小時,"：星期一 1730-1900, 星期三 1730-1900, 時間可再商議","： 有耐性, 有愛心, 指導功課, 期望最快上課時間:1個月後,粵語授課,有特殊學習需要,不接受視像",6-10位導師,4/6/2026 下午8:22:02
220863,中四,英文,每小時$200 - 240,視像補習,2026-06-04 23:27:05,,一星期2堂,每堂2小時,"：星期六 1400-1600, 星期日 1400-1600, 時間可再商議","： 期望最快上課時間:2星期內,粵語授課",6-10位導師,4/6/2026 下午11:56:25
220862,中六,英文,每小時$230,沙田(公眾地方),2026-06-04 23:21:46,：Starbucks,一星期1堂,每堂1.5小時,"：星期三 1800-1930, 時間可再商議","： 期望最快上課時間:3天內,粵語授課、全英文授課,不接受視像",0-5位導師,4/6/2026 下午11:56:26
220861,K3,英文,每小時$300 - 350,觀塘(上門補習),2026-06-04 22:51:49,：凱𣿬,一星期1堂,每堂1小時,：,"： story telling, show and tell, reading,不接受視像",0-5位導師,4/6/2026 下午11:56:27
220860,中四,化學(英文),每小時$260 - 280,深水埗(上門補習),2026-06-04 22:17:34,：冠奇大廈,一星期3堂,每堂1.5小時,"：星期四 1400-1800, 星期五 1400-1800, 星期六 1400-1800, 導師必須在以上時段補習",： 期望最快上課時間:3天內,6-10位導師,4/6/2026 下午11:56:29
220859,小一,全科(英文),每小時$190 - 230,屯門(上門補習),2026-06-04 21:54:57,：豫豐花園,一星期1堂,每堂2小時,"：星期一 10-11, 星期三 10-11, 時間可再商議","： 期望最快上課時間:一個月內,全英文授課,不接受視像",0-5位導師,4/6/2026 下午11:56:30
220858,小一,英文,每小時$210 - 350,屯門(上門補習),2026-06-04 21:48:46,：豫豐花園,一星期1堂,每堂2小時,"：星期一 10-12, 星期四 10-12, 時間可再商議","： 期望最快上課時間:1個月後,全英文授課,不接受視像",11-15位導師,4/6/2026 下午11:56:32
220865,中五,數學(英文),每小時$250,天水圍(上門補習),2026-06-05 01:33:50,：天晴邨晴滿樓,一星期2堂,每堂1.5小時,"：星期一 1630-18, 星期二 1630-18, 星期三 1630-18, 星期四 1630-18, 星期五 1630-18, 星期六 14-18, 星期日 14-18, 時間可再商議","： 有耐性, 提供筆記, 提供練習／試題, 期望最快上課時間:7天內,粵語授課,不接受視像",6-10位導師,5/6/2026 上午2:24:19
220864,自修生,Chemistry(英文),每小時$550 - 700,西環(公眾地方),2026-06-05 00:17:42,,一星期1堂,每堂1.5小時,"：星期一 1000-1530, 星期二 1000-2200, 星期三 1000-1530, 星期四 1000-1500, 星期五 1000-1530, 星期六 1800-2200, 星期日 1000-1600, 時間可再商議","： 期望最快上課時間:2星期內,會考慮HKDSE導師,急單補習(需要在兩天內開始上第一堂課),不接受視像",0-5位導師,5/6/2026 上午2:24:21
220867,中一,中文,每小時$210 - 250,屯門(上門補習),2026-06-05 09:31:56,：豫豐花園,一星期1堂,每堂1.5小時,"：星期四 1500-1630, 導師必須在以上時段補習","： 有耐性, 有愛心, 有經驗, 上課需戴口罩, DSE 中作5*以上,期望最快上課時間:一個月內,粵語授課,不接受視像",0-5位導師,5/6/2026 上午9:52:45
220866,中四,生物(英文),每小時$180 - 220,視像補習,2026-06-05 09:19:03,,一星期1堂,每堂1.5小時,"：星期一 1700, 星期二 1700, 星期三 1700, 時間可再商議","： 有耐性, 提供筆記, 提供練習／試題, 期望最快上課時間:一個月內,粵語授課、全英文授課",0-5位導師,5/6/2026 上午9:52:46
220875,K3,中文,每小時$140 - 180,旺角(上門補習),2026-06-05 14:16:50,：太子荔枝角道 **-**號 寶豐樓 *樓C室,一星期4堂,每堂2小時,,,0-5位導師,5/6/2026 下午2:19:47
220874,小二,數學(中文),每小時$150 - 180,柴灣(上門補習),2026-06-05 13:54:54,：康翠臺,一星期1堂,每堂1.5小時,,： 不接受視像,6-10位導師,5/6/2026 下午2:19:48
220873,year1,英文,每小時$220 - 350,"香港仔,鴨脷洲(上門補習)",2026-06-05 13:18:07,：海怡半島,一星期1堂,每堂1小時,：,"： ESF國際學校year 1四歲半；學費視乎導師教學經驗及學歷與成績；有幼兒phonics經驗者請備註告知,不接受視像",0-5位導師,5/6/2026 下午2:19:49
220872,小六 (2人),"中文,數學(中文)",每小時$120,馬鞍山(上門補習),2026-06-05 13:07:55,：富安花園,一星期2堂,每堂1.5小時,：,"： 提供練習／試題, 不接受視像；其中一位小朋友有輕微閱讀障礙",0-5位導師,5/6/2026 下午2:19:51
220871,中二,數學(英文),每小時$160 - 200,大埔(上門補習),2026-06-05 12:40:27,：滌濤山,一星期2堂,每堂1.5小時,"：星期二 1730-1900, 時間可再商議","： 期望最快上課時間:7天內,粵語授課、全英文授課,不接受視像",6-10位導師,5/6/2026 下午2:19:52
220870,中二,綜合科學(英文),每小時$180 - 220,大埔(上門補習),2026-06-05 11:42:12,：滌濤山,一星期2堂,每堂1.5小時,"：星期二 1700-1800, 時間可再商議","： 長補, 細心, 緊貼學校進度, 期望最快上課時間:7天內,粵語授課、全英文授課,不接受視像",0-5位導師,5/6/2026 下午2:19:53
220868,K3,全科(中文),每小時$190 - 230,元朗(上門補習),2026-06-05 10:18:09,：鉅發大廈,一星期1堂,每堂1.5小時,：,： 不接受視像,6-10位導師,5/6/2026 下午2:19:55
220869,小四,英文,每小時$220 - 260,天水圍(上門補習),2026-06-05 10:16:00,：麗湖居,一星期2堂,每堂2小時,"：星期一 1530-1730, 星期二 1530-1730, 星期三 1530-1730, 星期四 1530-1730, 星期五 1530-1730, 時間可再商議","： 有耐性, 提供筆記, 有愛心, 期望最快上課時間:1個月後,粵語授課、全英文授課,不接受視像",6-10位導師,5/6/2026 下午2:19:56
220886,中五,英文,每小時$270 - 310,青衣(上門或視像皆可),2026-06-05 18:24:47,：青衣,一星期1堂,每堂1.5小時,,,0-5位導師,5/6/2026 下午6:29:15
220885,中六,中文,每小時$210 - 250,西灣河(上門補習),2026-06-05 17:47:12,：東霖苑,一星期1堂,每堂2小時,"：星期一 0900-1200, 星期二 0900-1200, 星期三 0900-1200, 星期四 0900-1200, 星期五 0900-1200, 導師必須在以上時段補習","： 提供筆記, 提供練習／試題, 女導師，有耐性，7及8月暑假開始,期望最快上課時間:一個月內,粵語授課,不接受視像",0-5位導師,5/6/2026 下午6:29:16
220884,小二,英文,每小時$160 - 350,荃灣(上門補習),2026-06-05 16:34:55,：綠楊新邨,一星期1堂,每堂1.5小時,"：星期二 1600-1700, 時間可再商議","： 期望最快上課時間:一個月內,全英文授課,不接受視像",11-15位導師,5/6/2026 下午6:29:17
220883,year8,數學(英文),每小時$250,荔枝角(上門補習),2026-06-05 16:25:10,：荔枝角（本人辦公室）近地鐵站,一星期1堂,每堂2小時,：星期四 4:00-6:00pm,： 不接受視像,6-10位導師,5/6/2026 下午6:29:18
220882,中五,"數學(中文),英文",每小時$250,荔枝角(上門補習),2026-06-05 16:23:15,：荔枝角（本人辦公室）近地鐵站,一星期1堂,每堂2小時,：星期五 4:00-6:00,： 不接受視像,16-20位導師,5/6/2026 下午6:29:19
220881,小五,中文,每小時$150 - 190,沙田(上門補習),2026-06-05 15:50:16,：濱景花園,一星期1堂,每堂1.5小時,,,6-10位導師,5/6/2026 下午6:29:20
220879,國際學校 GRADE 8,Mathematics(英文),每小時$330 - 400,太古城(上門補習),2026-06-05 15:40:33,：Taikoo Shing,一星期1堂,每堂1.5小時,"：星期一 10-14, 星期二 10-14, 星期三 10-14, 星期四 10-14, 星期五 10-14, 時間可再商議","： 有經驗, 現職/曾任中小學教師, 了解學生不足, 接受視像,期望最快上課時間:1個月後, CDNIS GRADE 8 going to grade 9, 暑假期間佢想上多幾堂，可能Intense啲一個禮拜上幾堂之後開咗學就一個星期一堂, 不接受視像",0-5位導師,5/6/2026 下午6:29:22
220878,中一,數學(英文),每小時$160 - 200,坑口(公眾地方),2026-06-05 15:11:23,：東港城,一星期2堂,每堂1.5小時,"：星期五 1500-1600, 時間可再商議","： 提供筆記, 期望最快上課時間:一個月內,全英文授課,不接受視像",11-15位導師,5/6/2026 下午6:29:23
220877,小二,中文,每小時$140 - 180,鰂魚涌(上門補習),2026-06-05 14:35:30,：惠安苑,一星期2堂,每堂2小時,"：星期二 1800-2000, 星期五 1800-2000, 時間可再商議","： 嚴格, 程度差,期望最快上課時間:7天內,粵語授課,不接受視像",6-10位導師,5/6/2026 下午6:29:25
220889,小一,全科(中文),每小時$180,烏溪沙(上門補習),2026-06-05 21:11:19,：井頭村,一星期3堂,每堂1.5小時,"：星期一 1700-1830, 星期四 1700-1830, 星期五 1700-1830, 導師必須在以上時段補習","： 有耐性, 有教SEN經驗( $30/hr 起), 願意支付額外交通金額(HKD): 20.00, 讀寫障礙,期望最快上課時間:1個月後,粵語授課,有特殊學習需要,不接受視像",0-5位導師,5/6/2026 下午9:38:56
220888,中五,數學(中文),每小時$200 - 550,大埔(公眾地方),2026-06-05 20:25:29,,一星期2堂,每堂2小時,"：星期五 1400-1800, 星期六 1000-1800, 星期日 1000-1800, 時間可再商議","： 提供筆記, 有經驗, 主要困難為中五課題不熟悉,遇到新題型會緊張冇思路, 可接受視像補習＆現重點針對15/6校內考試,期望最快上課時間:7天內,粵語授課、普通話授課,效果理想會長補，想補12-14/6連續三日，不接受視像",11-15位導師,5/6/2026 下午9:38:58
220893,中二,英文,每小時$180 - 220,將軍澳(上門補習),2026-06-05 23:07:07,：日出康城,一星期2堂,每堂1.5小時,"：星期一 1800-1930, 星期四 1815-1945, 時間可再商議","： 期望最快上課時間:1個月後,全英文授課,不接受視像",0-5位導師,6/6/2026 上午12:18:01
220892,中五 (2人),"中文,英文",每小時$100 - 300,"北角,炮台山,太古城(公眾地方)",2026-06-05 22:21:18,,一星期1堂,每堂1.5小時,"：星期二 10:30-12:00, 星期四 10:30-12:00, 時間可再商議","： 提供筆記, 提升解題技巧, 針對學生弱項, 期望最快上課時間:一個月內",6-10位導師,6/6/2026 上午12:18:02
220891,中六 (2人),中文,每小時$210,北角(公眾地方),2026-06-05 22:13:31,,一星期1堂,每堂1.5小時,"：星期四 1030-1200, 時間可再商議","： 針對學生弱項, 提升閱讀能力, 提升寫作能力, -寫文離題，閱讀靠feel，缺乏應試技巧,期望最快上課時間:一個月內,粵語授課,不接受視像",6-10位導師,6/6/2026 上午12:18:04
220890,中六 (2人),英文,每小時$230,北角(公眾地方),2026-06-05 22:05:18,,一星期1堂,每堂1.5小時,"：星期二 1030-1130, 星期四 1030-1130, 時間可再商議","： 嚴格, 有耐性, 提供練習／試題, -語法差，詞彙量低，應試能力不足,期望最快上課時間:一個月內,粵語授課,不接受視像",11-15位導師,6/6/2026 上午12:18:05
220894,小三,數學(中文),每小時$130 - 150,視像補習,2026-06-06 00:29:35,,一星期1堂,每堂1小時,"：星期日 1430-1530, 時間可再商議","： 有耐性, 提供筆記, 提供練習／試題, 期望最快上課時間:3天內,粵語授課",6-10位導師,6/6/2026 上午2:18:00
220905,中五,中文,每小時$200 - 240,奧運(上門補習),2026-06-06 11:31:31,：地鐵站行5分鐘,一星期1堂,每堂2小時,"：星期日 1500-1700, 導師必須在以上時段補習","： 中文根基不好,期望最快上課時間:1個月後,粵語授課,不接受視像",0-5位導師,6/6/2026 下午12:32:11
220903,國際學校 year12,"English(B)(英文),Mathematics HL(英文),Economics(英文)",每小時$400 - 500,九龍塘(上門補習),2026-06-06 10:47:55,：畢架山一號,一星期2堂,每堂2小時,"：星期二 730-930, 星期四 730-930, 時間可再商議","： 要IB 40分以上的導師；期望最快上課時間:2星期內,不接受視像",0-5位導師,6/6/2026 下午12:32:12
220902,國際學校 year12,"Chemistry SL(英文),Business Studies(英文),Chinese(A)SL(英文)",每小時$400 - 500,九龍塘(上門補習),2026-06-06 10:46:16,：畢架山一號,一星期2堂,每堂2小時,"：星期二 730-930, 星期四 730-930, 時間可再商議","： 要IB 40分以上的導師；期望最快上課時間:2星期內,不接受視像",0-5位導師,6/6/2026 下午12:32:13
220901,國際學校 year11,Geography(英文),每小時$380 - 450,杏花邨(上門補習),2026-06-06 10:21:45,：杏花邨,一星期1堂,每堂2小時,"：星期四 1600-1900, 星期五 1600-1900, 星期六 1600-1900, 星期日 1600-1900, 時間可再商議",： 期望最快上課時間:7天內,0-5位導師,6/6/2026 下午12:32:15
220900,小五,中文,每小時$150 - 200,馬鞍山(上門補習),2026-06-06 10:13:35,：耀安村,一星期1堂,每堂1.5小時,,"： 有耐性, 提供筆記, 提供練習／試題, 【普教中】嚴格要求小朋友溫書,長需求,不接受視像",0-5位導師,6/6/2026 下午12:32:16
220898,中一,"數學(英文),西史(英文)",每小時$160 - 200,黃大仙(上門補習),2026-06-06 09:56:15,：安利大廈,一星期2堂,每堂2小時,"：星期一 1600-1800, 星期二 1600-1800, 星期三 1600-1800, 星期四 1600-1800, 星期五 1600-1800, 時間可再商議","： 住附近的導師；ADHD,期望最快上課時間:3天內,粵語授課,有特殊學習需要,不接受視像",0-5位導師,6/6/2026 下午12:32:17
220899,中四,數學(中文),每小時$250,青衣(上門補習),2026-06-06 09:53:51,：青泰苑,一星期1堂,每堂2小時,"：星期日 1030-1230, 時間可再商議","： 期望最快上課時間:一個月內,粵語授課,不接受視像",6-10位導師,6/6/2026 下午12:32:19
220897,中三,中文,每小時$200 - 250,青衣(上門補習),2026-06-06 09:48:32,：青衣明翹匯,一星期1堂,每堂1.5小時,：,： 不接受視像；讀中文系優先,0-5位導師,6/6/2026 下午12:32:20
220896,中五,會計(英文),每小時$200,視像補習,2026-06-06 09:29:57,,一星期1堂,每堂1小時,"：星期一 2100-2200, 星期二 2100-2200, 星期三 2100-2200, 星期四 2100-2200, 時間可再商議","： 引起學生學習興趣, 期望最快上課時間:一個月內,粵語授課",6-10位導師,6/6/2026 下午12:32:21
220895,國際學校 year9,數學(英文),每小時$400,大埔(上門補習),2026-06-06 08:13:48,：比華利山,一星期1堂,每堂1.5小時,"：星期五 1600-1730, 時間可再商議","： 提供筆記, 提供練習／試題, 長補, 期望最快上課時間:2星期內,粵語授課、全英文授課,會考慮HKDSE導師,不接受視像",6-10位導師,6/6/2026 下午12:32:22
220909,小四,全科(中文),每小時$160 - 190,上水(上門補習),2026-06-06 14:48:22,：上水天平邨,一星期2堂,每堂2小時,"：星期一 1630-1839, 星期二 1630-1830, 星期四 1630-1830, 星期六 1000-1200, 時間可再商議","： 有耐性, 提供練習／試題, 有愛心, 期望最快上課時間:一個月內,粵語授課,不接受視像",6-10位導師,6/6/2026 下午3:35:40
220908,中五,化學(中文),每小時$200 - 240,視像補習,2026-06-06 14:27:10,,一星期2堂,每堂1.5小時,"：星期六 1100-1200, 星期日 1100-1200, 時間可再商議","： 期望最快上課時間:3天內,粵語授課、普通話授課",6-10位導師,6/6/2026 下午3:35:41
220907,小五,全科(中文),每小時$200 - 300,元朗(上門補習),2026-06-06 14:10:31,：入建花園*期,一星期1堂,每堂1.5小時,"：星期六 1500-1900, 星期日 1900-2000, 時間可再商議","： 嚴格, 有耐性, 願意支付額外交通金額(HKD): 20.00, 程度弱，ADHD,期望最快上課時間:2星期內,粵語授課,有特殊學習需要,不接受視像",6-10位導師,6/6/2026 下午3:35:42
220906,中三,綜合科學(中文),每小時$200 - 280,視像補習,2026-06-06 13:12:17,,一星期1堂,每堂1.5小時,"：星期一 2030-2200, 星期二 2030-2230, 星期三 2030-2200, 星期四 2030-2200, 星期五 2030-2300, 星期六 1200-2300, 星期日 1500-1800, 導師必須在以上時段補習","： 有耐性, 提供筆記, 互動教學, 學生理解能力有限,期望最快上課時間:7天內,粵語授課",6-10位導師,6/6/2026 下午3:35:44
220914,adult & 6 years old,Chinese(Simplified),每小時$250 - 300,西灣河(上門補習),2026-06-06 17:36:44,：Grand Promenade,一星期2堂,每堂1.5小時,,"： I learn 2-4months first(Foreign expat, Male) afterwards my son will learn(6years old) Beginner level for a daily conversation,不接受視像",0-5位導師,6/6/2026 下午5:37:20
220913,中五,化學(中文),每小時$250 - 280,青衣(公眾地方),2026-06-06 17:22:58,：青衣城*期Starbucks,一星期2堂,每堂2小時,"：星期五 1630-1800, 星期六 1630-1800, 時間可再商議","： 有耐性, 針對學生弱項, 了解學生不足, 程度大概是Level1-2,期望最快上課時間:7天內,粵語授課,不接受視像",0-5位導師,6/6/2026 下午5:37:21
220912,K2,英文,每小時$400 - 500,葵涌(上門補習),2026-06-06 16:37:09,：嘉翠園,一星期1堂,每堂1小時,：,"： 不接受視像【只需要NET導師】, 需要有教小朋友的經驗，最好有教升小面試的導師",0-5位導師,6/6/2026 下午5:37:22
220911,year9,Mathematics SL(英文),每小時$330 - 500,銅鑼灣(上門補習),2026-06-06 16:16:35,：蟾宮大廈,一星期1堂,每堂2小時,"：星期三 1400-1500, 時間可再商議","： 有耐性, 上課不可以玩手機, 讀寫障礙,期望最快上課時間:7天內,有特殊學習需要,會考慮HKDSE導師,不接受視像",0-5位導師,6/6/2026 下午5:37:23
220910,N班,中文,每小時$190,薄扶林(上門補習),2026-06-06 15:52:35,：美景台,一星期2堂,每堂1.5小時,"：星期一 1600-1700, 星期二 1600-1700, 星期五 1600-1700, 時間可再商議","： 有耐性, 想小朋友習慣聽普通話,期望最快上課時間:一個月內,普通話授課,不接受視像",0-5位導師,6/6/2026 下午5:37:25
220918,中一,"數學(英文),西史(英文)",每小時$160 - 200,黃大仙(上門補習),2026-06-06 19:05:56,：安利大廈,一星期1堂,每堂2小時,"：星期一 1600-1800, 星期二 1600-1800, 星期三 1600-1800, 星期四 1600-1800, 星期五 1600-1800, 時間可再商議","： 住附近的導師；ADHD,期望最快上課時間:3天內,粵語授課,有特殊學習需要,不接受視像",0-5位導師,6/6/2026 下午7:10:59
220917,中二,英文,每小時$180 - 280,柴灣(公眾地方),2026-06-06 18:56:14,,一星期2堂,每堂2小時,"：星期一 1400-2000, 星期二 1400-2000, 星期三 1400-2000, 星期四 1400-2000, 星期五 1400-2000, 星期六 1400-2000, 星期日 1400-2000, 時間可再商議","： 有經驗, 針對學生弱項, 期望最快上課時間:3天內,粵語授課、普通話授課,不接受視像",0-5位導師,6/6/2026 下午7:11:00
220916,中五,資訊及通訊科技(中文),每小時$220 - 260,馬鞍山(公眾地方),2026-06-06 18:16:06,：恆安,一星期2堂,每堂2小時,"：星期一 4-7pm, 星期三 4-7pm, 星期日 2-6pm, 導師必須在以上時段補習",： 不接受視像,0-5位導師,6/6/2026 下午7:11:01
220915,year9,English(B)(英文),每小時$330 - 900,沙田(上門或視像皆可),2026-06-06 17:41:12,：碧濤,一星期2堂,每堂2小時,"：星期五 1700-1900, 星期六 1930-2230, 星期日 1000-1300, 導師必須在以上時段補習","： 願意支付額外交通金額(HKD): 14.00, 期望最快上課時間:2星期內,會考慮HKDSE導師",0-5位導師,6/6/2026 下午7:11:02
220924,中一,綜合科學(英文),每小時$160 - 210,油塘(上門補習),2026-06-06 21:51:39,：油翠苑,一星期1堂,每堂1.5小時,：,： 不接受視像,0-5位導師,6/6/2026 下午10:14:03
220923,小四,全科(中文),每小時$150 - 190,藍田(上門補習),2026-06-06 21:41:23,：廣田邨,一星期3堂,每堂2小時,"：星期一 1630, 星期二 1630, 星期三 1630, 星期四 1630, 時間可再商議","： 有耐性, 細心, 指導功課, 願意支付額外交通金額(HKD): 30.00, 期望最快上課時間:2星期內,粵語授課,不接受視像",0-5位導師,6/6/2026 下午10:14:04
220922,中五,數學(英文),每小時$300,大圍(上門補習),2026-06-06 21:23:17,：名城,一星期1堂,每堂1.5小時,"：星期五 1700-1830, 星期六 1600-1730, 時間可再商議","： 有耐性, 提供練習／試題, 有經驗, DGS 舊生,期望最快上課時間:1個月後,粵語授課,不接受視像",0-5位導師,6/6/2026 下午10:14:05
220921,中五,會計(英文),每小時$200 - 240,沙田(上門或視像皆可),2026-06-06 20:40:36,：大圍名城,一星期2堂,每堂2小時,,,0-5位導師,6/6/2026 下午10:14:07
220920,國際學校 year11,English Language(英文),每小時$380,將軍澳(上門補習),2026-06-06 20:29:13,：將軍澳中心,一星期2堂,每堂1.5小時,"：星期一 1000-1700, 星期二 1400-1700, 星期三 1400-1700, 星期四 1400-1700, 星期五 1400-1700, 星期六 1400-1700, 星期日 1000-1700, 時間可再商議","： 期望最快上課時間:一個月內,不接受視像",0-5位導師,6/6/2026 下午10:14:08
220919,中五,中史,每小時$250 - 290,上水(上門補習),2026-06-06 20:25:33,：上水,一星期1堂,每堂1.5小時,,,0-5位導師,6/6/2026 下午10:14:10
220926,小一,全科(中文),每小時$140 - 180,沙田(上門補習),2026-06-06 23:28:36,：新城巿廣場,一星期2堂,每堂1.5小時,"：星期一 1730-1900, 星期二 1730-1900, 星期三 1730-1900, 星期四 1730-1900, 星期五 1730-1900, 時間可再商議","： 有耐性, 有愛心, 期望最快上課時間:1個月後,粵語授課,不接受視像",0-5位導師,6/6/2026 下午11:43:38
220925,year11,English Literature(英文),每小時$380 - 400,大埔(上門補習),2026-06-06 22:24:08,：倚龍山莊,一星期2堂,每堂1.5小時,"：星期三 1700-1930, 星期六 1100-1230, 時間可再商議",： 期望最快上課時間:2星期內,0-5位導師,6/6/2026 下午11:43:39
220927,中六,中史及地理,每小時$180 - 200,寶琳(公眾地方),2026-06-07 00:13:41,：星巴克,一星期2堂,每堂1.5小時,"：星期一 1800-1930, 星期二 1730-1900, 導師必須在以上時段補習","： 提供筆記, 提供練習／試題, 期望最快上課時間:1個月後,不接受視像",0-5位導師,7/6/2026 上午12:51:54
220929,小五,全科(英文),每小時$150 - 180,北角(上門補習),2026-06-07 01:46:48,：僑裕大廈,一星期3堂,每堂2小時,"：星期一 1630-1830, 星期三 1630-1830, 星期五 1630-1830, 導師必須在以上時段補習","： 嚴格, 提供練習／試題, 長補, 期望最快上課時間:一個月內",0-5位導師,7/6/2026 上午2:02:23
220928,小五,全科(英文),每小時$150 - 190,北角(上門補習),2026-06-07 01:37:16,：和富道僑裕大廈（地鐵站行5分鐘）,一星期3堂,每堂2小時,"：星期一 1630-1830, 星期三 1630-1830, 星期五 1630-1830, 時間可再商議","： 嚴格, 有耐性, 提供筆記, 期望最快上課時間:1個月後,粵語授課、全英文授課,不接受視像",0-5位導師,7/6/2026 上午2:02:24
220931,中三,全科(英文),每小時$110 - 160,啟德(上門或視像皆可),2026-06-07 02:42:22,：天寰,一星期2堂,每堂1.5小時,"：星期一 1700-1800, 星期五 1700-1800, 導師必須在以上時段補習","： 細心, 互動教學, 提供練習／試題, 期望最快上課時間:3天內",0-5位導師,7/6/2026 上午3:44:40
220930,小四,功課(英文),每小時$100 - 200,啟德(上門補習),2026-06-07 02:33:45,：天寰,一星期2堂,每堂1小時,"：星期一 1700-1800, 導師必須在以上時段補習","： 提供練習／試題, 互動教學, 有經驗, 期望最快上課時間:3天內",0-5位導師,7/6/2026 上午3:44:41
220936,中四,中文,每小時$170 - 220,觀塘(公眾地方),2026-06-07 12:30:07,：安泰邨美心,一星期2堂,每堂1.5小時,"：星期一 18:00-19:30, 星期日 12:00pm","： 必須有耐性的導師,不接受視像, 暑假時間可議",0-5位導師,7/6/2026 下午12:59:03
220935,大專或以上 master,Python,每小時$180 - 220,視像補習,2026-06-07 11:33:30,,一星期2堂,每堂1.5小時,"：星期一 2100, 星期二 2100, 星期三 2100, 星期四 2100, 星期五 2100, 星期六 2100, 星期日 2100, 時間可再商議","： 有耐性, 期望最快上課時間:3天內",0-5位導師,7/6/2026 下午12:59:04
220934,中一,西史(英文),每小時$160 - 200,視像補習,2026-06-07 11:13:01,,一星期1堂,每堂1小時,"：星期三 1600-2000, 星期四 1600-2000, 星期五 1600-2000, 導師必須在以上時段補習","： 嚴格, 有耐性, 本身就讀中文小學,9月升讀中一英文中學, 所以想早些讓她適應西史及地理的英文課程,期望最快上課時間:2星期內,全英文授課",0-5位導師,7/6/2026 下午12:59:05
220933,小五,功課(中文),每小時$120 - 150,赤柱(上門補習),2026-06-07 11:11:45,,一星期5堂,每堂2小時,,： 不接受視像,0-5位導師,7/6/2026 下午12:59:07
220932,中一,英文,每小時$180 - 260,調景嶺(上門補習),2026-06-07 09:54:39,：都會駅,一星期2堂,每堂1.5小時,"：星期一 1600-1800, 星期二 1600-1800, 星期四 1600-1800, 時間可再商議","： 提供練習／試題, 期望最快上課時間:2星期內,粵語授課,不接受視像",6-10位導師,7/6/2026 下午12:59:08
220942,中四,英文,每小時$200 - 240,觀塘(上門補習),2026-06-07 15:50:45,：翠屏南村,一星期1堂,每堂2小時,"：星期一 1800-2000, 星期二 1800-2000, 星期三 1800-2000, 星期四 1800-20000, 星期六 1700-2100, 星期日 0900-1800, 時間可再商議","： 期望最快上課時間:一個月內,粵語授課、全英文授課、普通話授課,不接受視像",0-5位導師,7/6/2026 下午4:27:51
220941,中四,數學(英文),每小時$230-250,馬灣(上門補習),2026-06-07 14:18:39,,一星期1堂,每堂1.5小時,：,"： 5**,不接受視像",0-5位導師,7/6/2026 下午4:27:53
220940,中四,英文,每小時$250 - 290,屯門(上門補習),2026-06-07 14:18:17,：冠峰園,一星期3堂,每堂1.5小時,"：星期二 1700-1900, 星期五 1700-1900, 星期六 1000-1300, 星期日 1000-1800",： 不接受視像,0-5位導師,7/6/2026 下午4:27:54
220939,中一,英文,每小時$230 - 270,鴨脷洲(上門補習),2026-06-07 14:18:02,：凱玥,一星期2堂,每堂2小時,"：星期三 1800-1900, 星期日 1700-1800, 時間可再商議","： 要港大男導師，期望最快上課時間:一個月內,全英文授課,不接受視像",0-5位導師,7/6/2026 下午4:27:55
220938,小五,數學(英文),每小時$250 - 310,粉嶺(上門補習),2026-06-07 14:05:18,：粉嶺圍,一星期2堂,每堂2小時,,"： 有耐性, 提供筆記, 提供練習／試題, 不接受視像",0-5位導師,7/6/2026 下午4:27:56
220937,小一,中文,每小時$140 - 180,馬料水(上門補習),2026-06-07 12:39:48,：中文大學,一星期2堂,每堂1.5小時,"：星期四 1630-1730, 星期六 1500-1600, 時間可再商議","： 有耐性, CUHK學生,期望最快上課時間:一個月內,粵語授課,不接受視像",0-5位導師,7/6/2026 下午4:27:58
220948,year5,中文,每小時$250 - 380,美孚(上門補習),2026-06-07 18:26:45,：美孚新邨（近美孚地鐵站）,一星期3堂,每堂1小時,"：星期二 19:30-20:30, 星期三 19:30-20:30, 星期四 19:30-20:30, 星期五 19:30-20:30, 星期六 13:00-14:00, 導師必須在以上時段補習","： 【要全職補習老師，需普通話教繁體字】同學國際學校五年級，中文程度差，應該只有二年級 ；暑假想星期一至五都有堂, 同學不喜歡中文對中文有專注力問題，其他學科沒有問題，老師要有耐性及有趣味教學幫助；不接受視像",0-5位導師,7/6/2026 下午6:53:14
220947,中二,"中文,中史",每小時$160 - 220,大埔(上門補習),2026-06-07 18:23:20,：大埔新峰花園,一星期2堂,每堂1.5小時,"：星期一 1600-1730, 星期六 1100-1230, 時間可再商議","： 有耐性, 提供練習／試題, 提升寫作能力, 有讀寫障礙,期望最快上課時間:7天內,粵語授課,有特殊學習需要,不接受視像",0-5位導師,7/6/2026 下午6:53:15
220944,35-40歲,數學(中文),每小時$180 - 210,柴灣(上門補習),2026-06-07 18:06:08,：興華二村,一星期1堂,每堂2小時,"：星期六 0900-1400, 星期日 0900-1400, 時間可再商議","： 期望最快上課時間:7天內,粵語授課,不接受視像",0-5位導師,7/6/2026 下午6:53:17
220945,35-40歲,M1(中文),每小時$180 - 210,柴灣(上門補習),2026-06-07 18:06:08,：興華二村,一星期1堂,每堂2小時,"：星期六 0900-1400, 星期日 0900-1400, 時間可再商議","： 期望最快上課時間:7天內,粵語授課,不接受視像",0-5位導師,7/6/2026 下午6:53:18
220946,35-40歲,M2(中文),每小時$180 - 210,柴灣(上門補習),2026-06-07 18:06:08,：興華二村,一星期1堂,每堂2小時,"：星期六 0900-1400, 星期日 0900-1400, 時間可再商議","： 期望最快上課時間:7天內,粵語授課,不接受視像",0-5位導師,7/6/2026 下午6:53:18
220943,40+歲,AI 學習(英文),每小時$180 - 220,鰂魚涌(上門補習),2026-06-07 17:26:56,：kornville ** minutes from MTR Taikoo Station Exit B,一星期1堂,每堂2小時,"：星期六 0830-1030, 導師必須在以上時段補習","： I am working on personal project. And I would like to hire a personal tutor to provide me IT support,期望最快上課時間:2星期內,不接受視像",0-5位導師,7/6/2026 下午6:53:19
